Sale_ID,Sale_Date,Sale_Date_Flag,Year,Month,Quarter,Region,Country,Dealer_Name,Model,Segment,Fuel_Type,CUSAtomer_Segment,Customer_Segment_Cleaned,Currency,Currency_Cleaned,Units_Sold,Unit_Price_Local,Discount_Pct,Total_Revenue_Local,Total_Revenue_Local_Flag,Revenue_EUR,COGS_EUR,Gross_Profit_EUR,Customer_Age,Customer_Age_Flag,CUSAtomer_Gender,Satisfaction_Score,Satisfactory_Score_Flag
BMW-2206,07-01-2034,CORRUPTED,2021,6,Q2,China,China,Beijing Luxury Motors,BMW 7 Series,Sedan,Hybrid,Lease,Lease,CNY,CNY,5,757151.85,2.15,3785759.25,OK,479210.03,352624.25,126585.78,68,OK,Male,-1,BAD SCORE
BMW-4583,02-06-2033,CORRUPTED,2024,1,Q1,China,China,Shenzhen Auto,BMW iX,Electric,Electric,lease,Lease,CNY,CNY,3,681247.18,5.16,2043741.53,OK,258701.46,196400.87,62300.59,35,OK,Prefer not to say,-1,BAD SCORE
BMW-3271,14-03-2033,CORRUPTED,2022,9,Q3,China,China,Shenzhen Auto,BMW X5,SUV,Petrol,Corporate Fleet,Corporate Fleet,CNY,CNY,3,576613.17,1.82,1729839.51,OK,218967.03,160582.43,58384.59,25,OK,Female,-1,BAD SCORE
BMW-3573,22-04-2032,CORRUPTED,2023,1,Q1,China,China,Shanghai BMW,BMW 2 Series,Coupe,Petrol,Lease,Lease,CNY,CNY,3,287938.41,4.14,863815.23,OK,109343.7,82126.87,27216.83,44,OK,Female,-1,BAD SCORE
BMW-4462,24-11-2030,CORRUPTED,2023,12,Q4,USA,USA,Miami Auto Group,BMW 5 Series,Sedan,Hybrid,Lease,Lease,USD,USD,8,62558.74,6.8,500469.89,OK,459146.69,354704.86,104441.83,40,OK,Prefer not to say,-1,BAD SCORE
BMW-4161,10-09-2029,CORRUPTED,2023,8,Q3,UAE,UAE,Abu Dhabi Motors,BMW iX,Electric,Electric,Individual,Individual,AED,AED,1,363293.37,2.86,363293.37,OK,90823.34,67319.31,23504.04,54,OK,Female,-1,BAD SCORE
BMW-3868,19-10-2028,CORRUPTED,2023,5,Q2,USA,USA,Miami Auto Group,BMW X3,SUV,Diesel,Corporate Fleet,Corporate Fleet,USD,USD,5,56170.52,6.98,280852.59,OK,257662.92,199445.78,58217.14,27,OK,Female,-1,BAD SCORE
BMW-3513,27-10-2027,CORRUPTED,2022,12,Q4,UAE,UAE,Dubai BMW,BMW 3 Series,Sedan,Petrol,Individual,Individual,AED,AED,1,176919.23,5.94,176919.23,OK,44229.81,33857.47,10372.34,35,OK,Prefer not to say,-1,BAD SCORE
BMW-3991,12-07-2027,CORRUPTED,2023,6,Q2,Australia,Australia,Melbourne Auto Group,BMW 7 Series,Sedan,Petrol,Individual,Individual,AUD,AUD,1,147573.64,3.33,147573.64,OK,89438.57,66616.54,22822.02,39,OK,Prefer not to say,-1,BAD SCORE
BMW-3857,07-06-2027,CORRUPTED,2023,5,Q2,USA,USA,New York BMW,BMW i7,Electric,Electric,Individual,Individual,USD,USD,1,138559.69,1.22,138559.69,OK,127118.98,92658.97,34460,33,OK,Prefer not to say,-1,BAD SCORE
BMW-4118,15-04-2027,CORRUPTED,2023,8,Q3,USA,USA,Beverly Hills BMW,BMW M5,M Sport,Hybrid,Individual,Individual,USD,USD,1,128052.48,5.04,128052.48,OK,117479.34,89072.02,28407.32,46,OK,Female,-1,BAD SCORE
BMW-2662,13-03-2027,CORRUPTED,2022,1,Q1,Germany,Germany,BMW Munich HQ,BMW i7,Electric,Electric,individual,Individual,EUR,EUR,1,123329.51,4.46,123329.51,OK,123329.51,92940.55,30388.96,61,OK,Prefer not to say,-1,BAD SCORE
BMW-4086,21-03-2026,CORRUPTED,2023,7,Q3,Australia,Australia,Sydney BMW,BMW 5 Series,Sedan,Diesel,Individual,Individual,AUD,AUD,1,89130.12,4.27,89130.12,OK,54018.26,40626.56,13391.7,46,OK,Female,-1,BAD SCORE
BMW-4283,03-03-2026,CORRUPTED,2023,10,Q4,USA,USA,Chicago Motors,BMW 3 Series,Sedan,Diesel,Corporate Fleet,Corporate Fleet,USD,USD,2,43775.43,7.92,87550.87,OK,80321.9,62803.63,17518.27,64,OK,Prefer not to say,-1,BAD SCORE
BMW-2459,05-12-2025,CORRUPTED,2021,10,Q4,USA,USA,Miami Auto Group,BMW X5,SUV,Petrol,Corporate Fleet,Corporate Fleet,USD,USD,1,82363.84,0.53,82363.84,OK,75563.15,54694.5,20868.65,27,OK,Male,-1,BAD SCORE
BMW-5377,09-10-2025,CORRUPTED,2024,10,Q4,Australia,Australia,Melbourne Auto Group,BMW 3 Series,Sedan,Hybrid,Individual,Individual,AUD,AUD,1,78523.32,2.87,78523.32,OK,47589.89,35276.55,12313.35,34,OK,Male,-1,BAD SCORE
BMW-4717,17-04-2025,CORRUPTED,2024,3,Q1,USA,USA,Miami Auto Group,BMW 5 Series,Sedan,Diesel,Individual,Individual,USD,USD,1,68766.54,3.28,68766.54,OK,63088.57,46962.24,16126.33,44,OK,Prefer not to say,-1,BAD SCORE
BMW-3026,05-10-2024,CORRUPTED,2022,6,Q2,USA,USA,Chicago Motors,BMW X3,SUV,Diesel,individual,Individual,USD,USD,1,61001.04,0.63,61001.04,OK,55964.26,40549.56,15414.7,46,OK,Male,-1,BAD SCORE
BMW-5518,25-04-2024,CORRUPTED,2024,12,Q4,UK,UK,Manchester Prestige,BMW i4,Electric,Electric,Individual,Individual,GBP,GBP,1,55857.58,7.78,55857.58,OK,64950.68,50707.13,14243.55,39,OK,Prefer not to say,-1,BAD SCORE
BMW-4788,12-07-2023,CORRUPTED,2024,4,Q2,USA,USA,Dallas BMW,BMW 3 Series,Sedan,Hybrid,Individual,Individual,USD,USD,1,45133.82,6.16,45133.82,OK,41407.17,31768.53,9638.64,32,OK,Male,-1,BAD SCORE
BMW-3097,26-10-2022,CORRUPTED,2022,7,Q3,Germany,Germany,Hamburg Drive,BMW 3 Series,Sedan,Diesel,Government,Government,EUR,EUR,5,46665.46,0.32,2333.273,OK,233327.3,168531.06,64796.24,57,OK,Female,-1,BAD SCORE
BMW-4609,25-10-2034,CORRUPTED,2024,1,Q1,South Africa,South Africa,Johannesburg Motors,BMW X5,SUV,Hybrid,Lease,Lease,ZAR,ZAR,8,1493277.13,2.62,11946217.01,OK,597310.85,441656.54,155654.31,42,OK,Female,0,BAD SCORE
BMW-2489,24-12-2033,CORRUPTED,2021,10,Q4,India,India,Delhi Prestige Auto,BMW 3 Series,Sedan,Petrol,Individual,Individual,INR,INR,1,3643969.64,7.17,3643969.64,OK,40043.62,31057.13,8986.5,27,OK,Male,0,BAD SCORE
BMW-3892,17-07-2033,CORRUPTED,2023,5,Q2,China,China,Shenzhen Auto,BMW i4,Electric,Electric,Corporate Fleet,Corporate Fleet,CNY,CNY,4,564894.19,3.18,2259576.76,OK,286022.37,212706.62,73315.75,28,OK,Female,0,BAD SCORE
BMW-4847,15-04-2033,CORRUPTED,2024,4,Q2,South Africa,South Africa,Cape Town BMW,BMW iX,Electric,Electric,Individual,Individual,ZAR,ZAR,1,1818910.2,1.17,1818910.2,OK,90945.51,66254.03,24691.48,68,OK,Female,0,BAD SCORE
BMW-3217,13-08-2031,CORRUPTED,2022,8,Q3,UAE,UAE,Dubai BMW,BMW X5,SUV,Petrol,Lease,Lease,AED,AED,2,320035.17,2.64,640070.35,OK,160017.59,118336.51,41681.08,35,OK,Male,0,BAD SCORE
BMW-3246,25-05-2031,CORRUPTED,2022,9,Q3,USA,USA,New York BMW,BMW X5,SUV,Hybrid,Corporate Fleet,Corporate Fleet,USD,USD,7,84965.78,3.88,594760.47,OK,545651.81,408737.49,136914.31,27,OK,Prefer not to say,0,BAD SCORE
BMW-2312,21-04-2031,CORRUPTED,2021,8,Q3,USA,USA,Dallas BMW,BMW 7 Series,Sedan,Petrol,Corporate Fleet,Corporate Fleet,USD,USD,6,96045.42,5.65,576272.5,OK,528690.36,403464.22,125226.14,70,OK,Female,0,BAD SCORE
BMW-2915,20-06-2030,CORRUPTED,2022,4,Q2,China,China,,BMW 5 Series,Sedan,,Individual,Individual,CNY,CNY,1,438344.85,,438344.85,OK,55486.69,41726.59,13760.1,,BAD AGE,,0,BAD SCORE
BMW-1194,13-04-2030,CORRUPTED,2020,3,Q1,Australia,Australia,Melbourne Auto Group,BMW X3,SUV,Diesel,Corporate Fleet,Corporate Fleet,AUD,AUD,5,83857.46,1.31,419287.29,OK,254113.51,185388.93,68724.58,50,OK,Male,0,BAD SCORE
BMW-4068,28-11-2029,CORRUPTED,2023,7,Q3,China,China,Shenzhen Auto,BMW X3,SUV,Petrol,Individual,Individual,CNY,CNY,1,386375.5,1.76,386375.5,OK,48908.29,35844.26,13064.03,37,OK,Prefer not to say,0,BAD SCORE
BMW-2195,25-09-2029,CORRUPTED,2021,6,Q2,UK,UK,Edinburgh Motors,BMW 7 Series,Sedan,Diesel,Government,Government,GBP,GBP,4,91627.93,0.39,366511.71,OK,426176.41,308060.05,118116.35,63,OK,Female,0,BAD SCORE
BMW-2514,21-04-2028,CORRUPTED,2021,11,Q4,Germany,Germany,Hamburg Drive,BMW X3,SUV,Hybrid,Lease,Lease,EUR,EUR,4,56632.2,2.25,226528.79,OK,226528.79,166858.07,59670.72,41,OK,Male,0,BAD SCORE
BMW-3516,16-04-2026,CORRUPTED,2022,12,Q4,Australia,Australia,,BMW X3,SUV,,Individual,Individual,AUD,AUD,1,91200.44,,91200.44,OK,55272.99,41101.57,14171.42,,BAD AGE,,0,BAD SCORE
BMW-1210,17-11-2025,CORRUPTED,2020,4,Q2,Germany,Germany,Hamburg Drive,BMW X5,SUV,Hybrid,Individual,Individual,EUR,EUR,1,81034.39,1.23,81034.39,OK,81034.39,59069.43,21964.96,67,OK,Prefer not to say,0,BAD SCORE
BMW-1356,01-11-2025,CORRUPTED,2020,6,Q2,USA,USA,Beverly Hills BMW,BMW X5,SUV,Diesel,individual,Individual,USD,USD,1,80073.12,5.05,80073.12,OK,73461.58,55706.92,17754.66,38,OK,Prefer not to say,0,BAD SCORE
BMW-5471,14-06-2025,CORRUPTED,2024,12,Q4,Germany,Germany,Hamburg Drive,BMW X5,SUV,Diesel,Individual,Individual,EUR,EUR,1,72611.01,7.11,72611.01,OK,72611.01,56283.12,16327.89,50,OK,Male,0,BAD SCORE
BMW-3321,28-08-2024,CORRUPTED,2022,10,Q4,USA,USA,New York BMW,BMW X3,SUV,Hybrid,Individual,Individual,USD,USD,1,59474.9,4.09,59474.9,OK,54564.13,40962.48,13601.65,27,OK,Male,0,BAD SCORE
BMW-3763,20-01-2024,CORRUPTED,2023,4,Q2,Germany,Germany,Stuttgart Motors,BMW X3,SUV,Diesel,corporate fleet,Corporate Fleet,EUR,EUR,1,52477.45,5.9,52477.45,OK,52477.45,40154.32,12323.12,64,OK,Male,0,BAD SCORE
BMW-1407,16-10-2023,CORRUPTED,2020,7,Q3,Germany,Germany,Hamburg Drive,BMW X3,SUV,Petrol,Individual,Individual,EUR,EUR,1,48624.99,6.24,48624.99,OK,48624.99,37341.69,11283.31,38,OK,Male,0,BAD SCORE
BMW-3728,21-05-2029,CORRUPTED,2023,3,Q1,China,China,Guangzhou BMW,BMW 3 Series,Sedan,Hybrid,Individual,Individual,CNY,CNY,1,338546.24,5.18,338546.24,OK,42853.95,32541.02,10312.94,43,OK,Prefer not to say,1.8,OK
BMW-3529,13-07-2024,CORRUPTED,2023,1,Q1,Germany,Germany,Stuttgart Motors,BMW 5 Series,Sedan,Petrol,Individual,Individual,EUR,EUR,1,58209.26,1.06,58209.26,OK,58209.26,42358.52,15850.74,50,OK,Prefer not to say,1.9,OK
BMW-2881,28-02-2026,CORRUPTED,2022,4,Q2,USA,USA,Miami Auto Group,BMW iX,Electric,Electric,Individual,Individual,USD,USD,1,87359.36,6.5,87359.36,OK,80146.2,61718.09,18428.11,53,OK,Prefer not to say,2,OK
BMW-2579,17-12-2028,CORRUPTED,2021,11,Q4,UAE,UAE,Dubai BMW,BMW X5,SUV,Diesel,Individual,Individual,AED,AED,1,300919.06,6.66,300919.06,OK,75229.76,58027.47,17202.3,-5,BAD AGE,Female,2.2,OK
BMW-4715,15-01-2025,CORRUPTED,2024,3,Q1,USA,USA,New York BMW,BMW 5 Series,Sedan,Petrol,Individual,Individual,USD,USD,1,64509.03,5.28,64509.03,OK,59182.59,44986.78,14195.82,38,OK,Male,2.2,OK
BMW-3720,03-12-2022,CORRUPTED,2023,3,Q1,UK,UK,London BMW Centre,BMW 2 Series,Coupe,Petrol,Individual,Individual,Gbp,GBP,1,31012.75,7.24,31012.75,OK,36061.34,27989.42,8071.92,61,OK,Prefer not to say,2.2,OK
BMW-1661,08-06-2033,CORRUPTED,2020,10,Q4,UAE,UAE,Dubai BMW,BMW X5,SUV,Diesel,Lease,Lease,AED,AED,7,295103.9,5.78,2065727.33,OK,516431.83,394648.11,121783.72,62,OK,Prefer not to say,2.3,OK
BMW-1981,06-06-2025,CORRUPTED,2021,3,Q1,USA,USA,Beverly Hills BMW,BMW i4,Electric,Electric,Individual,Individual,USD,USD,1,72078.39,6.01,72078.39,OK,66126.96,50655.51,15471.45,51,OK,Female,2.3,OK
BMW-2794,07-02-2025,CORRUPTED,2022,3,Q1,Germany,Germany,BMW Munich HQ,BMW i4,Electric,Electric,Individual,Individual,EUR,EUR,1,65613.16,1.2,65613.16,OK,65613.16,47812.93,17800.23,36,OK,Male,2.3,OK
BMW-4642,04-05-2024,CORRUPTED,2024,2,Q1,UK,UK,London BMW Centre,BMW i4,Electric,Electric,Lease,Lease,GBP,GBP,1,56008.31,7.61,56008.31,OK,65125.95,50752.03,14373.92,32,OK,Male,2.3,OK
BMW-3186,30-09-2022,CORRUPTED,2022,8,Q3,USA,USA,Miami Auto Group,BMW 2 Series,Coupe,Hybrid,Individual,Individual,USD,USD,1,39929.52,7.53,399.2952,OK,36632.59,28522.56,8110.02,56,OK,Prefer not to say,2.3,OK
BMW-2643,01-01-2035,CORRUPTED,2021,12,Q4,India,India,Mumbai BMW,BMW 2 Series,Coupe,Hybrid,Lease,Lease,INR,INR,8,3706157.02,3.06,29649256.16,OK,325816,241989.76,83826.24,55,OK,Prefer not to say,2.4,OK
BMW-2005,04-09-2034,CORRUPTED,2021,3,Q1,India,India,Delhi Prestige Auto,BMW 3 Series,Sedan,Petrol,Corporate Fleet,Corporate Fleet,INR,INR,2,4404957.15,0.95,8809914.3,OK,96812.25,70372.76,26439.49,38,OK,Prefer not to say,2.4,OK
BMW-3494,20-05-2031,CORRUPTED,2022,12,Q4,China,China,Beijing Luxury Motors,BMW X5,SUV,Diesel,Individual,Individual,CNY,CNY,1,591166.73,3.71,591166.73,OK,74831.23,55956.82,18874.41,60,OK,Female,2.4,OK
BMW-2533,03-09-2030,CORRUPTED,2021,11,Q4,USA,USA,Chicago Motors,BMW i4,Electric,Electric,corporate fleet,Corporate Fleet,USD,USD,7,66681.6,5.01,466771.2,OK,428230.46,324602.88,103627.57,25,OK,Male,2.4,OK
BMW-5260,04-02-2030,CORRUPTED,2024,9,Q3,UK,UK,Manchester Prestige,BMW X3,SUV,Petrol,Corporate Fleet,Corporate Fleet,Gbp,GBP,8,50724.33,0.81,405794.6,OK,471854.19,342516.35,129337.83,48,OK,Female,2.4,OK
BMW-2527,06-05-2028,CORRUPTED,2021,11,Q4,USA,USA,Chicago Motors,BMW M5,M Sport,Hybrid,Corporate Fleet,Corporate Fleet,USD,USD,2,115236.51,3.38,230473.02,OK,211443.13,157567.18,53875.95,31,OK,Male,2.4,OK
BMW-2535,18-09-2027,CORRUPTED,2021,11,Q4,USA,USA,New York BMW,BMW 2 Series,Coupe,Diesel,corporate fleet,Corporate Fleet,USD,USD,4,40806.86,7.33,163227.43,OK,149749.93,116353.36,33396.57,66,OK,Female,2.4,OK
BMW-4209,16-09-2026,CORRUPTED,2023,9,Q3,USA,USA,Beverly Hills BMW,BMW iX,Electric,Electric,Individual,Individual,USD,USD,1,102195.16,0.81,102195.16,OK,93757.03,68058.1,25698.93,56,OK,Prefer not to say,2.4,OK
BMW-3613,14-09-2022,CORRUPTED,2023,2,Q1,Germany,Germany,BMW Munich HQ,BMW 5 Series,Sedan,Hybrid,corporate fleet,Corporate Fleet,EUR,EUR,2,60955.33,3.1,-121910.66,BAD REVENUE,121910.66,90581.01,31329.65,32,OK,Female,2.4,OK
BMW-4579,07-08-2033,CORRUPTED,2024,1,Q1,China,China,Beijing Luxury Motors,BMW 3 Series,Sedan,Hybrid,Government,Government,CNY,CNY,8,302216.76,7.14,2417734.08,OK,306042.29,237299.18,68743.11,61,OK,Prefer not to say,2.5,OK
BMW-4082,22-09-2032,CORRUPTED,2023,7,Q3,UAE,UAE,Abu Dhabi Motors,BMW 5 Series,Sedan,Hybrid,government,Government,AED,AED,5,224443.21,2.45,1122216.05,OK,280554.01,207081.03,73472.98,53,OK,Prefer not to say,2.5,OK
BMW-4031,02-06-2031,CORRUPTED,2023,7,Q3,USA,USA,Miami Auto Group,BMW X5,SUV,Petrol,Corporate Fleet,Corporate Fleet,USD,USD,7,85469.22,4.39,598284.54,OK,548884.9,413323.99,135560.91,44,OK,Male,2.5,OK
BMW-1231,18-01-2025,CORRUPTED,2020,4,Q2,UK,UK,Edinburgh Motors,BMW X5,SUV,Petrol,Individual,Individual,GBP,GBP,1,64615.04,3.27,64615.04,OK,75133.77,55924.99,19208.78,34,OK,Female,2.5,OK
BMW-5240,09-09-2024,CORRUPTED,2024,9,Q3,USA,USA,Chicago Motors,BMW 5 Series,Sedan,Petrol,Individual,Individual,USD,USD,1,59778.91,1.65,59778.91,OK,54843.04,40147.67,14695.37,65,OK,Prefer not to say,2.5,OK
BMW-2812,02-08-2024,CORRUPTED,2022,3,Q1,USA,USA,New York BMW,BMW 5 Series,Sedan,Diesel,Individual,Individual,USD,USD,1,58506.05,7.06,58506.05,OK,53675.27,41581.86,12093.41,61,OK,Female,2.5,OK
BMW-4392,11-07-2034,CORRUPTED,2023,11,Q4,China,China,Beijing Luxury Motors,BMW M5,M Sport,Petrol,Government,Government,CNY,CNY,7,979490.4,4.42,6856432.81,OK,867902.89,653801.03,214101.86,25,OK,Prefer not to say,2.6,OK
BMW-4849,28-06-2034,CORRUPTED,2024,4,Q2,South Africa,South Africa,Johannesburg Motors,BMW 3 Series,Sedan,Petrol,Corporate Fleet,Corporate Fleet,ZAR,ZAR,7,959208.62,0.87,6714460.33,OK,335723.02,243838.32,91884.7,47,OK,Male,2.6,OK
BMW-2774,03-01-2034,CORRUPTED,2022,2,Q1,India,India,Mumbai BMW,BMW 3 Series,Sedan,Petrol,Individual,Individual,INR,INR,1,3737098.94,1.76,3737098.94,OK,41067.02,30096.48,10970.54,69,OK,Male,2.6,OK
BMW-1392,22-05-2033,CORRUPTED,2020,6,Q2,UAE,UAE,Dubai BMW,BMW iX,Electric,Electric,Corporate Fleet,Corporate Fleet,AED,AED,6,332374,6.91,1994243.97,OK,498560.99,385595.74,112965.26,37,OK,Female,2.6,OK
BMW-4056,06-11-2031,CORRUPTED,2023,7,Q3,China,China,Shenzhen Auto,BMW iX,Electric,Electric,lease,Lease,CNY,CNY,1,700512.13,4.99,700512.13,OK,88672.42,67196.59,21475.84,59,OK,Prefer not to say,2.6,OK
BMW-3990,17-02-2031,CORRUPTED,2023,6,Q2,Australia,Australia,Melbourne Auto Group,BMW iX,Electric,Electric,corporate fleet,Corporate Fleet,AUD,AUD,4,135285.43,4.65,541141.73,OK,327964.69,247647.33,80317.36,28,OK,Male,2.6,OK
BMW-4379,01-07-2030,CORRUPTED,2023,11,Q4,China,China,Shenzhen Auto,BMW X3,SUV,Hybrid,Lease,Lease,CNY,CNY,1,441901.82,2.72,441901.82,OK,55936.94,41401.07,14535.87,35,OK,Male,2.6,OK
BMW-4992,16-01-2029,CORRUPTED,2024,6,Q2,China,China,Shenzhen Auto,BMW 2 Series,Coupe,Diesel,Corporate Fleet,Corporate Fleet,CNY,CNY,1,306471.73,1.54,306471.73,OK,38793.89,28367.27,10426.62,63,OK,Prefer not to say,2.6,OK
BMW-1763,01-05-2028,CORRUPTED,2020,12,Q4,Germany,Germany,BMW Munich HQ,BMW 3 Series,Sedan,Diesel,Lease,Lease,EUR,EUR,6,38103.26,7.78,228619.56,OK,228619.56,178501.78,50117.78,52,OK,Female,2.6,OK
BMW-4982,10-03-2027,CORRUPTED,2024,6,Q2,USA,USA,Beverly Hills BMW,BMW M5,M Sport,Petrol,individual,Individual,USD,USD,1,122940.82,3.53,122940.82,OK,112789.74,84182.05,28607.69,51,OK,Male,2.6,OK
BMW-5049,25-02-2027,CORRUPTED,2024,7,Q3,USA,USA,Beverly Hills BMW,BMW X3,SUV,Petrol,Corporate Fleet,Corporate Fleet,USD,USD,2,60563,1.73,121125.99,OK,111124.76,81415.82,29708.94,36,OK,Female,2.6,OK
BMW-3381,02-01-2026,CORRUPTED,2022,11,Q4,Germany,Germany,AutohaUSA Berlin,BMW M3,M Sport,Diesel,Individual,Individual,EUR,EUR,1,83781.49,2.03,83781.49,OK,83781.49,61570.83,22210.66,67,OK,Prefer not to say,2.6,OK
BMW-2952,17-07-2025,CORRUPTED,2022,5,Q2,USA,USA,Miami Auto Group,BMW X5,SUV,Diesel,Individual,Individual,USD,USD,1,74579.16,6.54,74579.16,OK,68421.25,52712.39,15708.85,999,BAD AGE,Prefer not to say,2.6,OK
BMW-2091,14-03-2025,CORRUPTED,2021,5,Q2,Germany,Germany,Hamburg Drive,BMW i4,Electric,Electric,Individual,Individual,EUR,EUR,1,67284.39,7.96,67284.39,OK,67284.39,52637.07,14647.32,39,OK,Male,2.6,OK
BMW-5108,10-10-2032,CORRUPTED,2024,7,Q3,UAE,UAE,Dubai BMW,BMW X5,SUV,Diesel,Government,Government,AED,AED,4,302299.65,6.02,1209198.58,OK,302299.65,231598.31,70701.34,48,OK,Male,2.7,OK
BMW-1460,05-09-2031,CORRUPTED,2020,7,Q3,Australia,Australia,Melbourne Auto Group,BMW X3,SUV,Petrol,Government,Government,AUD,AUD,8,81944.63,5.9,655557.04,OK,397307.3,303993.39,93313.91,54,OK,Female,2.7,OK
BMW-2827,01-02-2031,CORRUPTED,2022,3,Q1,China,China,Shanghai BMW,BMW X5,SUV,Hybrid,Individual,Individual,CNY,CNY,1,529958.18,1.93,529958.18,OK,67083.31,49250.5,17832.82,40,OK,Female,2.7,OK
BMW-3273,22-01-2030,CORRUPTED,2022,9,Q3,China,China,Beijing Luxury Motors,BMW X3,SUV,Petrol,individual,Individual,CNY,CNY,1,401911.42,1.25,401911.42,OK,50874.86,37092.07,13782.79,33,OK,Male,2.7,OK
BMW-1219,23-10-2029,CORRUPTED,2020,4,Q2,USA,USA,Chicago Motors,BMW X3,SUV,Petrol,Lease,Lease,USD,USD,6,62492.61,2.77,374955.69,OK,343996.04,254735.27,89260.77,61,OK,Female,2.7,OK
BMW-1577,18-09-2029,CORRUPTED,2020,9,Q3,China,China,Guangzhou BMW,BMW 3 Series,Sedan,Diesel,Individual,Individual,CNY,CNY,1,364771.78,4.37,364771.78,OK,46173.64,34765.38,11408.27,28,OK,Prefer not to say,2.7,OK
BMW-5011,14-03-2029,CORRUPTED,2024,6,Q2,UAE,UAE,Dubai BMW,BMW M3,M Sport,Hybrid,Individual,Individual,AED,AED,1,320697.37,5.2,320697.37,OK,80174.34,60894.86,19279.48,39,OK,Male,2.7,OK
BMW-3119,12-05-2028,CORRUPTED,2022,7,Q3,UK,UK,Edinburgh Motors,BMW 3 Series,Sedan,Diesel,Corporate Fleet,Corporate Fleet,GBP,GBP,6,38795,6.9,232770.02,OK,270662.81,209323.48,61339.33,68,OK,Prefer not to say,2.7,OK
BMW-2146,28-07-2027,CORRUPTED,2021,5,Q2,UAE,UAE,Dubai BMW,BMW 2 Series,Coupe,Diesel,Individual,Individual,AED,AED,1,150086.63,4.09,150086.63,OK,37521.66,28168.73,9352.93,27,OK,Prefer not to say,2.7,OK
BMW-1774,15-01-2027,CORRUPTED,2020,12,Q4,USA,USA,Dallas BMW,BMW 2 Series,Coupe,Diesel,Lease,Lease,USD,USD,3,38545.76,4.11,115637.28,OK,106089.24,79658.9,26430.34,27,OK,Male,2.7,OK
BMW-3850,19-11-2025,CORRUPTED,2023,5,Q2,Germany,Germany,Hamburg Drive,BMW iX,Electric,Electric,Individual,Individual,EUR,EUR,1,81106.51,4.05,81106.51,OK,81106.51,60862.85,20243.65,60,OK,Male,2.7,OK
BMW-1709,18-09-2025,CORRUPTED,2020,11,Q4,UK,UK,Edinburgh Motors,BMW iX,Electric,Electric,Individual,Individual,GBP,GBP,1,77549.77,6.18,77549.77,OK,90174.15,69204.56,20969.59,35,OK,Female,2.7,OK
BMW-4871,08-04-2025,CORRUPTED,2024,5,Q2,Germany,Germany,Hamburg Drive,BMW i4,Electric,Electric,Individual,Individual,EUR,EUR,1,68330.2,0.84,68330.2,OK,68330.2,49616.84,18713.36,59,OK,Prefer not to say,2.7,OK
BMW-3403,24-05-2024,CORRUPTED,2022,11,Q4,UK,UK,Edinburgh Motors,BMW i4,Electric,Electric,individual,Individual,GBP,GBP,1,56827.23,3.98,56827.23,OK,66078.17,49546.88,16531.29,55,OK,Prefer not to say,2.7,OK
BMW-5073,02-03-2024,CORRUPTED,2024,7,Q3,UK,UK,London BMW Centre,BMW i4,Electric,Electric,Individual,Individual,GBP,GBP,1,53896.75,2.34,53896.75,OK,62670.64,46202.2,16468.44,47,OK,Prefer not to say,2.7,OK
BMW-4797,26-08-2023,CORRUPTED,2024,4,Q2,UK,UK,Manchester Prestige,BMW X3,SUV,Hybrid,Individual,Individual,GBP,GBP,1,46720.73,7.79,46720.73,OK,54326.43,42418.14,11908.28,70,OK,Male,2.7,OK
BMW-1163,16-03-2023,CORRUPTED,2020,3,Q1,UK,UK,Manchester Prestige,BMW 3 Series,Sedan,Petrol,Individual,Individual,gbp,GBP,1,40110.62,0.31,40110.62,OK,46640.25,33686.92,12953.33,54,OK,Male,2.7,OK
BMW-5237,11-09-2022,CORRUPTED,2024,9,Q3,USA,USA,Chicago Motors,BMW i4,Electric,Electric,Corporate Fleet,Corporate Fleet,USD,USD,2,69473.72,7.11,-138947.44,BAD REVENUE,127474.72,98806.78,28667.93,45,OK,Prefer not to say,2.7,OK
BMW-2073,29-11-2034,CORRUPTED,2021,4,Q2,India,India,Bangalore Motors,BMW 5 Series,Sedan,Diesel,Lease,Lease,INR,INR,4,4994725.37,2.07,19978901.46,OK,219548.37,161414.05,58134.32,51,OK,Female,2.8,OK
BMW-2075,23-07-2034,CORRUPTED,2021,4,Q2,India,India,Bangalore Motors,BMW M3,M Sport,Petrol,Individual,Individual,INR,INR,1,7175546.24,2.37,7175546.24,OK,78852.16,58150.23,20701.92,37,OK,Female,2.8,OK
BMW-3827,25-03-2034,CORRUPTED,2023,4,Q2,India,India,Mumbai BMW,BMW X3,SUV,Petrol,individual,Individual,INR,INR,1,4869451.07,3.78,4869451.07,OK,53510.45,40040.95,13469.5,35,OK,Prefer not to say,2.8,OK
BMW-1654,30-12-2033,CORRUPTED,2020,10,Q4,India,India,Mumbai BMW,BMW 2 Series,Coupe,Diesel,Individual,Individual,INR,INR,1,3694081.48,3.09,3694081.48,OK,40594.3,30160.56,10433.74,55,OK,Male,2.8,OK
BMW-2898,09-12-2033,CORRUPTED,2022,4,Q2,China,China,Beijing Luxury Motors,BMW 5 Series,Sedan,Hybrid,Corporate Fleet,Corporate Fleet,CNY,CNY,8,438845.9,3.09,3510767.23,OK,444400.92,330170.57,114230.34,31,OK,Prefer not to say,2.8,OK
BMW-2645,24-02-2032,CORRUPTED,2021,12,Q4,UAE,UAE,Abu Dhabi Motors,BMW X7,SUV,Diesel,Corporate Fleet,Corporate Fleet,AED,AED,2,396009.74,5.18,792019.48,OK,198004.87,150354.52,47650.35,26,OK,Prefer not to say,2.8,OK
BMW-1732,29-12-2031,CORRUPTED,2020,11,Q4,China,China,Shanghai BMW,BMW iX,Electric,Electric,Individual,Individual,CNY,CNY,1,735770.89,3.68,735770.89,OK,93135.56,69617.66,23517.89,48,OK,Male,2.8,OK
BMW-2631,25-04-2031,CORRUPTED,2021,12,Q4,China,China,Beijing Luxury Motors,BMW X5,SUV,Diesel,Individual,Individual,CNY,CNY,1,578420.6,5.31,578420.6,OK,73217.8,55671.83,17545.97,57,OK,Female,2.8,OK
BMW-4569,01-04-2031,CORRUPTED,2024,1,Q1,China,China,Beijing Luxury Motors,BMW X5,SUV,Diesel,lease,Lease,CNY,CNY,1,565683.81,0.42,565683.81,OK,71605.55,51772.13,19833.41,50,OK,Female,2.8,OK
BMW-1961,08-08-2030,CORRUPTED,2021,2,Q1,UAE,UAE,Abu Dhabi Motors,BMW M5,M Sport,Petrol,Individual,Individual,AED,AED,1,457634.47,7.28,457634.47,OK,114408.62,88846.54,25562.08,65,OK,Male,2.8,OK
BMW-4810,01-08-2030,CORRUPTED,2024,4,Q2,China,China,Shanghai BMW,BMW X3,SUV,Hybrid,Individual,Individual,CNY,CNY,1,454595.82,1.67,454595.82,OK,57543.77,42134.89,15408.88,0,BAD AGE,Prefer not to say,2.8,OK
BMW-1836,13-07-2029,CORRUPTED,2021,1,Q1,Germany,Germany,Hamburg Drive,BMW X3,SUV,Petrol,corporate fleet,Corporate Fleet,EUR,EUR,7,49857.15,4.12,349000.03,OK,349000.03,262077.74,86922.29,63,OK,Male,2.8,OK
BMW-3903,27-05-2029,CORRUPTED,2023,5,Q2,UAE,UAE,Dubai BMW,BMW M3,M Sport,Petrol,Individual,Individual,AED,AED,1,339101.82,2.14,339101.82,OK,84775.45,62373.96,22401.49,68,OK,Male,2.8,OK
BMW-2519,25-11-2028,CORRUPTED,2021,11,Q4,Germany,Germany,Hamburg Drive,BMW 2 Series,Coupe,Petrol,lease,Lease,EUR,EUR,7,42013.43,3.8,294093.98,OK,294093.98,220103.38,73990.6,58,OK,Prefer not to say,2.8,OK
BMW-1841,10-09-2028,CORRUPTED,2021,1,Q1,Germany,Germany,AutohaUSA Berlin,BMW iX,Electric,Electric,Corporate Fleet,Corporate Fleet,EUR,EUR,3,89986.91,1.55,269960.73,OK,269960.73,197433.73,72526.99,27,OK,Female,2.8,OK
BMW-1865,25-07-2028,CORRUPTED,2021,1,Q1,UK,UK,London BMW Centre,BMW X3,SUV,Diesel,corporate fleet,Corporate Fleet,GBP,GBP,5,50870.04,0.53,254350.19,OK,295756.04,214084.38,81671.65,68,OK,Female,2.8,OK
BMW-1362,28-05-2028,CORRUPTED,2020,6,Q2,UK,UK,Edinburgh Motors,BMW 5 Series,Sedan,Petrol,Corporate Fleet,Corporate Fleet,GBP,GBP,5,47465.71,1.36,237328.57,OK,275963.46,201429.22,74534.23,40,OK,Prefer not to say,2.8,OK
BMW-2419,14-11-2027,CORRUPTED,2021,9,Q3,UAE,UAE,Abu Dhabi Motors,BMW 3 Series,Sedan,Diesel,Individual,Individual,AED,AED,1,185727.17,0.51,185727.17,OK,46431.79,33603.19,12828.6,52,OK,Male,2.8,OK
BMW-2783,17-04-2026,CORRUPTED,2022,2,Q1,Australia,Australia,Melbourne Auto Group,BMW X3,SUV,Hybrid,Individual,Individual,AUD,AUD,1,91262.27,0.57,91262.27,OK,55310.47,40053.39,15257.07,32,OK,Male,2.8,OK
BMW-2166,29-03-2026,CORRUPTED,2021,6,Q2,Germany,Germany,AutohaUSA Berlin,BMW 7 Series,Sedan,Diesel,Individual,Individual,EUR,EUR,1,89819.07,3.33,89819.07,OK,89819.07,66895.03,22924.04,44,OK,Female,2.8,OK
BMW-2460,25-02-2026,CORRUPTED,2021,10,Q4,USA,USA,Beverly Hills BMW,BMW X5,SUV,Diesel,Individual,Individual,USD,USD,1,87234.14,2.88,87234.14,OK,80031.32,59331.59,20699.74,25,OK,Male,2.8,OK
BMW-1852,16-04-2025,CORRUPTED,2021,1,Q1,USA,USA,Chicago Motors,BMW 5 Series,Sedan,Diesel,individual,Individual,USD,USD,1,68635.98,4.93,68635.98,OK,62968.78,47688.77,15280.01,66,OK,Prefer not to say,2.8,OK
BMW-4515,08-01-2024,CORRUPTED,2024,1,Q1,Germany,Germany,BMW Munich HQ,BMW X3,SUV,Diesel,Individual,Individual,EUR,EUR,1,52184.47,7.06,52184.47,OK,52184.47,40428.04,11756.42,36,OK,Prefer not to say,2.8,OK
BMW-2889,20-11-2023,CORRUPTED,2022,4,Q2,UK,UK,Edinburgh Motors,BMW 5 Series,Sedan,Diesel,Individual,Individual,GBP,GBP,1,49784.31,6.95,49784.31,OK,57888.73,44793.2,13095.54,25,OK,Prefer not to say,2.8,OK
BMW-2417,20-10-2034,CORRUPTED,2021,9,Q3,India,India,Mumbai BMW,BMW 3 Series,Sedan,Petrol,Corporate Fleet,Corporate Fleet,INR,INR,3,3907320.27,1.54,11721960.81,OK,128812.76,94193.95,34618.81,57,OK,Male,2.9,OK
BMW-2562,16-04-2033,CORRUPTED,2021,11,Q4,China,China,Guangzhou BMW,BMW X3,SUV,Diesel,corporate fleet,Corporate Fleet,CNY,CNY,4,457363.07,0.11,1829452.3,OK,231576.24,166912.24,64664,29,OK,Female,2.9,OK
BMW-4262,23-03-2033,CORRUPTED,2023,9,Q3,South Africa,South Africa,Cape Town BMW,BMW 7 Series,Sedan,Petrol,Individual,Individual,ZAR,ZAR,1,1755593.33,7.64,1755593.33,OK,87779.67,68428.71,19350.96,70,OK,Female,2.9,OK
BMW-3443,28-08-2032,CORRUPTED,2022,11,Q4,South Africa,South Africa,Cape Town BMW,BMW 5 Series,Sedan,Diesel,Individual,Individual,ZAR,ZAR,1,1052720.74,6.44,1052720.74,OK,52636.04,40506.63,12129.41,68,OK,Female,2.9,OK
BMW-1038,24-04-2032,CORRUPTED,2020,1,Q1,China,China,Shanghai BMW,BMW 5 Series,Sedan,Petrol,Lease,Lease,CNY,CNY,2,432181.84,7.77,864363.68,OK,109413.12,85418.07,23995.05,40,OK,Female,2.9,OK
BMW-4481,20-03-2032,CORRUPTED,2023,12,Q4,China,China,Beijing Luxury Motors,BMW X7,SUV,Petrol,Individual,Individual,CNY,CNY,1,814166.26,6.17,814166.26,OK,103059.02,79083.87,23975.15,46,OK,Male,2.9,OK
BMW-3740,28-02-2032,CORRUPTED,2023,3,Q1,China,China,Beijing Luxury Motors,BMW X3,SUV,Diesel,Lease,Lease,CNY,CNY,2,397274,4.01,794548,OK,100575.7,75436.39,25139.3,63,OK,Prefer not to say,2.9,OK
BMW-1092,20-08-2031,CORRUPTED,2020,2,Q1,USA,USA,Miami Auto Group,BMW X5,SUV,Hybrid,Corporate Fleet,Corporate Fleet,USD,USD,8,80851.58,1.39,646812.64,OK,593406.09,433255.64,160150.45,52,OK,Prefer not to say,2.9,OK
BMW-3594,03-03-2031,CORRUPTED,2023,1,Q1,Australia,Australia,Sydney BMW,BMW M3,M Sport,Hybrid,corporate fleet,Corporate Fleet,AUD,AUD,4,138691.82,3.38,554767.29,OK,336222.6,250556.63,85665.97,60,OK,Female,2.9,OK
BMW-5336,08-04-2030,CORRUPTED,2024,10,Q4,USA,USA,Dallas BMW,BMW iX,Electric,Electric,Corporate Fleet,Corporate Fleet,USD,USD,4,104739.46,0.31,418957.85,OK,384365,277616.06,106748.94,49,OK,Prefer not to say,2.9,OK
BMW-2845,07-04-2030,CORRUPTED,2022,3,Q1,UAE,UAE,Dubai BMW,BMW X7,SUV,Hybrid,individual,Individual,AED,AED,1,418748.44,0.6,418748.44,OK,104687.11,75826.21,28860.9,46,OK,Prefer not to say,2.9,OK
BMW-4324,27-01-2030,CORRUPTED,2023,10,Q4,UAE,UAE,Abu Dhabi Motors,BMW X7,SUV,Diesel,Individual,Individual,AED,AED,1,402579.22,5.24,402579.22,OK,100644.81,76471.52,24173.29,60,OK,Female,2.9,OK
BMW-3735,14-12-2029,CORRUPTED,2023,3,Q1,China,China,Beijing Luxury Motors,BMW X3,SUV,Hybrid,Individual,Individual,CNY,CNY,1,391111.59,3.59,391111.59,OK,49507.8,36971.34,12536.46,39,OK,Female,2.9,OK
BMW-1599,30-08-2029,CORRUPTED,2020,9,Q3,Australia,Australia,Sydney BMW,BMW 5 Series,Sedan,Diesel,Corporate Fleet,Corporate Fleet,AUD,AUD,4,90042.59,4.89,360170.36,OK,218285.06,165239.23,53045.83,59,OK,Male,2.9,OK
BMW-2534,17-08-2029,CORRUPTED,2021,11,Q4,USA,USA,Miami Auto Group,BMW 5 Series,Sedan,Hybrid,Lease,Lease,USD,USD,6,59449.85,7.97,356699.09,OK,327246.88,256009.3,71237.57,35,OK,Prefer not to say,2.9,OK
BMW-1563,18-10-2028,CORRUPTED,2020,9,Q3,USA,USA,Dallas BMW,BMW i7,Electric,Electric,Corporate Fleet,Corporate Fleet,USD,USD,2,140398.84,3.67,280797.68,OK,257612.55,192555.77,65056.78,57,OK,Male,2.9,OK
BMW-2044,25-08-2028,CORRUPTED,2021,4,Q2,USA,USA,Beverly Hills BMW,BMW X3,SUV,Diesel,Corporate Fleet,Corporate Fleet,USD,USD,5,52720.57,6.54,263602.87,OK,241837.49,186304.4,55533.09,67,OK,Prefer not to say,2.9,OK
BMW-2669,22-08-2028,CORRUPTED,2022,1,Q1,Germany,Germany,Hamburg Drive,BMW 5 Series,Sedan,Petrol,Lease,Lease,EUR,EUR,4,65759.67,0.38,263038.7,OK,263038.7,190114.58,72924.12,62,OK,Male,2.9,OK
BMW-5480,06-06-2028,CORRUPTED,2024,12,Q4,Germany,Germany,BMW Munich HQ,BMW M3,M Sport,Petrol,lease,Lease,EUR,EUR,3,79790.19,4.13,239370.57,OK,239370.57,179772.37,59598.2,57,OK,Male,2.9,OK
BMW-1565,08-05-2028,CORRUPTED,2020,9,Q3,UK,UK,London BMW Centre,BMW 3 Series,Sedan,Diesel,Lease,Lease,GBP,GBP,6,38550.78,5.21,231304.69,OK,268958.94,204292.4,64666.54,68,OK,Female,2.9,OK
BMW-3114,27-09-2027,CORRUPTED,2022,7,Q3,USA,USA,New York BMW,BMW X5,SUV,Hybrid,Corporate Fleet,Corporate Fleet,USD,USD,2,82734.79,2.06,165469.57,OK,151806.95,111596.48,40210.46,36,OK,Female,2.9,OK
BMW-2954,19-03-2027,CORRUPTED,2022,5,Q2,USA,USA,Chicago Motors,BMW 3 Series,Sedan,Hybrid,Corporate Fleet,Corporate Fleet,USD,USD,3,41533.25,6.97,124599.74,OK,114311.69,88473.13,25838.56,31,OK,Male,2.9,OK
BMW-3359,04-09-2026,CORRUPTED,2022,10,Q4,Australia,Australia,Melbourne Auto Group,BMW 5 Series,Sedan,Petrol,Individual,Individual,AUD,AUD,1,101110.07,3.01,101110.07,OK,61278.83,45489.23,15789.61,44,OK,Prefer not to say,2.9,OK
BMW-4892,15-07-2026,CORRUPTED,2024,5,Q2,UK,UK,Edinburgh Motors,BMW M5,M Sport,Diesel,Individual,Individual,GBP,GBP,1,96666.59,5.61,96666.59,OK,112403.01,85742.73,26660.28,40,OK,Prefer not to say,2.9,OK
BMW-3194,28-06-2026,CORRUPTED,2022,8,Q3,UK,UK,Manchester Prestige,BMW 5 Series,Sedan,Hybrid,Corporate Fleet,Corporate Fleet,GBP,GBP,2,47907.54,1.25,95815.08,OK,111412.88,81233.22,30179.66,65,OK,Prefer not to say,2.9,OK
BMW-3396,25-12-2024,CORRUPTED,2022,11,Q4,USA,USA,New York BMW,BMW 5 Series,Sedan,Diesel,Individual,Individual,USD,USD,1,63849.17,4.32,63849.17,OK,58577.22,44079.95,14497.26,55,OK,Male,2.9,OK
BMW-5231,27-11-2024,CORRUPTED,2024,9,Q3,USA,USA,Miami Auto Group,BMW X3,SUV,Hybrid,Individual,Individual,USD,USD,1,62666.09,0.37,62666.09,OK,57491.82,41548.5,15943.32,70,OK,Prefer not to say,2.9,OK
BMW-4711,16-11-2024,CORRUPTED,2024,3,Q1,USA,USA,New York BMW,BMW 5 Series,Sedan,Petrol,Individual,Individual,USD,USD,1,62246.4,5.64,62246.4,OK,57106.79,43573.84,13532.95,39,OK,Prefer not to say,2.9,OK
BMW-3927,26-03-2024,CORRUPTED,2023,6,Q2,Germany,Germany,Hamburg Drive,BMW 5 Series,Sedan,Hybrid,Individual,Individual,EUR,EUR,1,54883.39,1.67,54883.39,OK,54883.39,40187.15,14696.24,57,OK,Female,2.9,OK
BMW-3412,20-09-2023,CORRUPTED,2022,11,Q4,UK,UK,Edinburgh Motors,BMW X3,SUV,Diesel,Individual,Individual,GBP,GBP,1,47498.67,0.05,47498.67,OK,55231.01,39784.69,15446.32,30,OK,Male,2.9,OK
BMW-1029,04-04-2023,CORRUPTED,2020,1,Q1,UK,UK,Edinburgh Motors,BMW 3 Series,Sedan,Diesel,Individual,Individual,GBP,GBP,1,41008.86,1.99,41008.86,OK,47684.73,35031.65,12653.07,0,BAD AGE,Prefer not to say,2.9,OK
BMW-4962,31-01-2023,CORRUPTED,2024,6,Q2,Germany,Germany,AutohaUSA Berlin,BMW 2 Series,Coupe,Petrol,Individual,Individual,EUR,EUR,1,37284.71,4.74,37284.71,OK,37284.71,28181.6,9103.12,63,OK,Male,2.9,OK
BMW-4435,19-01-2023,CORRUPTED,2023,12,Q4,Germany,Germany,Hamburg Drive,BMW 2 Series,Coupe,Diesel,Individual,Individual,EUR,EUR,1,36748.59,2.41,36748.59,OK,36748.59,27112.78,9635.81,36,OK,Male,2.9,OK
BMW-4500,30-01-2035,CORRUPTED,2023,12,Q4,India,India,Bangalore Motors,BMW iX,Electric,Electric,Corporate Fleet,Corporate Fleet,INR,INR,6,7574165.91,5.44,45444995.46,OK,499395.55,380231.4,119164.16,53,OK,Female,3,OK
BMW-1131,01-11-2034,CORRUPTED,2020,2,Q1,South Africa,South Africa,Johannesburg Motors,BMW iX,Electric,Electric,Lease,Lease,ZAR,ZAR,8,1549088.97,7.8,12392711.72,OK,619635.59,483854.88,135780.71,46,OK,Prefer not to say,3,OK
BMW-5287,02-10-2034,CORRUPTED,2024,9,Q3,India,India,Bangalore Motors,BMW M5,M Sport,Diesel,Individual,Individual,INR,INR,1,10433955.39,7.32,10433955.39,OK,114658.85,89071.01,25587.84,54,OK,Male,3,OK
BMW-4321,08-08-2034,CORRUPTED,2023,10,Q4,India,India,Mumbai BMW,BMW iX,Electric,Electric,Individual,Individual,INR,INR,1,7656322.34,1.63,7656322.34,OK,84135.41,61582.89,22552.52,66,OK,Male,3,OK
BMW-3971,03-06-2034,CORRUPTED,2023,6,Q2,India,India,Bangalore Motors,BMW X5,SUV,Diesel,Individual,Individual,INR,INR,1,5947817.94,6.7,5947817.94,OK,65360.64,50436.59,14924.05,46,OK,Prefer not to say,3,OK
BMW-1178,24-01-2034,CORRUPTED,2020,3,Q1,China,China,Shenzhen Auto,BMW iX,Electric,Electric,Lease,Lease,CNY,CNY,6,666525.95,5.17,3999155.72,OK,506222.24,384340.17,121882.07,32,OK,Female,3,OK
BMW-5545,21-07-2033,CORRUPTED,2024,12,Q4,China,China,Beijing Luxury Motors,BMW X7,SUV,Hybrid,government,Government,CNY,CNY,3,758277.37,3.39,2274832.1,OK,287953.43,214610.12,73343.31,26,OK,Female,3,OK
BMW-2433,04-05-2033,CORRUPTED,2021,9,Q3,South Africa,South Africa,Cape Town BMW,BMW X7,SUV,Diesel,Individual,Individual,ZAR,ZAR,1,1900482.09,4.63,1900482.09,OK,95024.1,71742.26,23281.85,29,OK,Prefer not to say,3,OK
BMW-1132,30-04-2033,CORRUPTED,2020,2,Q1,South Africa,South Africa,Johannesburg Motors,BMW iX,Electric,Electric,Individual,Individual,ZAR,ZAR,1,1884707.63,5.59,1884707.63,OK,94235.38,71863.25,22372.13,37,OK,Prefer not to say,3,OK
BMW-4495,30-03-2033,CORRUPTED,2023,12,Q4,China,China,Guangzhou BMW,BMW 2 Series,Coupe,Petrol,Lease,Lease,CNY,CNY,6,295596.13,5.27,1773576.78,OK,224503.39,170640.37,53863.02,25,OK,Prefer not to say,3,OK
BMW-3747,25-01-2033,CORRUPTED,2023,3,Q1,UAE,UAE,Dubai BMW,BMW 7 Series,Sedan,Hybrid,Lease,Lease,AED,AED,4,384803.62,2.36,1539214.47,OK,384803.62,283747.06,101056.55,53,OK,Male,3,OK
BMW-1517,24-01-2033,CORRUPTED,2020,8,Q3,China,China,Guangzhou BMW,BMW X3,SUV,Diesel,Lease,Lease,CNY,CNY,4,383587.55,7.53,1534350.18,OK,194221.54,151219.43,43002.11,55,OK,Female,3,OK
BMW-1607,22-10-2032,CORRUPTED,2020,9,Q3,South Africa,South Africa,Cape Town BMW,BMW i4,Electric,Electric,Individual,Individual,ZAR,ZAR,1,1244434.13,7.26,1244434.13,OK,62221.71,48307.16,13914.55,34,OK,Female,3,OK
BMW-2936,20-10-2032,CORRUPTED,2022,4,Q2,South Africa,South Africa,Cape Town BMW,BMW 5 Series,Sedan,Petrol,Individual,Individual,ZAR,ZAR,1,1243219.71,3.88,1243219.71,OK,62160.99,46563.53,15597.46,26,OK,Prefer not to say,3,OK
BMW-2363,18-09-2032,CORRUPTED,2021,8,Q3,South Africa,South Africa,Cape Town BMW,BMW 5 Series,Sedan,Hybrid,Individual,Individual,ZAR,ZAR,1,1108595.3,2.84,1108595.3,OK,55429.77,41075.3,14354.46,68,OK,Male,3,OK
BMW-2587,08-09-2032,CORRUPTED,2021,11,Q4,South Africa,South Africa,Cape Town BMW,BMW 5 Series,Sedan,Hybrid,Individual,Individual,ZAR,ZAR,1,1081318.01,5.94,1081318.01,OK,54065.9,41383.99,12681.91,47,OK,Female,3,OK
BMW-2656,25-04-2032,CORRUPTED,2021,12,Q4,South Africa,South Africa,Johannesburg Motors,BMW 3 Series,Sedan,Diesel,Individual,Individual,ZAR,ZAR,1,865092.75,3.64,865092.75,OK,43254.64,32321.03,10933.61,28,OK,Prefer not to say,3,OK
BMW-2414,22-12-2031,CORRUPTED,2021,9,Q3,China,China,Beijing Luxury Motors,BMW 7 Series,Sedan,Hybrid,Individual,Individual,CNY,CNY,1,729257.37,2.78,729257.37,OK,92311.06,68367.6,23943.46,27,OK,Male,3,OK
BMW-2904,27-11-2031,CORRUPTED,2022,4,Q2,China,China,Beijing Luxury Motors,BMW 7 Series,Sedan,Hybrid,Individual,Individual,CNY,CNY,1,714160.28,4.03,714160.28,OK,90400.04,67823.03,22577.01,57,OK,Female,3,OK
BMW-5522,16-08-2031,CORRUPTED,2024,12,Q4,UK,UK,Edinburgh Motors,BMW X7,SUV,Diesel,Corporate Fleet,Corporate Fleet,GBP,GBP,7,91549.01,5.14,640843.1,OK,745166.39,565567.99,179598.4,38,OK,Prefer not to say,3,OK
BMW-4070,24-02-2031,CORRUPTED,2023,7,Q3,China,China,Shenzhen Auto,BMW X5,SUV,Hybrid,Individual,Individual,CNY,CNY,1,548453.62,1.89,548453.62,OK,69424.51,50950.85,18473.66,59,OK,Prefer not to say,3,OK
BMW-3767,10-11-2030,CORRUPTED,2023,4,Q2,Germany,Germany,Hamburg Drive,BMW M3,M Sport,Petrol,Corporate Fleet,Corporate Fleet,EUR,EUR,6,82219.57,6,493317.44,OK,493317.44,377859.75,115457.69,48,OK,Prefer not to say,3,OK
BMW-3177,11-10-2030,CORRUPTED,2022,8,Q3,USA,USA,Chicago Motors,BMW iX,Electric,Electric,Lease,Lease,USD,USD,5,95929.58,3.81,479647.92,OK,440043.96,329394.88,110649.09,69,OK,Prefer not to say,3,OK
BMW-3622,16-07-2030,CORRUPTED,2023,2,Q1,USA,USA,Beverly Hills BMW,BMW i4,Electric,Electric,Lease,Lease,USD,USD,6,74615.23,6.96,447691.39,OK,410726.05,317855.7,92870.35,69,OK,Prefer not to say,3,OK
BMW-5057,03-07-2030,CORRUPTED,2024,7,Q3,USA,USA,New York BMW,BMW X3,SUV,Petrol,Corporate Fleet,Corporate Fleet,USD,USD,8,55291.31,4.53,442330.51,OK,405807.81,306044.32,99763.48,33,OK,Prefer not to say,3,OK
BMW-4061,08-06-2030,CORRUPTED,2023,7,Q3,China,China,Guangzhou BMW,BMW 5 Series,Sedan,Hybrid,Individual,Individual,CNY,CNY,1,435879.15,1.4,435879.15,OK,55174.58,40289.74,14884.84,50,OK,Prefer not to say,3,OK
BMW-1526,09-12-2029,CORRUPTED,2020,8,Q3,UAE,UAE,Abu Dhabi Motors,BMW X3,SUV,Hybrid,Corporate Fleet,Corporate Fleet,AED,AED,2,194729.37,4.26,389458.75,OK,97364.69,73221.34,24143.35,26,OK,Female,3,OK
BMW-2665,17-05-2029,CORRUPTED,2022,1,Q1,Germany,Germany,AutohaUSA Berlin,BMW 3 Series,Sedan,Diesel,Corporate Fleet,Corporate Fleet,EUR,EUR,8,42144.18,3.52,337153.43,OK,337153.43,251619.62,85533.81,39,OK,Male,3,OK
BMW-1076,08-05-2029,CORRUPTED,2020,2,Q1,Germany,Germany,BMW Munich HQ,BMW X3,SUV,Hybrid,Lease,Lease,EUR,EUR,7,47919.83,3.72,335438.83,OK,335438.83,250859.95,84578.88,25,OK,Female,3,OK
BMW-5133,31-12-2028,CORRUPTED,2024,8,Q3,Germany,Germany,BMW Munich HQ,BMW X3,SUV,Petrol,Corporate Fleet,Corporate Fleet,EUR,EUR,6,50542.42,5.7,303254.5,OK,303254.5,231544.25,71710.25,47,OK,Male,3,OK
BMW-1185,03-12-2028,CORRUPTED,2020,3,Q1,UAE,UAE,Abu Dhabi Motors,BMW X5,SUV,Diesel,Individual,Individual,AED,AED,1,296965.48,1.94,296965.48,OK,74241.37,54510.9,19730.47,48,OK,Female,3,OK
BMW-4206,01-07-2028,CORRUPTED,2023,9,Q3,USA,USA,New York BMW,BMW X3,SUV,Diesel,Lease,Lease,USD,USD,4,62150.1,0.55,248600.39,OK,228073.75,165115.98,62957.77,999,BAD AGE,Female,3,OK
BMW-5520,19-06-2028,CORRUPTED,2024,12,Q4,UK,UK,London BMW Centre,BMW 2 Series,Coupe,Petrol,corporate fleet,Corporate Fleet,GBP,GBP,8,30605.97,1.5,244847.74,OK,284706.67,208119.73,76586.94,68,OK,Male,3,OK
BMW-2079,21-05-2028,CORRUPTED,2021,4,Q2,UAE,UAE,Abu Dhabi Motors,BMW 5 Series,Sedan,Diesel,Individual,Individual,AED,AED,1,234573.98,7.2,234573.98,OK,58643.5,45500.3,13143.2,33,OK,Female,3,OK
BMW-2252,28-02-2028,CORRUPTED,2021,7,Q3,UK,UK,Edinburgh Motors,BMW iX,Electric,Electric,Lease,Lease,GBP,GBP,3,71020.02,1.5,213060.06,OK,247744.26,181086.73,66657.54,70,OK,Prefer not to say,3,OK
BMW-2023,02-07-2027,CORRUPTED,2021,3,Q1,Australia,Australia,Sydney BMW,BMW iX,Electric,Electric,Individual,Individual,AUD,AUD,1,145251.56,0.31,145251.56,OK,88031.25,63582.25,24449,49,OK,Prefer not to say,3,OK
BMW-4886,06-04-2027,CORRUPTED,2024,5,Q2,USA,USA,New York BMW,BMW M5,M Sport,Petrol,Individual,Individual,USD,USD,1,126785.51,7.72,126785.51,OK,116316.98,90758.07,25558.9,30,OK,Male,3,OK
BMW-5298,05-03-2027,CORRUPTED,2024,9,Q3,Australia,Australia,Sydney BMW,BMW i4,Electric,Electric,Individual,Individual,AUD,AUD,1,122402.63,0.46,122402.63,OK,74183.41,53661.03,20522.38,35,OK,Female,3,OK
BMW-3316,04-12-2026,CORRUPTED,2022,10,Q4,USA,USA,Dallas BMW,BMW X7,SUV,Hybrid,Individual,Individual,USD,USD,1,110744.09,2.86,110744.09,OK,101600.08,75304.21,26295.88,33,OK,Male,3,OK
BMW-1931,19-11-2026,CORRUPTED,2021,2,Q1,UK,UK,Manchester Prestige,BMW M5,M Sport,Petrol,Individual,Individual,GBP,GBP,1,108648.95,1.1,108648.95,OK,126335.99,91971.01,34364.98,27,OK,Male,3,OK
BMW-3874,24-03-2026,CORRUPTED,2023,5,Q2,UK,UK,London BMW Centre,BMW 7 Series,Sedan,Hybrid,individual,Individual,GBP,GBP,1,89244.77,2.52,89244.77,OK,103772.99,76648.44,27124.55,57,OK,Prefer not to say,3,OK
BMW-2118,04-01-2026,CORRUPTED,2021,5,Q2,UK,UK,Manchester Prestige,BMW X7,SUV,Hybrid,Individual,Individual,GBP,GBP,1,83871.15,4.81,83871.15,OK,97524.6,73769.3,23755.3,69,OK,Prefer not to say,3,OK
BMW-4703,29-12-2025,CORRUPTED,2024,3,Q1,USA,USA,Beverly Hills BMW,BMW M3,M Sport,Diesel,Individual,Individual,USD,USD,1,83527.42,6.54,83527.42,OK,76630.66,59032.35,17598.31,62,OK,Prefer not to say,3,OK
BMW-1988,15-11-2025,CORRUPTED,2021,3,Q1,USA,USA,Miami Auto Group,BMW X5,SUV,Diesel,individual,Individual,USD,USD,1,80988.12,2.3,80988.12,OK,74301.02,54758.12,19542.9,66,OK,Male,3,OK
BMW-4510,23-02-2025,CORRUPTED,2023,12,Q4,Australia,Australia,Melbourne Auto Group,BMW 2 Series,Coupe,Petrol,Individual,Individual,AUD,AUD,1,66386.55,3.45,66386.55,OK,40234.28,30004.1,10230.18,57,OK,Male,3,OK
BMW-2319,30-12-2024,CORRUPTED,2021,8,Q3,USA,USA,Dallas BMW,BMW 5 Series,Sedan,Hybrid,Individual,Individual,USD,USD,1,63966.97,4.8,63966.97,OK,58685.29,44386.01,14299.28,41,OK,Male,3,OK
BMW-3714,28-10-2024,CORRUPTED,2023,3,Q1,USA,USA,New York BMW,BMW X3,SUV,Petrol,Individual,Individual,USD,USD,1,61504.77,2,61504.77,OK,56426.39,41456.32,14970.08,36,OK,Female,3,OK
BMW-1546,27-07-2024,CORRUPTED,2020,9,Q3,Germany,Germany,AutohaUSA Berlin,BMW X3,SUV,Petrol,Individual,Individual,EUR,EUR,1,58461.76,1.63,58461.76,OK,58461.76,42790,15671.76,53,OK,Female,3,OK
BMW-5335,14-07-2024,CORRUPTED,2024,10,Q4,USA,USA,Miami Auto Group,BMW X3,SUV,Diesel,Individual,Individual,USD,USD,1,58210.02,2.98,58210.02,OK,53403.69,39631.43,13772.26,150,BAD AGE,Male,3,OK
BMW-3370,25-05-2024,CORRUPTED,2022,11,Q4,Germany,Germany,AutohaUSA Berlin,BMW 5 Series,Sedan,Hybrid,Individual,Individual,EUR,EUR,1,56843.25,4.51,56843.25,OK,56843.25,42862.11,13981.14,40,OK,Female,3,OK
BMW-3469,14-05-2024,CORRUPTED,2022,12,Q4,USA,USA,Beverly Hills BMW,BMW X3,SUV,Petrol,individual,Individual,USD,USD,1,56491.65,1.34,56491.65,OK,51827.2,37821.28,14005.92,43,OK,Male,3,OK
BMW-5150,03-03-2024,CORRUPTED,2024,8,Q3,USA,USA,New York BMW,BMW X3,SUV,Petrol,Individual,Individual,USD,USD,1,53910.66,7.04,53910.66,OK,49459.32,38308.71,11150.61,55,OK,Male,3,OK
BMW-3539,04-02-2024,CORRUPTED,2023,1,Q1,USA,USA,New York BMW,BMW 3 Series,Sedan,Hybrid,Individual,Individual,USD,USD,1,53119.77,0.55,53119.77,OK,48733.74,35282.35,13451.39,53,OK,Female,3,OK
BMW-2122,14-11-2023,CORRUPTED,2021,5,Q2,UK,UK,Manchester Prestige,BMW 5 Series,Sedan,Petrol,Individual,Individual,GBP,GBP,1,49604.5,6.98,49604.5,OK,57679.65,44643.36,13036.29,69,OK,Female,3,OK
BMW-1624,21-10-2023,CORRUPTED,2020,10,Q4,USA,USA,New York BMW,BMW 3 Series,Sedan,Petrol,Individual,Individual,USD,USD,1,48710.63,7.33,48710.63,OK,44688.65,34722.03,9966.63,50,OK,Prefer not to say,3,OK
BMW-2895,24-09-2023,CORRUPTED,2022,4,Q2,UK,UK,Edinburgh Motors,BMW 5 Series,Sedan,Hybrid,Individual,Individual,GBP,GBP,1,47721.75,0.35,47721.75,OK,55490.4,40093.84,15396.56,40,OK,Male,3,OK
BMW-1998,07-02-2023,CORRUPTED,2021,3,Q1,UK,UK,London BMW Centre,BMW 3 Series,Sedan,Petrol,Individual,Individual,GBP,GBP,1,37945.64,7.87,37945.64,OK,44122.83,34481.64,9641.19,60,OK,Prefer not to say,3,OK
BMW-4523,08-01-2023,CORRUPTED,2024,1,Q1,Germany,Germany,Stuttgart Motors,BMW 2 Series,Coupe,Petrol,Individual,Individual,EUR,EUR,1,36073.46,7.68,36073.46,OK,36073.46,28133.37,7940.09,49,OK,Male,3,OK
BMW-1511,23-08-2022,CORRUPTED,2020,8,Q3,China,China,Beijing Luxury Motors,BMW 2 Series,Coupe,Diesel,Lease,Lease,CNY,CNY,6,285382.38,1.76,-1712294.27,BAD REVENUE,216746.11,158860.93,57885.18,29,OK,Male,3,OK
BMW-4077,13-02-2035,CORRUPTED,2023,7,Q3,India,India,Bangalore Motors,BMW M5,M Sport,Hybrid,Corporate Fleet,Corporate Fleet,INR,INR,8,11623654.97,0.94,92989239.76,OK,1021859.78,742718.34,279141.44,31,OK,Prefer not to say,3.1,OK
BMW-4588,24-01-2035,CORRUPTED,2024,1,Q1,India,India,Delhi Prestige Auto,BMW 5 Series,Sedan,Hybrid,Corporate Fleet,Corporate Fleet,INR,INR,8,5125133.65,7.01,41001069.18,OK,450561.2,348862.15,101699.05,57,OK,Prefer not to say,3.1,OK
BMW-3583,18-11-2034,CORRUPTED,2023,1,Q1,India,India,Delhi Prestige Auto,BMW 3 Series,Sedan,Petrol,corporate fleet,Corporate Fleet,INR,INR,4,4092263.29,5.29,16369053.15,OK,179879.7,136747.5,43132.21,41,OK,Female,3.1,OK
BMW-5203,03-09-2034,CORRUPTED,2024,8,Q3,South Africa,South Africa,Johannesburg Motors,BMW i4,Electric,Electric,Lease,Lease,ZAR,ZAR,6,1467560.02,1.66,8805360.1,OK,440268.01,322353.99,117914.01,43,OK,Female,3.1,OK
BMW-1314,21-08-2034,CORRUPTED,2020,5,Q2,India,India,Mumbai BMW,BMW 3 Series,Sedan,Diesel,Corporate Fleet,Corporate Fleet,INR,INR,2,4084109.16,5.47,8168218.32,OK,89760.64,68364.73,21395.92,53,OK,Male,3.1,OK
BMW-3974,15-08-2034,CORRUPTED,2023,6,Q2,India,India,Delhi Prestige Auto,BMW 7 Series,Sedan,Petrol,Individual,Individual,INR,INR,1,7935233.55,6.87,7935233.55,OK,87200.37,67418.23,19782.14,29,OK,Male,3.1,OK
BMW-1666,04-08-2034,CORRUPTED,2020,10,Q4,South Africa,South Africa,Johannesburg Motors,BMW X3,SUV,Hybrid,Corporate Fleet,Corporate Fleet,ZAR,ZAR,7,1082659.12,0.62,7578613.87,OK,378930.69,274535.5,104395.19,38,OK,Female,3.1,OK
BMW-2921,24-11-2033,CORRUPTED,2022,4,Q2,India,India,Bangalore Motors,BMW 2 Series,Coupe,Petrol,Individual,Individual,INR,INR,1,3406577.26,5.65,3406577.26,OK,37434.91,28568.14,8866.78,34,OK,Prefer not to say,3.1,OK
BMW-5443,18-11-2033,CORRUPTED,2024,11,Q4,China,China,Shenzhen Auto,BMW 5 Series,Sedan,Hybrid,corporate fleet,Corporate Fleet,CNY,CNY,7,479412.47,5.95,3355887.26,OK,424795.86,325203.42,99592.43,47,OK,Prefer not to say,3.1,OK
BMW-4925,31-10-2033,CORRUPTED,2024,5,Q2,India,India,Delhi Prestige Auto,BMW 2 Series,Coupe,Diesel,Corporate Fleet,Corporate Fleet,INR,INR,1,3176300.82,6.27,3176300.82,OK,34904.4,26812.67,8091.73,27,OK,Prefer not to say,3.1,OK
BMW-5553,15-03-2033,CORRUPTED,2024,12,Q4,UAE,UAE,Abu Dhabi Motors,BMW X5,SUV,Hybrid,Corporate Fleet,Corporate Fleet,AED,AED,6,288755.22,6.22,1732531.29,OK,433132.82,332529.75,100603.07,35,OK,Male,3.1,OK
BMW-5437,10-12-2032,CORRUPTED,2024,11,Q4,China,China,Shenzhen Auto,BMW iX,Electric,Electric,Corporate Fleet,Corporate Fleet,CNY,CNY,2,680885.6,2.15,1361771.21,OK,172376.1,126835.78,45540.33,70,OK,Female,3.1,OK
BMW-1667,03-12-2032,CORRUPTED,2020,10,Q4,South Africa,South Africa,Johannesburg Motors,BMW X5,SUV,Hybrid,Individual,Individual,ZAR,ZAR,1,1348305.41,2.79,1348305.41,OK,67415.27,49932.39,17482.88,55,OK,Female,3.1,OK
BMW-1398,02-07-2032,CORRUPTED,2020,6,Q2,Australia,Australia,Sydney BMW,BMW M5,M Sport,Diesel,Corporate Fleet,Corporate Fleet,AUD,AUD,5,192035.72,0.81,960178.61,OK,581926.43,422414.36,159512.07,36,OK,Female,3.1,OK
BMW-4685,07-03-2032,CORRUPTED,2024,2,Q1,South Africa,South Africa,Johannesburg Motors,BMW 3 Series,Sedan,Petrol,Individual,Individual,ZAR,ZAR,1,800993.42,5.01,800993.42,OK,40049.67,30358.17,9691.5,38,OK,Male,3.1,OK
BMW-3668,06-01-2032,CORRUPTED,2023,2,Q1,Australia,Australia,Sydney BMW,BMW X5,SUV,Diesel,Corporate Fleet,Corporate Fleet,AUD,AUD,6,123787.51,1.12,742725.07,OK,450136.41,327767.08,122369.33,25,OK,Prefer not to say,3.1,OK
BMW-1576,08-10-2031,CORRUPTED,2020,9,Q3,China,China,Beijing Luxury Motors,BMW M3,M Sport,Diesel,individual,Individual,CNY,CNY,1,681911.64,0.89,681911.64,OK,86317.93,62705.68,23612.25,56,OK,Male,3.1,OK
BMW-1716,21-06-2031,CORRUPTED,2020,11,Q4,China,China,Shenzhen Auto,BMW X5,SUV,Petrol,Individual,Individual,CNY,CNY,1,606084.27,3.66,606084.27,OK,76719.53,57338.94,19380.59,30,OK,Female,3.1,OK
BMW-2958,21-11-2030,CORRUPTED,2022,5,Q2,USA,USA,Dallas BMW,BMW X3,SUV,Petrol,Corporate Fleet,Corporate Fleet,USD,USD,8,62448.42,0.87,499587.36,OK,458337.03,332915.16,125421.87,61,OK,Male,3.1,OK
BMW-3602,15-08-2030,CORRUPTED,2023,2,Q1,Germany,Germany,BMW Munich HQ,BMW 5 Series,Sedan,Diesel,lease,Lease,EUR,EUR,8,57423.49,0.24,459387.91,OK,459387.91,331542.85,127845.06,68,OK,Female,3.1,OK
BMW-3992,03-08-2030,CORRUPTED,2023,6,Q2,Australia,Australia,Melbourne Auto Group,BMW X5,SUV,Petrol,lease,Lease,AUD,AUD,4,113683.41,0.79,454733.63,OK,275596.14,200009.6,75586.54,38,OK,Female,3.1,OK
BMW-2076,27-06-2030,CORRUPTED,2021,4,Q2,UAE,UAE,Dubai BMW,BMW M5,M Sport,Hybrid,individual,Individual,AED,AED,1,440196.26,0.72,440196.26,OK,110049.06,79809.17,30239.9,63,OK,Female,3.1,OK
BMW-1386,11-04-2030,CORRUPTED,2020,6,Q2,China,China,Beijing Luxury Motors,BMW X3,SUV,Diesel,Individual,Individual,CNY,CNY,1,419239,7.03,419239,OK,53068.23,41097.51,11970.72,0,BAD AGE,Female,3.1,OK
BMW-3832,19-02-2030,CORRUPTED,2023,4,Q2,Australia,Australia,Melbourne Auto Group,BMW 3 Series,Sedan,Petrol,lease,Lease,AUD,AUD,6,67957.5,2.73,407745.01,OK,247118.19,182913.16,64205.03,25,OK,Prefer not to say,3.1,OK
BMW-5341,13-01-2030,CORRUPTED,2024,10,Q4,UK,UK,Edinburgh Motors,BMW 5 Series,Sedan,Hybrid,corporate fleet,Corporate Fleet,GBP,GBP,8,50010.31,1.72,400082.49,OK,465212.2,340811.93,124400.28,56,OK,Female,3.1,OK
BMW-2473,12-05-2029,CORRUPTED,2021,10,Q4,UK,UK,London BMW Centre,BMW i4,Electric,Electric,Corporate Fleet,Corporate Fleet,GBP,GBP,6,56051.13,0.21,336306.79,OK,391054.4,282159.8,108894.61,38,OK,Male,3.1,OK
BMW-3269,21-12-2028,CORRUPTED,2022,9,Q3,China,China,Beijing Luxury Motors,BMW 2 Series,Coupe,Petrol,Individual,Individual,CNY,CNY,1,301165.92,3.52,301165.92,OK,38122.27,28449.74,9672.53,70,OK,Male,3.1,OK
BMW-2872,17-10-2028,CORRUPTED,2022,4,Q2,USA,USA,New York BMW,BMW X5,SUV,Diesel,corporate fleet,Corporate Fleet,USD,USD,4,70187.61,6.88,280750.44,OK,257569.21,199147.14,58422.07,36,OK,Female,3.1,OK
BMW-4221,16-10-2028,CORRUPTED,2023,9,Q3,UK,UK,Edinburgh Motors,BMW X3,SUV,Hybrid,Corporate Fleet,Corporate Fleet,GBP,GBP,6,46746.75,4.81,280480.49,OK,326140.11,246691.08,79449.03,41,OK,Female,3.1,OK
BMW-3465,12-10-2028,CORRUPTED,2022,12,Q4,USA,USA,Beverly Hills BMW,BMW X3,SUV,Hybrid,Lease,Lease,USD,USD,5,55509.96,7.59,277549.79,OK,254632.84,198399.95,56232.89,59,OK,Female,3.1,OK
BMW-3375,25-09-2028,CORRUPTED,2022,11,Q4,Germany,Germany,Stuttgart Motors,BMW X7,SUV,Hybrid,Corporate Fleet,Corporate Fleet,EUR,EUR,3,90711.15,3.18,272133.44,OK,272133.44,202366.94,69766.51,66,OK,Prefer not to say,3.1,OK
BMW-2760,11-09-2028,CORRUPTED,2022,2,Q1,USA,USA,Chicago Motors,BMW 2 Series,Coupe,Diesel,Corporate Fleet,Corporate Fleet,USD,USD,6,45002.34,5.43,270014.03,OK,247719.29,188605.53,59113.76,61,OK,Male,3.1,OK
BMW-3515,15-07-2028,CORRUPTED,2022,12,Q4,UAE,UAE,Abu Dhabi Motors,BMW i4,Electric,Electric,Individual,Individual,AED,AED,1,251787.59,1.07,251787.59,OK,62946.9,45812.66,17134.23,61,OK,Female,3.1,OK
BMW-2650,14-06-2028,CORRUPTED,2021,12,Q4,UAE,UAE,Dubai BMW,BMW 5 Series,Sedan,Diesel,individual,Individual,AED,AED,1,242757.03,4.3,242757.03,OK,60689.26,45661.9,15027.36,68,OK,Female,3.1,OK
BMW-1795,30-05-2028,CORRUPTED,2020,12,Q4,UK,UK,Edinburgh Motors,BMW iX,Electric,Electric,Lease,Lease,GBP,GBP,3,79172.73,2.66,237518.19,OK,276183.94,204285.72,71898.22,37,OK,Male,3.1,OK
BMW-3463,20-01-2028,CORRUPTED,2022,12,Q4,USA,USA,Miami Auto Group,BMW 7 Series,Sedan,Hybrid,Lease,Lease,USD,USD,2,101615.69,4.28,203231.39,OK,186450.81,140245.67,46205.14,51,OK,Male,3.1,OK
BMW-4735,18-06-2027,CORRUPTED,2024,3,Q1,UK,UK,Edinburgh Motors,BMW M3,M Sport,Hybrid,corporate fleet,Corporate Fleet,GBP,GBP,2,70820.56,7.89,141641.11,OK,164698.97,128742.57,35956.39,31,OK,Female,3.1,OK
BMW-4015,05-06-2027,CORRUPTED,2023,7,Q3,Germany,Germany,Hamburg Drive,BMW i4,Electric,Electric,Corporate Fleet,Corporate Fleet,eur,EUR,2,68836.19,4.37,137672.38,OK,137672.38,103651.83,34020.55,45,OK,Male,3.1,OK
BMW-5247,08-04-2027,CORRUPTED,2024,9,Q3,USA,USA,Chicago Motors,BMW M5,M Sport,Hybrid,Individual,Individual,USD,USD,1,126959.02,2.42,126959.02,OK,116476.17,85940.48,30535.69,38,OK,Female,3.1,OK
BMW-1761,11-03-2027,CORRUPTED,2020,12,Q4,Germany,Germany,BMW Munich HQ,BMW i4,Electric,Electric,Corporate Fleet,Corporate Fleet,EUR,EUR,2,61601.77,1.02,123203.53,OK,123203.53,89623.33,33580.2,45,OK,Female,3.1,OK
BMW-4202,18-02-2027,CORRUPTED,2023,9,Q3,USA,USA,Dallas BMW,BMW i7,Electric,Electric,individual,Individual,USD,USD,1,120549,7.53,120549,OK,110595.41,86113.07,24482.34,41,OK,Male,3.1,OK
BMW-1926,14-02-2027,CORRUPTED,2021,2,Q1,USA,USA,New York BMW,BMW M5,M Sport,Diesel,Individual,Individual,USD,USD,1,119984.48,1.34,119984.48,OK,110077.5,80332.2,29745.31,53,OK,Female,3.1,OK
BMW-1772,28-01-2027,CORRUPTED,2020,12,Q4,USA,USA,Dallas BMW,BMW M5,M Sport,Hybrid,Individual,Individual,USD,USD,1,117595.8,2.12,117595.8,OK,107886.05,79362.51,28523.54,52,OK,Female,3.1,OK
BMW-4935,27-08-2026,CORRUPTED,2024,5,Q2,Australia,Australia,Melbourne Auto Group,BMW 5 Series,Sedan,Petrol,Individual,Individual,AUD,AUD,1,100471.98,4.5,100471.98,OK,60892.11,45908.83,14983.28,51,OK,Female,3.1,OK
BMW-4332,05-08-2026,CORRUPTED,2023,10,Q4,Australia,Australia,Melbourne Auto Group,BMW i4,Electric,Electric,individual,Individual,AUD,AUD,1,98091.87,6.69,98091.87,OK,59449.62,45871.42,13578.2,53,OK,Female,3.1,OK
BMW-1361,03-04-2026,CORRUPTED,2020,6,Q2,USA,USA,Chicago Motors,BMW iX,Electric,Electric,Individual,Individual,USD,USD,1,90274.31,3.13,90274.31,OK,82820.46,61556.63,21263.84,49,OK,Female,3.1,OK
BMW-2735,07-03-2026,CORRUPTED,2022,2,Q1,Germany,Germany,Stuttgart Motors,BMW iX,Electric,Electric,Individual,Individual,eur,EUR,1,87832.5,2.77,87832.5,OK,87832.5,65043.54,22788.95,38,OK,Male,3.1,OK
BMW-5255,29-10-2025,CORRUPTED,2024,9,Q3,UK,UK,Edinburgh Motors,BMW 3 Series,Sedan,Petrol,Corporate Fleet,Corporate Fleet,GBP,GBP,2,39912.45,5.02,79824.9,OK,92819.65,70364.93,22454.72,55,OK,Female,3.1,OK
BMW-4629,12-10-2025,CORRUPTED,2024,2,Q1,Germany,Germany,BMW Munich HQ,BMW M3,M Sport,Hybrid,Individual,Individual,EUR,EUR,1,78649.33,3.92,78649.33,OK,78649.33,58940.14,19709.19,26,OK,Male,3.1,OK
BMW-3169,26-08-2025,CORRUPTED,2022,8,Q3,USA,USA,Miami Auto Group,BMW i4,Electric,Electric,Individual,Individual,USD,USD,1,76513.77,3.53,76513.77,OK,70196.12,52390.7,17805.42,45,OK,Female,3.1,OK
BMW-4012,09-08-2025,CORRUPTED,2023,7,Q3,Germany,Germany,AutohaUSA Berlin,BMW X5,SUV,Diesel,Individual,Individual,EUR,EUR,1,75689.56,1.32,75689.56,OK,75689.56,55227.86,20461.7,44,OK,Female,3.1,OK
BMW-5497,07-01-2025,CORRUPTED,2024,12,Q4,USA,USA,Beverly Hills BMW,BMW X3,SUV,Diesel,Individual,Individual,USD,USD,1,64269.81,0.72,64269.81,OK,58963.13,42760.07,16203.05,61,OK,Prefer not to say,3.1,OK
BMW-2152,30-09-2024,CORRUPTED,2021,5,Q2,Australia,Australia,Melbourne Auto Group,BMW 2 Series,Coupe,Hybrid,Individual,Individual,AUD,AUD,1,60553.71,0.99,60553.71,OK,36699.22,26686.64,10012.58,44,OK,Prefer not to say,3.1,OK
BMW-1004,08-05-2024,CORRUPTED,2020,1,Q1,Germany,Germany,Stuttgart Motors,BMW 5 Series,Sedan,Diesel,Individual,Individual,EUR,EUR,1,56167.93,4.2,56167.93,OK,56167.93,42213.03,13954.89,47,OK,Female,3.1,OK
BMW-2040,02-04-2024,CORRUPTED,2021,4,Q2,Germany,Germany,Stuttgart Motors,BMW 5 Series,Sedan,Diesel,Individual,Individual,EUR,EUR,1,55061.24,7.79,55061.24,OK,55061.24,42993.46,12067.78,56,OK,Prefer not to say,3.1,OK
BMW-1976,22-01-2024,CORRUPTED,2021,3,Q1,Germany,Germany,Stuttgart Motors,BMW X3,SUV,Hybrid,Individual,Individual,EUR,EUR,1,52601.41,0.63,52601.41,OK,52601.41,38113.71,14487.7,62,OK,Prefer not to say,3.1,OK
BMW-1155,27-12-2023,CORRUPTED,2020,3,Q1,USA,USA,Chicago Motors,BMW 3 Series,Sedan,Hybrid,Individual,Individual,USD,USD,1,51596.51,3.94,51596.51,OK,47336.25,35480.36,11855.89,54,OK,Female,3.1,OK
BMW-1349,13-11-2023,CORRUPTED,2020,6,Q2,USA,USA,Beverly Hills BMW,BMW 3 Series,Sedan,Petrol,Individual,Individual,USD,USD,1,49601.94,5.82,49601.94,OK,45506.36,34788.34,10718.02,64,OK,Prefer not to say,3.1,OK
BMW-4341,08-11-2023,CORRUPTED,2023,11,Q4,Germany,Germany,BMW Munich HQ,BMW X3,SUV,Diesel,individual,Individual,EUR,EUR,1,49383.26,4.71,49383.26,OK,49383.26,37313.08,12070.19,51,OK,Male,3.1,OK
BMW-2678,13-07-2023,CORRUPTED,2022,1,Q1,USA,USA,New York BMW,BMW 3 Series,Sedan,Petrol,Individual,Individual,USD,USD,1,45141.92,1.01,45141.92,OK,41414.61,30122.48,11292.12,53,OK,Prefer not to say,3.1,OK
BMW-2876,08-07-2023,CORRUPTED,2022,4,Q2,USA,USA,Beverly Hills BMW,BMW 2 Series,Coupe,Hybrid,individual,Individual,USD,USD,1,44961.09,1.68,44961.09,OK,41248.7,30207.84,11040.87,43,OK,Female,3.1,OK
BMW-2117,04-05-2023,CORRUPTED,2021,5,Q2,USA,USA,Chicago Motors,BMW 3 Series,Sedan,Diesel,Individual,Individual,USD,USD,1,42383.28,7.07,42383.28,OK,38883.75,30124.99,8758.76,67,OK,Prefer not to say,3.1,OK
BMW-3158,08-04-2023,CORRUPTED,2022,8,Q3,Germany,Germany,AutohaUSA Berlin,BMW 2 Series,Coupe,Diesel,Individual,Individual,EUR,EUR,1,41167.19,0.2,41167.19,OK,41167.19,29698.41,11468.78,65,OK,Prefer not to say,3.1,OK
BMW-3266,11-02-2023,CORRUPTED,2022,9,Q3,UK,UK,Manchester Prestige,BMW 3 Series,Sedan,Diesel,Individual,Individual,GBP,GBP,1,38041.4,5.39,38041.4,OK,44234.19,33664.39,10569.8,52,OK,Female,3.1,OK
BMW-5454,18-10-2022,CORRUPTED,2024,11,Q4,Australia,Australia,Melbourne Auto Group,BMW 3 Series,Sedan,Hybrid,Individual,Individual,AUD,AUD,1,70929.62,1.31,709.2962,OK,42987.65,31362.11,11625.54,54,OK,Male,3.1,OK
BMW-1769,12-10-2022,CORRUPTED,2020,12,Q4,USA,USA,Beverly Hills BMW,BMW X3,SUV,Diesel,individual,Individual,USD,USD,1,60954.26,0.63,609.5426,OK,55921.34,40517.67,15403.67,69,OK,Male,3.1,OK
BMW-5367,27-01-2035,CORRUPTED,2024,10,Q4,India,India,Bangalore Motors,BMW i7,Electric,Electric,Lease,Lease,INR,INR,4,10754457.57,7.99,43017830.27,OK,472723.41,369913.96,102809.45,51,OK,Female,3.2,OK
BMW-5183,05-01-2035,CORRUPTED,2024,8,Q3,India,India,Delhi Prestige Auto,BMW X7,SUV,Hybrid,Corporate Fleet,Corporate Fleet,INR,INR,4,7900379.96,7.03,31601519.83,OK,347269.45,268953.75,78315.7,28,OK,Prefer not to say,3.2,OK
BMW-1812,09-10-2034,CORRUPTED,2020,12,Q4,India,India,Delhi Prestige Auto,BMW 2 Series,Coupe,Petrol,Corporate Fleet,Corporate Fleet,INR,INR,3,3562984.16,0.12,10688952.47,OK,117461.02,84676.22,32784.8,61,OK,Prefer not to say,3.2,OK
BMW-3896,07-10-2034,CORRUPTED,2023,5,Q2,India,India,Bangalore Motors,BMW i7,Electric,Electric,Individual,Individual,INR,INR,1,10624570.09,5.83,10624570.09,OK,116753.52,89263.49,27490.03,48,OK,Prefer not to say,3.2,OK
BMW-1674,26-08-2034,CORRUPTED,2020,10,Q4,South Africa,South Africa,Cape Town BMW,BMW 7 Series,Sedan,Hybrid,Corporate Fleet,Corporate Fleet,ZAR,ZAR,4,2094042.35,2.57,8376169.41,OK,418808.47,309502.39,109306.08,35,OK,Prefer not to say,3.2,OK
BMW-4821,24-06-2034,CORRUPTED,2024,4,Q2,China,China,Shenzhen Auto,BMW i7,Electric,Electric,Corporate Fleet,Corporate Fleet,CNY,CNY,7,952670.41,4.27,6668692.9,OK,844138.34,634866.93,209271.41,63,OK,Male,3.2,OK
BMW-1802,17-06-2034,CORRUPTED,2020,12,Q4,China,China,Guangzhou BMW,BMW M5,M Sport,Diesel,Lease,Lease,CNY,CNY,7,913829.37,2.77,6396805.59,OK,809722.23,599622.7,210099.52,27,OK,Prefer not to say,3.2,OK
BMW-3001,21-03-2034,CORRUPTED,2022,5,Q2,India,India,Bangalore Motors,BMW X3,SUV,Petrol,individual,Individual,INR,INR,1,4790321.41,2.66,4790321.41,OK,52640.89,38937.78,13703.11,49,OK,Male,3.2,OK
BMW-5185,19-02-2034,CORRUPTED,2024,8,Q3,India,India,Mumbai BMW,BMW X3,SUV,Diesel,Individual,Individual,INR,INR,1,4413910.22,2.62,4413910.22,OK,48504.51,35861.02,12643.49,37,OK,Male,3.2,OK
BMW-5284,21-11-2033,CORRUPTED,2024,9,Q3,India,India,Delhi Prestige Auto,BMW 2 Series,Coupe,Petrol,Individual,Individual,INR,INR,1,3392106.21,5.05,3392106.21,OK,37275.89,28265.52,9010.37,70,OK,Male,3.2,OK
BMW-3975,11-11-2033,CORRUPTED,2023,6,Q2,India,India,Bangalore Motors,BMW 2 Series,Coupe,Petrol,individual,Individual,INR,INR,1,3298320.28,3.06,3298320.28,OK,36245.28,26921.62,9323.66,36,OK,Male,3.2,OK
BMW-1311,05-11-2033,CORRUPTED,2020,5,Q2,China,China,Guangzhou BMW,BMW M5,M Sport,Hybrid,corporate fleet,Corporate Fleet,CNY,CNY,4,810630.71,6.97,3242522.83,OK,410445.93,317669.95,92775.98,40,OK,Prefer not to say,3.2,OK
BMW-5166,31-08-2033,CORRUPTED,2024,8,Q3,China,China,Shenzhen Auto,BMW X5,SUV,Diesel,Lease,Lease,CNY,CNY,5,506624.24,7.88,2533121.22,OK,320648.26,250622.73,70025.53,55,OK,Prefer not to say,3.2,OK
BMW-5532,27-06-2033,CORRUPTED,2024,12,Q4,China,China,Beijing Luxury Motors,BMW X3,SUV,Diesel,Lease,Lease,CNY,CNY,5,433665.52,3.05,2168327.58,OK,274471.85,203846.66,70625.19,44,OK,Female,3.2,OK
BMW-5089,05-06-2033,CORRUPTED,2024,7,Q3,China,China,Shanghai BMW,BMW X3,SUV,Petrol,corporate fleet,Corporate Fleet,CNY,CNY,5,411562.39,1.23,2057811.93,OK,260482.52,189889.22,70593.3,66,OK,Male,3.2,OK
BMW-2285,26-03-2033,CORRUPTED,2021,7,Q3,South Africa,South Africa,Cape Town BMW,BMW M3,M Sport,Diesel,Individual,Individual,ZAR,ZAR,1,1758235.82,2.71,1758235.82,OK,87911.79,65060,22851.79,28,OK,Prefer not to say,3.2,OK
BMW-3675,20-02-2033,CORRUPTED,2023,2,Q1,South Africa,South Africa,Cape Town BMW,BMW 3 Series,Sedan,Diesel,Corporate Fleet,Corporate Fleet,ZAR,ZAR,2,825914.87,2.44,1651829.74,OK,82591.49,60955.28,21636.2,52,OK,Male,3.2,OK
BMW-3835,25-10-2032,CORRUPTED,2023,4,Q2,Australia,Australia,Melbourne Auto Group,BMW i7,Electric,Electric,Government,Government,AUD,AUD,6,208411.85,4.77,1250471.07,OK,757861.26,572976.26,184885,61,OK,Prefer not to say,3.2,OK
BMW-4483,05-08-2032,CORRUPTED,2023,12,Q4,China,China,Guangzhou BMW,BMW i7,Electric,Electric,Individual,Individual,CNY,CNY,1,1005932.61,7.03,1005932.61,OK,127333.24,98615.03,28718.21,48,OK,Female,3.2,OK
BMW-3154,11-07-2032,CORRUPTED,2022,7,Q3,South Africa,South Africa,Cape Town BMW,BMW X3,SUV,Hybrid,Individual,Individual,ZAR,ZAR,1,966352.43,4.71,966352.43,OK,48317.62,36510.01,11807.61,58,OK,Female,3.2,OK
BMW-2852,25-06-2032,CORRUPTED,2022,3,Q1,South Africa,South Africa,Cape Town BMW,BMW X3,SUV,Hybrid,Individual,Individual,ZAR,ZAR,1,950875.78,7.67,950875.78,OK,47543.79,37076.08,10467.71,39,OK,Male,3.2,OK
BMW-4997,21-06-2032,CORRUPTED,2024,6,Q2,China,China,Guangzhou BMW,BMW M5,M Sport,Diesel,individual,Individual,CNY,CNY,1,943755.59,7.51,943755.59,OK,119462.73,92998.33,26464.4,35,OK,Female,3.2,OK
BMW-4062,07-05-2032,CORRUPTED,2023,7,Q3,China,China,Beijing Luxury Motors,BMW X3,SUV,Diesel,Corporate Fleet,Corporate Fleet,CNY,CNY,2,440794.05,4.87,881588.11,OK,111593.43,84460.05,27133.38,45,OK,Female,3.2,OK
BMW-5201,26-02-2032,CORRUPTED,2024,8,Q3,South Africa,South Africa,Cape Town BMW,BMW 3 Series,Sedan,Petrol,individual,Individual,ZAR,ZAR,1,792955.41,4.18,792955.41,OK,39647.77,29790.56,9857.21,66,OK,Prefer not to say,3.2,OK
BMW-4669,10-11-2031,CORRUPTED,2024,2,Q1,China,China,Shanghai BMW,BMW iX,Electric,Electric,Individual,Individual,CNY,CNY,1,703816.85,7.17,703816.85,OK,89090.74,69096.33,19994.41,46,OK,Male,3.2,OK
BMW-2467,21-05-2031,CORRUPTED,2021,10,Q4,USA,USA,New York BMW,BMW iX,Electric,Electric,Corporate Fleet,Corporate Fleet,USD,USD,6,98560.09,7.02,591360.54,OK,542532.61,420101.88,122430.73,49,OK,Female,3.2,OK
BMW-4069,08-02-2031,CORRUPTED,2023,7,Q3,China,China,Shenzhen Auto,BMW i4,Electric,Electric,Individual,Individual,CNY,CNY,1,533201.25,1.75,533201.25,OK,67493.83,49459.19,18034.64,43,OK,Female,3.2,OK
BMW-1220,25-01-2031,CORRUPTED,2020,4,Q2,USA,USA,Miami Auto Group,BMW X5,SUV,Hybrid,Corporate Fleet,Corporate Fleet,USD,USD,7,75281.66,5.9,526971.65,OK,483460.23,369916.48,113543.76,37,OK,Prefer not to say,3.2,OK
BMW-4254,04-12-2030,CORRUPTED,2023,9,Q3,Australia,Australia,Melbourne Auto Group,BMW 5 Series,Sedan,Diesel,Corporate Fleet,Corporate Fleet,AUD,AUD,5,100708.09,4.22,503540.45,OK,305176.03,229418.45,75757.58,47,OK,Male,3.2,OK
BMW-4889,30-10-2030,CORRUPTED,2024,5,Q2,UK,UK,London BMW Centre,BMW iX,Electric,Electric,Corporate Fleet,Corporate Fleet,Gbp,GBP,7,70085.05,4.06,490595.32,OK,570459.68,428118.89,142340.79,55,OK,Male,3.2,OK
BMW-3197,08-10-2030,CORRUPTED,2022,8,Q3,China,China,Shanghai BMW,BMW i4,Electric,Electric,government,Government,CNY,CNY,1,478553.41,5.3,478553.41,OK,60576.38,46057.54,14518.84,26,OK,Female,3.2,OK
BMW-3413,11-09-2030,CORRUPTED,2022,11,Q4,China,China,Beijing Luxury Motors,BMW 5 Series,Sedan,Diesel,Individual,Individual,CNY,CNY,1,470815.79,5.77,470815.79,OK,59596.93,45535.92,14061.02,69,OK,Male,3.2,OK
BMW-2004,28-07-2030,CORRUPTED,2021,3,Q1,China,China,Shanghai BMW,BMW 5 Series,Sedan,Hybrid,Corporate Fleet,Corporate Fleet,CNY,CNY,1,451369.28,0.68,451369.28,OK,57135.35,41418.06,15717.29,32,OK,Female,3.2,OK
BMW-1351,19-07-2030,CORRUPTED,2020,6,Q2,USA,USA,New York BMW,BMW X5,SUV,Petrol,Government,Government,USD,USD,5,89769.17,0.32,448845.87,OK,411785.21,297439.75,114345.45,30,OK,Prefer not to say,3.2,OK
BMW-2001,14-06-2030,CORRUPTED,2021,3,Q1,China,China,Shenzhen Auto,BMW 5 Series,Sedan,Petrol,individual,Individual,CNY,CNY,1,437360.4,6.59,437360.4,OK,55362.08,42672.11,12689.96,33,OK,Prefer not to say,3.2,OK
BMW-4598,20-05-2030,CORRUPTED,2024,1,Q1,UAE,UAE,Abu Dhabi Motors,BMW X3,SUV,Diesel,Lease,Lease,AED,AED,2,215435.64,0.88,430871.28,OK,107717.82,78245.52,29472.3,41,OK,Female,3.2,OK
BMW-1649,20-04-2030,CORRUPTED,2020,10,Q4,China,China,Beijing Luxury Motors,BMW 5 Series,Sedan,Hybrid,Individual,Individual,CNY,CNY,1,420980.8,7.71,420980.8,OK,53288.71,41574.17,11714.54,32,OK,Prefer not to say,3.2,OK
BMW-4539,14-04-2030,CORRUPTED,2024,1,Q1,USA,USA,Chicago Motors,BMW 5 Series,Sedan,Petrol,Corporate Fleet,Corporate Fleet,USD,USD,6,69934.07,1.34,419604.41,OK,384958.17,280932.65,104025.52,51,OK,Female,3.2,OK
BMW-4793,10-03-2030,CORRUPTED,2024,4,Q2,UK,UK,Edinburgh Motors,BMW X7,SUV,Petrol,Lease,Lease,GBP,GBP,5,82591.09,0.91,412955.46,OK,480180.77,348921.33,131259.43,64,OK,Female,3.2,OK
BMW-3264,01-03-2030,CORRUPTED,2022,9,Q3,UK,UK,Edinburgh Motors,BMW X5,SUV,Petrol,Lease,Lease,GBP,GBP,7,58598.55,4.02,410189.83,OK,476964.92,357799.65,119165.27,28,OK,Male,3.2,OK
BMW-2193,14-01-2030,CORRUPTED,2021,6,Q2,UK,UK,Edinburgh Motors,BMW i4,Electric,Electric,Corporate Fleet,Corporate Fleet,GBP,GBP,7,57230,5.43,400610.02,OK,465825.61,354661.54,111164.07,64,OK,Prefer not to say,3.2,OK
BMW-2016,13-11-2029,CORRUPTED,2021,3,Q1,UAE,UAE,Dubai BMW,BMW X3,SUV,Diesel,Government,Government,AED,AED,2,190204.59,7.03,380409.17,OK,95102.29,73655.02,21447.28,53,OK,Prefer not to say,3.2,OK
BMW-3982,11-10-2029,CORRUPTED,2023,6,Q2,UAE,UAE,Dubai BMW,BMW 7 Series,Sedan,Diesel,Individual,Individual,AED,AED,1,371676.98,5.95,371676.98,OK,92919.24,71137.7,21781.54,34,OK,Male,3.2,OK
BMW-4989,15-08-2029,CORRUPTED,2024,6,Q2,UK,UK,Manchester Prestige,BMW X3,SUV,Petrol,Lease,Lease,GBP,GBP,7,50940.47,0.59,356583.31,OK,414631.76,300299.3,114332.46,68,OK,Female,3.2,OK
BMW-3060,19-06-2029,CORRUPTED,2022,6,Q2,China,China,Beijing Luxury Motors,BMW 3 Series,Sedan,Diesel,Individual,Individual,CNY,CNY,1,344383.13,3.37,344383.13,OK,43592.8,32481.09,11111.71,30,OK,Prefer not to say,3.2,OK
BMW-4928,07-06-2029,CORRUPTED,2024,5,Q2,UAE,UAE,Abu Dhabi Motors,BMW iX,Electric,Electric,Individual,Individual,AED,AED,1,342083.51,3.29,342083.51,OK,85520.88,63670.15,21850.73,32,OK,Female,3.2,OK
BMW-3860,16-04-2029,CORRUPTED,2023,5,Q2,USA,USA,Chicago Motors,BMW X5,SUV,Petrol,Lease,Lease,USD,USD,4,82388.77,5.25,329555.07,OK,302344.1,229749.41,72594.69,29,OK,Prefer not to say,3.2,OK
BMW-3731,28-02-2029,CORRUPTED,2023,3,Q1,China,China,Shanghai BMW,BMW 2 Series,Coupe,Diesel,individual,Individual,CNY,CNY,1,317860.9,1.23,317860.9,OK,40235.56,29330.9,10904.66,38,OK,Male,3.2,OK
BMW-2286,03-08-2028,CORRUPTED,2021,8,Q3,Germany,Germany,Hamburg Drive,BMW 3 Series,Sedan,Petrol,Corporate Fleet,Corporate Fleet,EUR,EUR,6,42747.05,7.05,256482.3,OK,256482.3,198667.69,57814.61,37,OK,Male,3.2,OK
BMW-4870,02-03-2028,CORRUPTED,2024,5,Q2,Germany,Germany,Stuttgart Motors,BMW X3,SUV,Hybrid,Corporate Fleet,Corporate Fleet,EUR,EUR,4,53356.81,0.91,213427.22,OK,213427.22,155074.42,58352.81,38,OK,Female,3.2,OK
BMW-3360,01-01-2028,CORRUPTED,2022,10,Q4,Australia,Australia,Sydney BMW,BMW 2 Series,Coupe,Diesel,Corporate Fleet,Corporate Fleet,AUD,AUD,3,66713.96,6.54,200141.87,OK,121298.1,93449.88,27848.22,46,OK,Female,3.2,OK
BMW-5188,30-12-2027,CORRUPTED,2024,8,Q3,UAE,UAE,Dubai BMW,BMW X3,SUV,Petrol,Corporate Fleet,Corporate Fleet,AED,AED,1,199288.51,2.08,199288.51,OK,49822.13,36632.1,13190.03,51,OK,Female,3.2,OK
BMW-4213,30-10-2027,CORRUPTED,2023,9,Q3,USA,USA,Dallas BMW,BMW X5,SUV,Hybrid,Corporate Fleet,Corporate Fleet,USD,USD,2,89093.42,0.89,178186.84,OK,163474.17,118758.96,44715.2,41,OK,Male,3.2,OK
BMW-2391,23-09-2027,CORRUPTED,2021,9,Q3,USA,USA,Miami Auto Group,BMW X5,SUV,Hybrid,Corporate Fleet,Corporate Fleet,USD,USD,2,82246.82,7.7,164493.65,OK,150911.6,117716.36,33195.25,35,OK,Female,3.2,OK
BMW-3664,12-08-2027,CORRUPTED,2023,2,Q1,UAE,UAE,Abu Dhabi Motors,BMW 3 Series,Sedan,Hybrid,Individual,Individual,AED,AED,1,154711.2,6.36,154711.2,OK,38677.8,29740.92,8936.88,30,OK,Male,3.2,OK
BMW-4560,10-08-2027,CORRUPTED,2024,1,Q1,UK,UK,Edinburgh Motors,BMW 5 Series,Sedan,Hybrid,lease,Lease,GBP,GBP,3,51220.21,3.24,153660.64,OK,178675.16,132950.03,45725.13,33,OK,Male,3.2,OK
BMW-2298,13-07-2027,CORRUPTED,2021,8,Q3,Germany,Germany,AutohaUSA Berlin,BMW X3,SUV,Petrol,corporate fleet,Corporate Fleet,EUR,EUR,3,49295.56,5.99,147886.68,OK,147886.68,113261.49,34625.19,56,OK,Female,3.2,OK
BMW-3512,05-07-2027,CORRUPTED,2022,12,Q4,UAE,UAE,Abu Dhabi Motors,BMW 2 Series,Coupe,Petrol,individual,Individual,AED,AED,1,145669.08,0.41,145669.08,OK,36417.27,26328.56,10088.71,47,OK,Female,3.2,OK
BMW-1355,04-07-2027,CORRUPTED,2020,6,Q2,USA,USA,Chicago Motors,BMW i7,Electric,Electric,individual,Individual,USD,USD,1,145631.04,1.69,145631.04,OK,133606.46,97845.64,35760.82,42,OK,Prefer not to say,3.2,OK
BMW-3294,30-06-2027,CORRUPTED,2022,9,Q3,Australia,Australia,Sydney BMW,BMW 7 Series,Sedan,Diesel,Individual,Individual,AUD,AUD,1,144557.8,4.73,144557.8,OK,87610.79,66208.82,21401.97,33,OK,Male,3.2,OK
BMW-4173,07-04-2027,CORRUPTED,2023,8,Q3,Australia,Australia,Sydney BMW,BMW 2 Series,Coupe,Hybrid,Lease,Lease,AUD,AUD,2,63400.26,4.9,126800.51,OK,76848.8,58180.34,18668.46,64,OK,Female,3.2,OK
BMW-3165,03-10-2026,CORRUPTED,2022,8,Q3,Germany,Germany,Hamburg Drive,BMW X7,SUV,Petrol,Individual,Individual,EUR,EUR,1,103817.69,2.74,103817.69,OK,103817.69,76854.4,26963.3,49,OK,Male,3.2,OK
BMW-1502,28-04-2026,CORRUPTED,2020,8,Q3,UK,UK,London BMW Centre,BMW X7,SUV,Petrol,Individual,Individual,GBP,GBP,1,91767.71,0.03,91767.71,OK,106706.64,76848.56,29858.07,65,OK,Female,3.2,OK
BMW-4533,18-03-2026,CORRUPTED,2024,1,Q1,USA,USA,Chicago Motors,BMW iX,Electric,Electric,Individual,Individual,USD,USD,1,88601.25,4.77,88601.25,OK,81285.55,61455.51,19830.04,56,OK,Female,3.2,OK
BMW-2951,22-12-2025,CORRUPTED,2022,5,Q2,Germany,Germany,AutohaUSA Berlin,BMW iX,Electric,Electric,Individual,Individual,EUR,EUR,1,83345.11,6.69,83345.11,OK,83345.11,64312.92,19032.19,35,OK,Male,3.2,OK
BMW-5137,12-12-2025,CORRUPTED,2024,8,Q3,USA,USA,Chicago Motors,BMW X5,SUV,Petrol,Individual,Individual,USD,USD,1,82883.7,6.7,82883.7,OK,76040.1,58677.46,17362.64,45,OK,Female,3.2,OK
BMW-3178,11-10-2025,CORRUPTED,2022,8,Q3,USA,USA,New York BMW,BMW X5,SUV,Diesel,Individual,Individual,USD,USD,1,78620.61,0.23,78620.61,OK,72129,52054.35,20074.64,49,OK,Male,3.2,OK
BMW-4893,28-08-2025,CORRUPTED,2024,5,Q2,UK,UK,Edinburgh Motors,BMW M3,M Sport,Petrol,individual,Individual,GBP,GBP,1,76628.93,1.4,76628.93,OK,89103.41,65064.51,24038.9,50,OK,Prefer not to say,3.2,OK
BMW-2088,09-07-2025,CORRUPTED,2021,5,Q2,Germany,Germany,AutohaUSA Berlin,BMW X5,SUV,Diesel,Individual,Individual,EUR,EUR,1,73984.26,3.04,73984.26,OK,73984.26,54938.71,19045.55,33,OK,Female,3.2,OK
BMW-3864,24-06-2025,CORRUPTED,2023,5,Q2,USA,USA,Miami Auto Group,BMW X5,SUV,Diesel,Individual,Individual,USD,USD,1,73206.28,3.96,73206.28,OK,67161.73,50351.03,16810.69,35,OK,Male,3.2,OK
BMW-4191,15-03-2025,CORRUPTED,2023,9,Q3,Germany,Germany,Stuttgart Motors,BMW i4,Electric,Electric,Individual,Individual,EUR,EUR,1,67334.9,1.1,67334.9,OK,67334.9,49022.44,18312.46,48,OK,Male,3.2,OK
BMW-1706,30-01-2025,CORRUPTED,2020,11,Q4,USA,USA,New York BMW,BMW 5 Series,Sedan,Hybrid,Individual,Individual,USD,USD,1,65156.22,2.14,65156.22,OK,59776.35,43980.48,15795.87,70,OK,Female,3.2,OK
BMW-4778,15-10-2024,CORRUPTED,2024,4,Q2,Germany,Germany,Hamburg Drive,BMW 5 Series,Sedan,Hybrid,Individual,Individual,EUR,EUR,1,61217.17,5.16,61217.17,OK,61217.17,46474.77,14742.4,50,OK,Female,3.2,OK
BMW-4863,13-10-2024,CORRUPTED,2024,5,Q2,Germany,Germany,AutohaUSA Berlin,BMW i4,Electric,Electric,Individual,Individual,EUR,EUR,1,61207.07,2.84,61207.07,OK,61207.07,45355.62,15851.45,66,OK,Male,3.2,OK
BMW-4880,16-09-2024,CORRUPTED,2024,5,Q2,USA,USA,Dallas BMW,BMW X3,SUV,Hybrid,individual,Individual,USD,USD,1,60134.16,7.04,60134.16,OK,55168.96,42728.22,12440.73,46,OK,Male,3.2,OK
BMW-5413,24-08-2024,CORRUPTED,2024,11,Q4,USA,USA,Dallas BMW,BMW 5 Series,Sedan,Petrol,Individual,Individual,USD,USD,1,59267.14,6.08,59267.14,OK,54373.53,41682.2,12691.33,66,OK,Female,3.2,OK
BMW-2102,03-08-2024,CORRUPTED,2021,5,Q2,USA,USA,Chicago Motors,BMW 5 Series,Sedan,Petrol,Individual,Individual,USD,USD,1,58516.67,4.68,58516.67,OK,53685.01,40553,13132.02,49,OK,Female,3.2,OK
BMW-2179,21-07-2024,CORRUPTED,2021,6,Q2,USA,USA,Miami Auto Group,BMW X3,SUV,Petrol,individual,Individual,USD,USD,1,58293.73,2.31,58293.73,OK,53480.48,39414.64,14065.84,35,OK,Female,3.2,OK
BMW-4710,26-05-2024,CORRUPTED,2024,3,Q1,USA,USA,New York BMW,BMW X3,SUV,Hybrid,Individual,Individual,USD,USD,1,56888.56,0.23,56888.56,OK,52191.34,37664.55,14526.79,34,OK,Male,3.2,OK
BMW-4693,22-11-2023,CORRUPTED,2024,3,Q1,Germany,Germany,Hamburg Drive,BMW X3,SUV,Petrol,Individual,Individual,EUR,EUR,1,49845.52,2.78,49845.52,OK,49845.52,36914.7,12930.82,47,OK,Male,3.2,OK
BMW-1075,03-10-2023,CORRUPTED,2020,2,Q1,Germany,Germany,Stuttgart Motors,BMW X3,SUV,Diesel,Individual,Individual,EUR,EUR,1,48046.83,4.63,48046.83,OK,48046.83,36271.74,11775.09,38,OK,Female,3.2,OK
BMW-2796,06-05-2023,CORRUPTED,2022,3,Q1,Germany,Germany,Stuttgart Motors,BMW 3 Series,Sedan,Petrol,government,Government,EUR,EUR,1,42411.91,3.93,42411.91,OK,42411.91,31787.05,10624.86,68,OK,Female,3.2,OK
BMW-1016,20-02-2023,CORRUPTED,2020,1,Q1,USA,USA,Dallas BMW,BMW 2 Series,Coupe,Hybrid,Individual,Individual,USD,USD,1,38689.8,2.6,38689.8,OK,35495.23,26239.48,9255.74,25,OK,Prefer not to say,3.2,OK
BMW-3019,15-02-2023,CORRUPTED,2022,6,Q2,Germany,Germany,Stuttgart Motors,BMW 3 Series,Sedan,Hybrid,corporate fleet,Corporate Fleet,EUR,EUR,1,38306.82,7.63,38306.82,OK,38306.82,29860.15,8446.67,63,OK,Female,3.2,OK
BMW-3635,18-12-2022,CORRUPTED,2023,2,Q1,UK,UK,Manchester Prestige,BMW 2 Series,Coupe,Petrol,Individual,Individual,gbp,GBP,1,34254.39,4.95,34254.39,OK,39830.69,30173.12,9657.57,41,OK,Female,3.2,OK
BMW-3140,05-02-2035,CORRUPTED,2022,7,Q3,India,India,Delhi Prestige Auto,BMW iX,Electric,Electric,Lease,Lease,INR,INR,8,7186890.17,5.48,57495121.35,OK,631814.52,481302.57,150511.95,39,OK,Prefer not to say,3.3,OK
BMW-3062,16-01-2035,CORRUPTED,2022,6,Q2,India,India,Mumbai BMW,BMW X7,SUV,Hybrid,Corporate Fleet,Corporate Fleet,INR,INR,4,9348132.65,2.53,37392530.59,OK,410906.93,303535.48,107371.45,38,OK,Prefer not to say,3.3,OK
BMW-3142,21-12-2034,CORRUPTED,2022,7,Q3,India,India,Delhi Prestige Auto,BMW X5,SUV,Hybrid,Corporate Fleet,Corporate Fleet,INR,INR,4,6697935.66,2.39,26791742.65,OK,294414.75,217163.63,77251.12,66,OK,Male,3.3,OK
BMW-5547,19-12-2034,CORRUPTED,2024,12,Q4,India,India,Mumbai BMW,BMW X5,SUV,Hybrid,corporate fleet,Corporate Fleet,INR,INR,4,6486793.58,3.13,25947174.32,OK,285133.78,211938.44,73195.34,26,OK,Male,3.3,OK
BMW-3428,11-12-2034,CORRUPTED,2022,11,Q4,India,India,Bangalore Motors,BMW iX,Electric,Electric,Government,Government,INR,INR,3,7981168.91,0.34,23943506.73,OK,263115.46,190086.91,73028.55,45,OK,Female,3.3,OK
BMW-2418,30-07-2034,CORRUPTED,2021,9,Q3,India,India,Mumbai BMW,BMW iX,Electric,Electric,Individual,Individual,INR,INR,1,7386354.64,7.8,7386354.64,OK,81168.73,63385.03,17783.7,63,OK,Prefer not to say,3.3,OK
BMW-2775,10-07-2034,CORRUPTED,2022,2,Q1,India,India,Delhi Prestige Auto,BMW X5,SUV,Hybrid,Individual,Individual,INR,INR,1,6842100.73,5.92,6842100.73,OK,75187.92,57539.21,17648.71,63,OK,Male,3.3,OK
BMW-2437,25-05-2034,CORRUPTED,2021,9,Q3,South Africa,South Africa,Johannesburg Motors,BMW 5 Series,Sedan,Petrol,Corporate Fleet,Corporate Fleet,ZAR,ZAR,5,1152590.69,2.06,5762953.45,OK,288147.67,211840.54,76307.14,61,OK,Male,3.3,OK
BMW-3504,11-03-2034,CORRUPTED,2022,12,Q4,India,India,Delhi Prestige Auto,BMW X3,SUV,Petrol,Individual,Individual,INR,INR,1,4663361.39,5.07,4663361.39,OK,51245.73,38869.12,12376.61,65,OK,Prefer not to say,3.3,OK
BMW-4907,05-03-2034,CORRUPTED,2024,5,Q2,China,China,Guangzhou BMW,BMW M3,M Sport,Petrol,Government,Government,CNY,CNY,7,653166.73,3.36,4572167.11,OK,578755.33,431186.13,147569.2,68,OK,Prefer not to say,3.3,OK
BMW-3063,05-02-2034,CORRUPTED,2022,6,Q2,India,India,Bangalore Motors,BMW X3,SUV,Petrol,individual,Individual,INR,INR,1,4201055.47,6.71,4201055.47,OK,46165.44,35631.28,10534.16,41,OK,Male,3.3,OK
BMW-4079,16-12-2033,CORRUPTED,2023,7,Q3,India,India,Mumbai BMW,BMW 3 Series,Sedan,Diesel,individual,Individual,INR,INR,1,3566683.62,5.56,3566683.62,OK,39194.33,29882.35,9311.98,49,OK,Prefer not to say,3.3,OK
BMW-2198,10-10-2033,CORRUPTED,2021,6,Q2,China,China,Shanghai BMW,BMW 3 Series,Sedan,Hybrid,Lease,Lease,CNY,CNY,8,364988.1,2.5,2919904.77,OK,369608.2,272943.63,96664.56,32,OK,Female,3.3,OK
BMW-4991,02-10-2033,CORRUPTED,2024,6,Q2,China,China,Beijing Luxury Motors,BMW 5 Series,Sedan,Hybrid,Corporate Fleet,Corporate Fleet,CNY,CNY,6,473047.18,4.17,2838283.11,OK,359276.34,269948.28,89328.06,43,OK,Female,3.3,OK
BMW-2913,03-09-2033,CORRUPTED,2022,4,Q2,China,China,Guangzhou BMW,BMW X3,SUV,Petrol,Corporate Fleet,Corporate Fleet,CNY,CNY,7,364395.76,7.91,2550770.32,OK,322882.32,252456.7,70425.62,51,OK,Female,3.3,OK
BMW-1883,20-08-2033,CORRUPTED,2021,1,Q1,China,China,Shanghai BMW,BMW 5 Series,Sedan,Diesel,lease,Lease,CNY,CNY,5,497452.12,4.06,2487260.62,OK,314843.12,236271.34,78571.78,64,OK,Female,3.3,OK
BMW-4571,20-06-2033,CORRUPTED,2024,1,Q1,China,China,Guangzhou BMW,BMW 3 Series,Sedan,Diesel,Corporate Fleet,Corporate Fleet,CNY,CNY,6,355590.03,0.15,2133540.21,OK,270068.38,194736.42,75331.96,64,OK,Prefer not to say,3.3,OK
BMW-3911,11-06-2033,CORRUPTED,2023,5,Q2,South Africa,South Africa,Cape Town BMW,BMW X7,SUV,Diesel,Individual,Individual,ZAR,ZAR,1,2078094.86,1.68,2078094.86,OK,103904.74,76086.54,27818.2,69,OK,Male,3.3,OK
BMW-2272,07-04-2033,CORRUPTED,2021,7,Q3,UAE,UAE,Abu Dhabi Motors,BMW i4,Electric,Electric,Corporate Fleet,Corporate Fleet,AED,AED,7,257773.36,2.51,1804413.49,OK,451103.37,333155.38,117947.99,36,OK,Prefer not to say,3.3,OK
BMW-1573,01-01-2033,CORRUPTED,2020,9,Q3,China,China,Shenzhen Auto,BMW 3 Series,Sedan,Petrol,Corporate Fleet,Corporate Fleet,CNY,CNY,4,359528.34,6.97,1438113.34,OK,182039.66,140887.93,41151.73,46,OK,Prefer not to say,3.3,OK
BMW-2496,29-12-2032,CORRUPTED,2021,10,Q4,UAE,UAE,Dubai BMW,BMW 5 Series,Sedan,Hybrid,government,Government,AED,AED,6,238065.82,5.46,1428394.95,OK,357098.74,271964.05,85134.69,33,OK,Female,3.3,OK
BMW-1268,11-11-2032,CORRUPTED,2020,4,Q2,South Africa,South Africa,Johannesburg Motors,BMW 5 Series,Sedan,Petrol,individual,Individual,ZAR,ZAR,1,1290476.45,0.3,1290476.45,OK,64523.82,46595.1,17928.72,40,OK,Female,3.3,OK
BMW-5289,06-11-2032,CORRUPTED,2024,9,Q3,UAE,UAE,Dubai BMW,BMW i4,Electric,Electric,corporate fleet,Corporate Fleet,AED,AED,5,257140.67,0.05,1285703.36,OK,321425.84,231546.79,89879.05,28,OK,Prefer not to say,3.3,OK
BMW-4395,22-08-2032,CORRUPTED,2023,11,Q4,China,China,Beijing Luxury Motors,BMW i7,Electric,Electric,individual,Individual,CNY,CNY,1,1041741.35,3.43,1041741.35,OK,131865.99,98314.23,33551.76,67,OK,Female,3.3,OK
BMW-3368,29-07-2032,CORRUPTED,2022,10,Q4,South Africa,South Africa,Cape Town BMW,BMW X3,SUV,Hybrid,individual,Individual,ZAR,ZAR,1,995112.78,0.83,995112.78,OK,49755.64,36123.96,13631.68,40,OK,Male,3.3,OK
BMW-1606,27-07-2032,CORRUPTED,2020,9,Q3,South Africa,South Africa,Johannesburg Motors,BMW X3,SUV,Diesel,Individual,Individual,ZAR,ZAR,1,993033.85,2.2,993033.85,OK,49651.69,36552.59,13099.1,35,OK,Prefer not to say,3.3,OK
BMW-2003,20-07-2032,CORRUPTED,2021,3,Q1,China,China,Shanghai BMW,BMW M5,M Sport,Diesel,Individual,Individual,CNY,CNY,1,982970.25,2.63,982970.25,OK,124426.61,92002.63,32423.98,52,OK,Male,3.3,OK
BMW-2909,03-07-2032,CORRUPTED,2022,4,Q2,China,China,Shenzhen Auto,BMW 3 Series,Sedan,Petrol,Lease,Lease,CNY,CNY,3,320070.37,3.44,960211.11,OK,121545.71,90632.98,30912.73,35,OK,Male,3.3,OK
BMW-2481,13-04-2032,CORRUPTED,2021,10,Q4,China,China,Shenzhen Auto,BMW M5,M Sport,Petrol,Individual,Individual,CNY,CNY,1,849639.45,7.66,849639.45,OK,107549.3,83862.52,23686.77,27,OK,Prefer not to say,3.3,OK
BMW-2142,22-03-2032,CORRUPTED,2021,5,Q2,China,China,Beijing Luxury Motors,BMW 7 Series,Sedan,Diesel,Individual,Individual,CNY,CNY,1,819674.18,4.33,819674.18,OK,103756.23,78084.7,25671.53,51,OK,Female,3.3,OK
BMW-3748,03-03-2032,CORRUPTED,2023,3,Q1,UAE,UAE,Dubai BMW,BMW X5,SUV,Petrol,Corporate Fleet,Corporate Fleet,AED,AED,3,265703.86,3.9,797111.58,OK,199277.9,149299.79,49978.11,66,OK,Prefer not to say,3.3,OK
BMW-4740,31-01-2032,CORRUPTED,2024,3,Q1,China,China,Beijing Luxury Motors,BMW iX,Electric,Electric,Individual,Individual,CNY,CNY,1,765011.32,2.18,765011.32,OK,96836.88,71272.81,25564.07,50,OK,Male,3.3,OK
BMW-5293,13-11-2031,CORRUPTED,2024,9,Q3,UAE,UAE,Dubai BMW,BMW 3 Series,Sedan,Hybrid,Lease,Lease,AED,AED,4,176493.4,3.07,705973.6,OK,176493.4,131097.33,45396.07,48,OK,Prefer not to say,3.3,OK
BMW-3291,02-11-2031,CORRUPTED,2022,9,Q3,Australia,Australia,Sydney BMW,BMW i4,Electric,Electric,Lease,Lease,AUD,AUD,7,99381.1,5.95,695667.67,OK,421616.77,322757.37,98859.4,57,OK,Male,3.3,OK
BMW-3935,30-10-2031,CORRUPTED,2023,6,Q2,Germany,Germany,BMW Munich HQ,BMW M3,M Sport,Hybrid,Corporate Fleet,Corporate Fleet,eur,EUR,8,86786.35,1.23,694290.78,OK,694290.78,506102.55,188188.23,33,OK,Prefer not to say,3.3,OK
BMW-2607,19-10-2031,CORRUPTED,2021,12,Q4,USA,USA,Miami Auto Group,BMW M3,M Sport,Hybrid,Lease,Lease,USD,USD,8,85963.91,3.91,687711.31,OK,630927.81,472760.56,158167.25,36,OK,Female,3.3,OK
BMW-2684,13-10-2031,CORRUPTED,2022,1,Q1,USA,USA,Miami Auto Group,BMW iX,Electric,Electric,Corporate Fleet,Corporate Fleet,USD,USD,7,97461.91,0.33,682233.34,OK,625902.15,452135.53,173766.62,28,OK,Male,3.3,OK
BMW-3642,02-10-2031,CORRUPTED,2023,2,Q1,China,China,Shenzhen Auto,BMW iX,Electric,Electric,Individual,Individual,CNY,CNY,1,670504.88,7.15,670504.88,OK,84874.04,65816.81,19057.22,43,OK,Female,3.3,OK
BMW-5060,30-03-2031,CORRUPTED,2024,7,Q3,USA,USA,Dallas BMW,BMW M5,M Sport,Hybrid,Corporate Fleet,Corporate Fleet,USD,USD,5,113125.64,5.44,565628.18,OK,518924.93,395105.6,123819.33,61,OK,Female,3.3,OK
BMW-2637,29-03-2031,CORRUPTED,2021,12,Q4,China,China,Guangzhou BMW,BMW i4,Electric,Electric,Individual,Individual,CNY,CNY,1,565511.87,1.56,565511.87,OK,71583.78,52356.85,19226.93,26,OK,Female,3.3,OK
BMW-1304,23-03-2031,CORRUPTED,2020,5,Q2,China,China,Beijing Luxury Motors,BMW X5,SUV,Hybrid,individual,Individual,CNY,CNY,1,562617.21,7.85,562617.21,OK,71217.37,55644.3,15573.07,52,OK,Prefer not to say,3.3,OK
BMW-5355,22-03-2031,CORRUPTED,2024,10,Q4,China,China,Guangzhou BMW,BMW X5,SUV,Petrol,Individual,Individual,CNY,CNY,1,561861.15,6.52,561861.15,OK,71121.66,54781.95,16339.71,54,OK,Prefer not to say,3.3,OK
BMW-4814,20-03-2031,CORRUPTED,2024,4,Q2,China,China,Shanghai BMW,BMW i4,Electric,Electric,individual,Individual,CNY,CNY,1,560460.55,1.21,560460.55,OK,70944.37,51705.22,19239.16,49,OK,Male,3.3,OK
BMW-1093,19-02-2031,CORRUPTED,2020,2,Q1,USA,USA,Miami Auto Group,BMW X7,SUV,Petrol,Lease,Lease,USD,USD,5,108811.65,5.08,544058.26,OK,499136.02,378614.38,120521.64,40,OK,Female,3.3,OK
BMW-1242,12-02-2031,CORRUPTED,2020,4,Q2,China,China,Guangzhou BMW,BMW i4,Electric,Electric,Individual,Individual,CNY,CNY,1,536686.77,2.14,536686.77,OK,67935.03,49985.16,17949.87,43,OK,Female,3.3,OK
BMW-3517,19-01-2031,CORRUPTED,2022,12,Q4,Australia,Australia,Sydney BMW,BMW X3,SUV,Petrol,Corporate Fleet,Corporate Fleet,AUD,AUD,6,87579.66,2.74,525477.94,OK,318471.48,235771.21,82700.27,34,OK,Female,3.3,OK
BMW-1755,21-10-2030,CORRUPTED,2020,12,Q4,Germany,Germany,Stuttgart Motors,BMW X5,SUV,Diesel,lease,Lease,EUR,EUR,7,69194.94,2.65,484364.57,OK,484364.57,358245,126119.57,45,OK,Prefer not to say,3.3,OK
BMW-3470,29-09-2030,CORRUPTED,2022,12,Q4,USA,USA,Chicago Motors,BMW X5,SUV,Petrol,lease,Lease,USD,USD,6,79442.85,1.86,476657.11,OK,437300.11,320817.46,116482.64,26,OK,Female,3.3,OK
BMW-2224,17-08-2030,CORRUPTED,2021,6,Q2,Australia,Australia,Melbourne Auto Group,BMW 3 Series,Sedan,Hybrid,Corporate Fleet,Corporate Fleet,AUD,AUD,6,76641.58,5.43,459849.5,OK,278696.67,212190.55,66506.12,62,OK,Prefer not to say,3.3,OK
BMW-5432,30-03-2030,CORRUPTED,2024,11,Q4,China,China,Shenzhen Auto,BMW X3,SUV,Diesel,individual,Individual,CNY,CNY,1,417242.78,6.45,417242.78,OK,52815.54,40649.56,12165.98,62,OK,Female,3.3,OK
BMW-4232,27-03-2030,CORRUPTED,2023,9,Q3,China,China,Guangzhou BMW,BMW X3,SUV,Diesel,Individual,Individual,CNY,CNY,1,416780.65,5.44,416780.65,OK,52757.04,40169.23,12587.81,35,OK,Prefer not to say,3.3,OK
BMW-3809,18-03-2030,CORRUPTED,2023,4,Q2,China,China,Shanghai BMW,BMW 5 Series,Sedan,Hybrid,Individual,Individual,CNY,CNY,1,415087.98,7.86,415087.98,OK,52542.78,41056.34,11486.45,39,OK,Female,3.3,OK
BMW-1663,09-03-2030,CORRUPTED,2020,10,Q4,UAE,UAE,Abu Dhabi Motors,BMW 7 Series,Sedan,Petrol,Individual,Individual,AED,AED,1,412723.23,2.23,412723.23,OK,103180.81,75984.7,27196.11,25,OK,Prefer not to say,3.3,OK
BMW-4826,31-01-2030,CORRUPTED,2024,4,Q2,China,China,Beijing Luxury Motors,BMW X3,SUV,Diesel,individual,Individual,CNY,CNY,1,404404.33,6.82,404404.33,OK,51190.42,39554.25,11636.18,63,OK,Male,3.3,OK
BMW-3661,02-09-2029,CORRUPTED,2023,2,Q1,UAE,UAE,Abu Dhabi Motors,BMW iX,Electric,Electric,individual,Individual,AED,AED,1,360738.3,6.27,360738.3,OK,90184.57,69277.57,20907.01,67,OK,Male,3.3,OK
BMW-4083,19-08-2029,CORRUPTED,2023,7,Q3,UAE,UAE,Abu Dhabi Motors,BMW 3 Series,Sedan,Petrol,lease,Lease,AED,AED,2,178409.92,4.99,356819.85,OK,89204.96,67599.04,21605.92,55,OK,Male,3.3,OK
BMW-2349,05-08-2029,CORRUPTED,2021,8,Q3,UAE,UAE,Dubai BMW,BMW 7 Series,Sedan,Hybrid,Individual,Individual,AED,AED,1,354565.59,2.61,354565.59,OK,88641.4,65531.77,23109.63,37,OK,Prefer not to say,3.3,OK
BMW-3557,29-07-2029,CORRUPTED,2023,1,Q1,UK,UK,Manchester Prestige,BMW X5,SUV,Hybrid,Lease,Lease,GBP,GBP,6,58784.24,0.26,352705.41,OK,410122.57,296069.33,114053.24,64,OK,Female,3.3,OK
BMW-3590,25-07-2029,CORRUPTED,2023,1,Q1,UAE,UAE,Dubai BMW,BMW M3,M Sport,Hybrid,Individual,Individual,AED,AED,1,351970.12,4.17,351970.12,OK,87992.53,66113.4,21879.13,37,OK,Female,3.3,OK
BMW-1697,06-06-2029,CORRUPTED,2020,11,Q4,USA,USA,New York BMW,BMW iX,Electric,Electric,corporate fleet,Corporate Fleet,USD,USD,4,85488.57,6.14,341954.28,OK,313719.53,240655.61,73063.91,34,OK,Female,3.3,OK
BMW-1255,02-06-2029,CORRUPTED,2020,4,Q2,UAE,UAE,Dubai BMW,BMW iX,Electric,Electric,Individual,Individual,AED,AED,1,340714.53,2.85,340714.53,OK,85178.63,63124.76,22053.88,60,OK,Male,3.3,OK
BMW-1479,29-05-2029,CORRUPTED,2020,8,Q3,USA,USA,Miami Auto Group,BMW X3,SUV,Petrol,Lease,Lease,USD,USD,6,56679.03,3.52,340074.18,OK,311994.66,232820.35,79174.31,61,OK,Male,3.3,OK
BMW-4073,03-04-2029,CORRUPTED,2023,7,Q3,China,China,Shanghai BMW,BMW 3 Series,Sedan,Petrol,individual,Individual,CNY,CNY,1,326108.3,4.57,326108.3,OK,41279.53,31143.25,10136.28,27,OK,Female,3.3,OK
BMW-4160,21-03-2029,CORRUPTED,2023,8,Q3,UAE,UAE,Abu Dhabi Motors,BMW iX,Electric,Electric,Individual,Individual,AED,AED,1,323544.29,6.81,323544.29,OK,80886.07,62492.95,18393.12,46,OK,Prefer not to say,3.3,OK
BMW-2470,27-01-2029,CORRUPTED,2021,10,Q4,USA,USA,Chicago Motors,BMW X3,SUV,Hybrid,Corporate Fleet,Corporate Fleet,USD,USD,6,51559.5,6.05,309357.02,OK,283813.78,217512.32,66301.46,66,OK,Male,3.3,OK
BMW-2218,19-12-2028,CORRUPTED,2021,6,Q2,UAE,UAE,Dubai BMW,BMW M3,M Sport,Petrol,Individual,Individual,AED,AED,1,301049.56,6.69,301049.56,OK,75262.39,58075.03,17187.36,28,OK,Female,3.3,OK
BMW-4189,20-10-2028,CORRUPTED,2023,9,Q3,Germany,Germany,BMW Munich HQ,BMW iX,Electric,Electric,Government,Government,EUR,EUR,3,93721.46,0.23,281164.37,OK,281164.37,202897.13,78267.24,29,OK,Female,3.3,OK
BMW-5511,15-08-2028,CORRUPTED,2024,12,Q4,USA,USA,Dallas BMW,BMW X3,SUV,Hybrid,Lease,Lease,USD,USD,5,52130.58,7.91,260652.89,OK,239131.09,186955.01,52176.09,41,OK,Prefer not to say,3.3,OK
BMW-1677,17-06-2028,CORRUPTED,2020,11,Q4,Germany,Germany,Stuttgart Motors,BMW 2 Series,Coupe,Hybrid,corporate fleet,Corporate Fleet,EUR,EUR,6,40613.8,0.57,243682.82,OK,243682.82,176464.9,67217.92,42,OK,Male,3.3,OK
BMW-4370,03-05-2028,CORRUPTED,2023,11,Q4,UK,UK,London BMW Centre,BMW 2 Series,Coupe,Hybrid,Corporate Fleet,Corporate Fleet,GBP,GBP,7,32740.07,7.35,229180.51,OK,266488.97,207095.25,59393.72,31,OK,Female,3.3,OK
BMW-2670,28-03-2028,CORRUPTED,2022,1,Q1,Germany,Germany,BMW Munich HQ,BMW 5 Series,Sedan,Petrol,Government,Government,EUR,EUR,4,55130.12,6.85,220520.49,OK,220520.49,170455.33,50065.16,28,OK,Male,3.3,OK
BMW-4421,17-02-2028,CORRUPTED,2023,11,Q4,South Africa,South Africa,Johannesburg Motors,BMW i7,Electric,Electric,Corporate Fleet,Corporate Fleet,ZAR,ZAR,8,2636965.23,4.15,210957.2185,OK,1054786.09,792298.82,262487.27,66,OK,Prefer not to say,3.3,OK
BMW-5292,04-02-2028,CORRUPTED,2024,9,Q3,UAE,UAE,Dubai BMW,BMW X3,SUV,Diesel,Government,Government,AED,AED,1,207082.18,7.76,207082.18,OK,51770.55,40411.69,11358.86,70,OK,Prefer not to say,3.3,OK
BMW-3188,28-11-2027,CORRUPTED,2022,8,Q3,UK,UK,Manchester Prestige,BMW M3,M Sport,Hybrid,Corporate Fleet,Corporate Fleet,Gbp,GBP,3,63072.9,6.82,189218.7,OK,220021.74,170009.47,50012.27,46,OK,Prefer not to say,3.3,OK
BMW-3014,06-08-2027,CORRUPTED,2022,6,Q2,Germany,Germany,AutohaUSA Berlin,BMW X3,SUV,Hybrid,Corporate Fleet,Corporate Fleet,EUR,EUR,3,50747.28,5.52,152241.83,OK,152241.83,116013.75,36228.08,57,OK,Prefer not to say,3.3,OK
BMW-4275,19-04-2027,CORRUPTED,2023,10,Q4,Germany,Germany,BMW Munich HQ,BMW 3 Series,Sedan,Diesel,Corporate Fleet,Corporate Fleet,eur,EUR,3,42884.79,0.71,128654.36,OK,128654.36,93290.24,35364.12,37,OK,Prefer not to say,3.3,OK
BMW-2458,04-04-2027,CORRUPTED,2021,10,Q4,USA,USA,New York BMW,BMW i7,Electric,Electric,individual,Individual,USD,USD,1,126387.66,7.43,126387.66,OK,115951.98,90184.75,25767.23,40,OK,Male,3.3,OK
BMW-1839,25-12-2026,CORRUPTED,2021,1,Q1,Germany,Germany,Stuttgart Motors,BMW 5 Series,Sedan,Petrol,Corporate Fleet,Corporate Fleet,EUR,EUR,2,56375.29,7.53,112750.59,OK,112750.59,87790.11,24960.48,57,OK,Male,3.3,OK
BMW-5234,12-11-2026,CORRUPTED,2024,9,Q3,USA,USA,Chicago Motors,BMW 7 Series,Sedan,Diesel,Individual,Individual,USD,USD,1,107931.41,7.5,107931.41,OK,99019.64,77071.78,21947.86,47,OK,Prefer not to say,3.3,OK
BMW-2782,06-10-2026,CORRUPTED,2022,2,Q1,Australia,Australia,Melbourne Auto Group,BMW i4,Electric,Electric,individual,Individual,AUD,AUD,1,104315.9,4.95,104315.9,OK,63221.76,47891.73,15330.03,57,OK,Female,3.3,OK
BMW-5249,12-07-2026,CORRUPTED,2024,9,Q3,USA,USA,Miami Auto Group,BMW iX,Electric,Electric,Individual,Individual,USD,USD,1,96558.18,4.87,96558.18,OK,88585.49,67045.72,21539.77,57,OK,Female,3.3,OK
BMW-3620,02-05-2026,CORRUPTED,2023,2,Q1,USA,USA,New York BMW,BMW M3,M Sport,Diesel,Individual,Individual,USD,USD,1,92165.27,7.6,92165.27,OK,84555.29,65890.73,18664.56,33,OK,Male,3.3,OK
BMW-2173,20-02-2026,CORRUPTED,2021,6,Q2,USA,USA,Chicago Motors,BMW 2 Series,Coupe,Hybrid,corporate fleet,Corporate Fleet,USD,USD,2,43332.45,1.68,86664.9,OK,79509.08,58225.22,21283.86,35,OK,Prefer not to say,3.3,OK
BMW-3780,28-12-2025,CORRUPTED,2023,4,Q2,USA,USA,Beverly Hills BMW,BMW X5,SUV,Diesel,Individual,Individual,USD,USD,1,83510.92,0.73,83510.92,OK,76615.52,55568.01,21047.52,70,OK,Female,3.3,OK
BMW-3220,23-12-2025,CORRUPTED,2022,8,Q3,Australia,Australia,Melbourne Auto Group,BMW X3,SUV,Petrol,individual,Individual,AUD,AUD,1,83363.76,2.26,83363.76,OK,50523.49,37216.33,13307.17,25,OK,Male,3.3,OK
BMW-2813,24-10-2025,CORRUPTED,2022,3,Q1,USA,USA,Beverly Hills BMW,BMW M3,M Sport,Petrol,Individual,Individual,USD,USD,1,79463.47,6.56,79463.47,OK,72902.26,56171.8,16730.47,47,OK,Male,3.3,OK
BMW-1703,16-08-2025,CORRUPTED,2020,11,Q4,USA,USA,Dallas BMW,BMW X5,SUV,Diesel,Individual,Individual,USD,USD,1,76150.2,5.71,76150.2,OK,69862.57,53344.72,16517.85,45,OK,Prefer not to say,3.3,OK
BMW-1855,03-08-2025,CORRUPTED,2021,1,Q1,USA,USA,Beverly Hills BMW,BMW X5,SUV,Diesel,Individual,Individual,USD,USD,1,75379.54,6.96,75379.54,OK,69155.54,53519.18,15636.36,54,OK,Male,3.3,OK
BMW-3362,11-06-2025,CORRUPTED,2022,10,Q4,Australia,Australia,Melbourne Auto Group,BMW 3 Series,Sedan,Hybrid,Individual,Individual,AUD,AUD,1,72408.38,2.37,72408.38,OK,43883.87,32362.91,11520.96,33,OK,Prefer not to say,3.3,OK
BMW-3160,27-05-2025,CORRUPTED,2022,8,Q3,Germany,Germany,BMW Munich HQ,BMW X5,SUV,Petrol,individual,Individual,EUR,EUR,1,71289.89,7.31,71289.89,OK,71289.89,55374.16,15915.73,39,OK,Prefer not to say,3.3,OK
BMW-1859,07-05-2025,CORRUPTED,2021,1,Q1,USA,USA,Dallas BMW,BMW 5 Series,Sedan,Diesel,Individual,Individual,USD,USD,1,70217.12,1.63,70217.12,OK,64419.38,47152.68,17266.7,46,OK,Prefer not to say,3.3,OK
BMW-1142,23-04-2025,CORRUPTED,2020,3,Q1,Germany,Germany,AutohaUSA Berlin,BMW X5,SUV,Petrol,Individual,Individual,EUR,EUR,1,69368.05,3.6,69368.05,OK,69368.05,51812.51,17555.55,49,OK,Prefer not to say,3.3,OK
BMW-1705,21-03-2025,CORRUPTED,2020,11,Q4,USA,USA,Miami Auto Group,BMW i4,Electric,Electric,Individual,Individual,USD,USD,1,67522.87,0.89,67522.87,OK,61947.59,45003.74,16943.85,29,OK,Male,3.3,OK
BMW-1214,16-03-2025,CORRUPTED,2020,4,Q2,Germany,Germany,BMW Munich HQ,BMW X5,SUV,Petrol,individual,Individual,EUR,EUR,1,67341.84,4.61,67341.84,OK,67341.84,50829.52,16512.32,46,OK,Female,3.3,OK
BMW-2944,04-03-2025,CORRUPTED,2022,5,Q2,Germany,Germany,BMW Munich HQ,BMW X5,SUV,Petrol,Lease,Lease,EUR,EUR,1,66642.8,5.11,66642.8,OK,66642.8,50568.97,16073.84,51,OK,Female,3.3,OK
BMW-2692,21-01-2025,CORRUPTED,2022,1,Q1,UK,UK,London BMW Centre,BMW X5,SUV,Hybrid,Individual,Individual,gbp,GBP,1,64715.83,2.39,64715.83,OK,75250.97,55508.12,19742.84,45,OK,Male,3.3,OK
BMW-2051,01-11-2024,CORRUPTED,2021,4,Q2,USA,USA,Beverly Hills BMW,BMW 5 Series,Sedan,Diesel,Individual,Individual,USD,USD,1,61676.93,5.44,61676.93,OK,56584.34,43083.42,13500.92,56,OK,Prefer not to say,3.3,OK
BMW-3261,31-10-2024,CORRUPTED,2022,9,Q3,USA,USA,Miami Auto Group,BMW X3,SUV,Petrol,Individual,Individual,USD,USD,1,61659.3,3.35,61659.3,OK,56568.17,42138.64,14429.53,52,OK,Prefer not to say,3.3,OK
BMW-2425,13-08-2024,CORRUPTED,2021,9,Q3,Australia,Australia,Sydney BMW,BMW 2 Series,Coupe,Diesel,individual,Individual,AUD,AUD,1,58886.45,2.54,58886.45,OK,35688.76,26364.3,9324.45,57,OK,Female,3.3,OK
BMW-5109,08-08-2024,CORRUPTED,2024,7,Q3,Australia,Australia,Melbourne Auto Group,BMW 2 Series,Coupe,Hybrid,Individual,Individual,AUD,AUD,1,58755.67,1.9,58755.67,OK,35609.5,26134.43,9475.06,27,OK,Prefer not to say,3.3,OK
BMW-4297,15-07-2024,CORRUPTED,2023,10,Q4,USA,USA,Dallas BMW,BMW X3,SUV,Petrol,Individual,Individual,USD,USD,1,58213.71,4.25,58213.71,OK,53407.07,40159.06,13248.01,48,OK,Female,3.3,OK
BMW-5058,10-07-2024,CORRUPTED,2024,7,Q3,USA,USA,Chicago Motors,BMW 5 Series,Sedan,Petrol,individual,Individual,USD,USD,1,58079.16,7.91,58079.16,OK,53283.63,41659.14,11624.49,30,OK,Prefer not to say,3.3,OK
BMW-1696,09-07-2024,CORRUPTED,2020,11,Q4,USA,USA,Dallas BMW,BMW X3,SUV,Hybrid,Individual,Individual,USD,USD,1,58047.98,1.67,58047.98,OK,53255.03,38995.25,14259.77,39,OK,Male,3.3,OK
BMW-4955,16-06-2024,CORRUPTED,2024,6,Q2,Germany,Germany,Hamburg Drive,BMW i4,Electric,Electric,Individual,Individual,EUR,EUR,1,57483.89,7.45,57483.89,OK,57483.89,44722.13,12761.77,44,OK,Prefer not to say,3.3,OK
BMW-3709,16-01-2024,CORRUPTED,2023,3,Q1,USA,USA,Miami Auto Group,BMW X3,SUV,Diesel,Individual,Individual,USD,USD,1,52380.81,7.64,52380.81,OK,48055.79,37464.3,10591.49,59,OK,Male,3.3,OK
BMW-3799,14-10-2023,CORRUPTED,2023,4,Q2,UK,UK,Manchester Prestige,BMW X3,SUV,Diesel,government,Government,GBP,GBP,1,48398.67,0.79,48398.67,OK,56277.53,40843.94,15433.59,52,OK,Female,3.3,OK
BMW-4042,11-10-2023,CORRUPTED,2023,7,Q3,UK,UK,Manchester Prestige,BMW 5 Series,Sedan,Petrol,Individual,Individual,GBP,GBP,1,48352.31,7.2,48352.31,OK,56223.61,43620.86,12602.75,69,OK,Prefer not to say,3.3,OK
BMW-3226,07-10-2023,CORRUPTED,2022,9,Q3,Germany,Germany,Hamburg Drive,BMW 3 Series,Sedan,Diesel,Individual,Individual,EUR,EUR,1,48194.47,1.49,48194.47,OK,48194.47,35223.68,12970.8,50,OK,Male,3.3,OK
BMW-4643,01-10-2023,CORRUPTED,2024,2,Q1,UK,UK,London BMW Centre,BMW X3,SUV,Petrol,Individual,Individual,GBP,GBP,1,47938.37,0.83,47938.37,OK,55742.29,40469.53,15272.76,60,OK,Male,3.3,OK
BMW-1793,29-08-2023,CORRUPTED,2020,12,Q4,UK,UK,Edinburgh Motors,BMW X3,SUV,Hybrid,Individual,Individual,GBP,GBP,1,46757,2.67,46757,OK,54368.6,40220.24,14148.36,36,OK,Female,3.3,OK
BMW-4784,17-08-2023,CORRUPTED,2024,4,Q2,USA,USA,Chicago Motors,BMW 3 Series,Sedan,Hybrid,Individual,Individual,USD,USD,1,46543.41,6.4,46543.41,OK,42700.37,32845.96,9854.41,32,OK,Male,3.3,OK
BMW-2948,15-05-2023,CORRUPTED,2022,5,Q2,Germany,Germany,AutohaUSA Berlin,BMW 3 Series,Sedan,Petrol,Individual,Individual,EUR,EUR,1,42834.84,6.97,42834.84,OK,42834.84,33152,9682.84,58,OK,Male,3.3,OK
BMW-3610,14-01-2023,CORRUPTED,2023,2,Q1,Germany,Germany,BMW Munich HQ,BMW 2 Series,Coupe,Hybrid,Individual,Individual,eur,EUR,1,36474.05,0.1,36474.05,OK,36474.05,26286.93,10187.12,30,OK,Prefer not to say,3.3,OK
BMW-2060,06-12-2022,CORRUPTED,2021,4,Q2,UK,UK,Manchester Prestige,BMW 2 Series,Coupe,Diesel,Individual,Individual,GBP,GBP,1,31705.43,3.74,31705.43,OK,36866.77,27575.81,9290.96,40,OK,Female,3.3,OK
BMW-2002,13-11-2022,CORRUPTED,2021,3,Q1,China,China,Beijing Luxury Motors,BMW 5 Series,Sedan,Petrol,Individual,Individual,CNY,CNY,1,491003.66,3.82,4910.0366,OK,62152.36,46526.45,15625.91,30,OK,Female,3.3,OK
BMW-4157,06-02-2035,CORRUPTED,2023,8,Q3,India,India,Mumbai BMW,BMW X7,SUV,Hybrid,,,INR,INR,7,8761965.43,4.62,61333758.03,OK,673997.34,508759.24,165238.1,27,OK,Female,3.4,OK
BMW-3746,07-01-2035,CORRUPTED,2023,3,Q1,India,India,Mumbai BMW,BMW X3,SUV,Hybrid,Lease,Lease,INR,INR,7,4603469.2,7.79,32224284.4,OK,354113.02,276507.53,77605.49,41,OK,Male,3.4,OK
BMW-5285,29-12-2034,CORRUPTED,2024,9,Q3,India,India,Delhi Prestige Auto,BMW 3 Series,Sedan,Petrol,Corporate Fleet,Corporate Fleet,INR,INR,7,4014640.26,4.73,28102481.85,OK,308818.48,233384.9,75433.58,50,OK,Prefer not to say,3.4,OK
BMW-5286,04-12-2034,CORRUPTED,2024,9,Q3,India,India,Mumbai BMW,BMW 5 Series,Sedan,Diesel,corporate fleet,Corporate Fleet,INR,INR,4,5260338.24,1.19,21041352.95,OK,231223.66,168494.18,62729.48,68,OK,Female,3.4,OK
BMW-4399,28-11-2034,CORRUPTED,2023,11,Q4,India,India,Mumbai BMW,BMW X3,SUV,Diesel,Lease,Lease,INR,INR,4,4908729.75,1.73,19634919.01,OK,215768.34,158083.96,57684.39,44,OK,Prefer not to say,3.4,OK
BMW-5184,24-07-2034,CORRUPTED,2024,8,Q3,India,India,Mumbai BMW,BMW iX,Electric,Electric,Individual,Individual,INR,INR,1,7230689.4,6.89,7230689.4,OK,79458.13,61444.48,18013.65,55,OK,Male,3.4,OK
BMW-4245,20-07-2034,CORRUPTED,2023,9,Q3,India,India,Delhi Prestige Auto,BMW X5,SUV,Diesel,Individual,Individual,INR,INR,1,7044360.21,2.7,7044360.21,OK,77410.55,57281.41,20129.14,35,OK,Male,3.4,OK
BMW-4261,13-06-2034,CORRUPTED,2023,9,Q3,South Africa,South Africa,Cape Town BMW,BMW 5 Series,Sedan,Diesel,Lease,Lease,ZAR,ZAR,5,1248852.49,4.5,6244262.44,OK,312213.12,235381.52,76831.6,67,OK,Prefer not to say,3.4,OK
BMW-3282,15-05-2034,CORRUPTED,2022,9,Q3,India,India,Bangalore Motors,BMW i4,Electric,Electric,individual,Individual,INR,INR,1,5641693.63,3.42,5641693.63,OK,61996.63,46220.23,15776.41,40,OK,Male,3.4,OK
BMW-5099,15-04-2034,CORRUPTED,2024,7,Q3,India,India,Delhi Prestige Auto,BMW X3,SUV,Hybrid,Government,Government,INR,INR,1,5153042.54,4.75,5153042.54,OK,56626.84,42806.01,13820.83,36,OK,Female,3.4,OK
BMW-3424,26-12-2033,CORRUPTED,2022,11,Q4,India,India,Delhi Prestige Auto,BMW 3 Series,Sedan,Hybrid,Individual,Individual,INR,INR,1,3645332.13,3.97,3645332.13,OK,40058.59,30034.48,10024.11,46,OK,Male,3.4,OK
BMW-2509,25-12-2033,CORRUPTED,2021,10,Q4,South Africa,South Africa,Johannesburg Motors,BMW 3 Series,Sedan,Diesel,Government,Government,ZAR,ZAR,4,911033.34,7.33,3644133.35,OK,182206.67,141560.23,40646.44,55,OK,Male,3.4,OK
BMW-3206,21-10-2033,CORRUPTED,2022,8,Q3,China,China,Shenzhen Auto,BMW 3 Series,Sedan,Hybrid,Corporate Fleet,Corporate Fleet,CNY,CNY,8,378430.23,2.8,3027441.84,OK,383220.49,283873.39,99347.1,64,OK,Female,3.4,OK
BMW-2334,24-08-2033,CORRUPTED,2021,8,Q3,China,China,Shenzhen Auto,BMW X3,SUV,Petrol,government,Government,CNY,CNY,6,417725.05,4.57,2506350.28,OK,317259.53,239359,77900.53,50,OK,Female,3.4,OK
BMW-2264,22-07-2033,CORRUPTED,2021,7,Q3,China,China,Shanghai BMW,BMW 5 Series,Sedan,Diesel,Lease,Lease,CNY,CNY,5,455059.3,3.15,2275296.49,OK,288012.21,214105.77,73906.44,39,OK,Female,3.4,OK
BMW-1809,19-06-2033,CORRUPTED,2020,12,Q4,China,China,Beijing Luxury Motors,BMW X3,SUV,Petrol,Lease,Lease,CNY,CNY,5,426438.59,4.88,2132192.94,OK,269897.84,204296.22,65601.62,999,BAD AGE,Prefer not to say,3.4,OK
BMW-3209,28-05-2033,CORRUPTED,2022,8,Q3,China,China,Shenzhen Auto,BMW iX,Electric,Electric,Corporate Fleet,Corporate Fleet,CNY,CNY,3,675251.81,1.82,2025755.43,OK,256424.74,188056.9,68367.84,43,OK,Male,3.4,OK
BMW-1056,16-05-2033,CORRUPTED,2020,1,Q1,UAE,UAE,Abu Dhabi Motors,BMW M3,M Sport,Hybrid,Corporate Fleet,Corporate Fleet,AED,AED,6,328356.88,5.54,1970141.31,OK,492535.33,375404.69,117130.64,32,OK,Female,3.4,OK
BMW-4266,03-05-2033,CORRUPTED,2023,9,Q3,South Africa,South Africa,Cape Town BMW,BMW X7,SUV,Diesel,Individual,Individual,ZAR,ZAR,1,1896474.53,7.99,1896474.53,OK,94823.73,74198.95,20624.78,25,OK,Male,3.4,OK
BMW-3296,18-04-2033,CORRUPTED,2022,9,Q3,South Africa,South Africa,Cape Town BMW,BMW 7 Series,Sedan,Petrol,Individual,Individual,ZAR,ZAR,1,1836989.54,0.81,1836989.54,OK,91849.48,66670.47,25179.01,27,OK,Female,3.4,OK
BMW-2284,13-04-2033,CORRUPTED,2021,7,Q3,South Africa,South Africa,Cape Town BMW,BMW iX,Electric,Electric,Individual,Individual,ZAR,ZAR,1,1810270.41,1.56,1810270.41,OK,90513.52,66204.96,24308.56,65,OK,Prefer not to say,3.4,OK
BMW-5541,11-03-2033,CORRUPTED,2024,12,Q4,China,China,Beijing Luxury Motors,BMW 3 Series,Sedan,Petrol,corporate fleet,Corporate Fleet,CNY,CNY,5,342279.21,2.68,1711396.07,OK,216632.41,160268.32,56364.09,49,OK,Prefer not to say,3.4,OK
BMW-4512,08-02-2033,CORRUPTED,2023,12,Q4,South Africa,South Africa,Cape Town BMW,BMW 3 Series,Sedan,Hybrid,Corporate Fleet,Corporate Fleet,ZAR,ZAR,2,795824.22,7.11,1591648.43,OK,79582.42,61686.44,17895.98,69,OK,Prefer not to say,3.4,OK
BMW-1202,05-02-2033,CORRUPTED,2020,3,Q1,South Africa,South Africa,Johannesburg Motors,BMW X5,SUV,Hybrid,Corporate Fleet,Corporate Fleet,ZAR,ZAR,1,1575760.87,1.21,1575760.87,OK,78788.04,57424.18,21363.87,57,OK,Male,3.4,OK
BMW-2578,12-01-2033,CORRUPTED,2021,11,Q4,UAE,UAE,Dubai BMW,BMW 3 Series,Sedan,Hybrid,Corporate Fleet,Corporate Fleet,AED,AED,8,184983.17,3.94,1479865.36,OK,369966.34,277312.59,92653.75,45,OK,Prefer not to say,3.4,OK
BMW-5449,06-12-2032,CORRUPTED,2024,11,Q4,UAE,UAE,Dubai BMW,BMW 3 Series,Sedan,Petrol,Corporate Fleet,Corporate Fleet,AED,AED,7,193688.1,0.3,1355816.69,OK,338954.17,244790.18,94163.99,55,OK,Prefer not to say,3.4,OK
BMW-4165,27-11-2032,CORRUPTED,2023,8,Q3,UAE,UAE,Abu Dhabi Motors,BMW M3,M Sport,Petrol,government,Government,AED,AED,4,332809.9,6.06,1331239.61,OK,332809.9,255070.07,77739.84,50,OK,Female,3.4,OK
BMW-2154,04-10-2032,CORRUPTED,2021,5,Q2,South Africa,South Africa,Johannesburg Motors,BMW i4,Electric,Electric,Corporate Fleet,Corporate Fleet,ZAR,ZAR,1,1169791.43,5.36,1169791.43,OK,58489.57,44499.19,13990.38,48,OK,Female,3.4,OK
BMW-2930,27-09-2032,CORRUPTED,2022,4,Q2,UAE,UAE,Dubai BMW,BMW i4,Electric,Electric,corporate fleet,Corporate Fleet,AED,AED,4,284936.6,4.49,1139746.42,OK,284936.6,214797.03,70139.58,29,OK,Prefer not to say,3.4,OK
BMW-2029,23-09-2032,CORRUPTED,2021,3,Q1,South Africa,South Africa,Johannesburg Motors,BMW 5 Series,Sedan,Hybrid,Individual,Individual,ZAR,ZAR,1,1125306.97,2.46,1125306.97,OK,56265.35,41531.79,14733.56,56,OK,Male,3.4,OK
BMW-4846,21-09-2032,CORRUPTED,2024,4,Q2,South Africa,South Africa,Johannesburg Motors,BMW X3,SUV,Petrol,Individual,Individual,ZAR,ZAR,1,1121677.4,2.64,1121677.4,OK,56083.87,41476.07,14607.8,55,OK,Prefer not to say,3.4,OK
BMW-4767,13-09-2032,CORRUPTED,2024,3,Q1,South Africa,South Africa,Cape Town BMW,BMW 5 Series,Sedan,Hybrid,Individual,Individual,ZAR,ZAR,1,1090610.46,3.65,1090610.46,OK,54530.52,40750.21,13780.31,44,OK,Prefer not to say,3.4,OK
BMW-1463,26-03-2032,CORRUPTED,2020,7,Q3,South Africa,South Africa,Johannesburg Motors,BMW 2 Series,Coupe,Hybrid,individual,Individual,ZAR,ZAR,1,827352.59,3.69,827352.59,OK,41367.63,30926.44,10441.19,41,OK,Male,3.4,OK
BMW-2991,06-02-2032,CORRUPTED,2022,5,Q2,China,China,Shenzhen Auto,BMW X7,SUV,Hybrid,individual,Individual,CNY,CNY,1,774278.4,1.69,774278.4,OK,98009.92,71779.99,26229.94,60,OK,Prefer not to say,3.4,OK
BMW-3180,27-12-2031,CORRUPTED,2022,8,Q3,USA,USA,Miami Auto Group,BMW M3,M Sport,Hybrid,Corporate Fleet,Corporate Fleet,USD,USD,8,91517.07,6.86,732136.6,OK,671684.95,519244.36,152440.59,42,OK,Male,3.4,OK
BMW-2335,24-12-2031,CORRUPTED,2021,8,Q3,China,China,Shenzhen Auto,BMW X7,SUV,Petrol,Lease,Lease,CNY,CNY,1,729933.03,2.93,729933.03,OK,92396.59,68536.67,23859.91,69,OK,Female,3.4,OK
BMW-3817,28-11-2031,CORRUPTED,2023,4,Q2,China,China,Beijing Luxury Motors,BMW 7 Series,Sedan,Hybrid,Government,Government,CNY,CNY,1,715289.95,6.82,715289.95,OK,90543.03,69961.61,20581.42,69,OK,Prefer not to say,3.4,OK
BMW-5233,24-11-2031,CORRUPTED,2024,9,Q3,USA,USA,Beverly Hills BMW,BMW iX,Electric,Electric,Corporate Fleet,Corporate Fleet,USD,USD,7,101820.96,6.6,712746.69,OK,653896.04,504091.93,149804.11,150,BAD AGE,Male,3.4,OK
BMW-1113,12-09-2031,CORRUPTED,2020,2,Q1,China,China,Beijing Luxury Motors,BMW M3,M Sport,Hybrid,Individual,Individual,CNY,CNY,1,660255.55,6.02,660255.55,OK,83576.65,64029.1,19547.55,66,OK,Male,3.4,OK
BMW-4940,11-08-2031,CORRUPTED,2024,5,Q2,Australia,Australia,Sydney BMW,BMW X5,SUV,Hybrid,Corporate Fleet,Corporate Fleet,AUD,AUD,5,127651.66,1.54,638258.31,OK,386823.22,282874.69,103948.53,31,OK,Prefer not to say,3.4,OK
BMW-2486,07-08-2031,CORRUPTED,2021,10,Q4,China,China,Guangzhou BMW,BMW X5,SUV,Petrol,Lease,Lease,CNY,CNY,1,636530.1,1.17,636530.1,OK,80573.43,58701.39,21872.04,48,OK,Prefer not to say,3.4,OK
BMW-1886,09-07-2031,CORRUPTED,2021,1,Q1,China,China,Shanghai BMW,BMW X5,SUV,Petrol,individual,Individual,CNY,CNY,1,617213.89,2.18,617213.89,OK,78128.34,57503.43,20624.91,63,OK,Male,3.4,OK
BMW-1574,13-05-2031,CORRUPTED,2020,9,Q3,China,China,Shanghai BMW,BMW X5,SUV,Hybrid,Individual,Individual,CNY,CNY,1,587927,6.31,587927,OK,74421.14,57190.56,17230.58,55,OK,Female,3.4,OK
BMW-4291,18-03-2031,CORRUPTED,2023,10,Q4,USA,USA,Miami Auto Group,BMW X5,SUV,Hybrid,Corporate Fleet,Corporate Fleet,USD,USD,7,80042.63,5.77,560298.39,OK,514035.22,392764.27,121270.95,0,BAD AGE,Female,3.4,OK
BMW-1287,22-01-2031,CORRUPTED,2020,5,Q2,USA,USA,New York BMW,BMW 5 Series,Sedan,Hybrid,Corporate Fleet,Corporate Fleet,USD,USD,8,65768.15,5.57,526145.23,OK,482702.05,368038.46,114663.58,49,OK,Female,3.4,OK
BMW-4288,15-12-2030,CORRUPTED,2023,10,Q4,USA,USA,New York BMW,BMW X7,SUV,Diesel,Corporate Fleet,Corporate Fleet,USD,USD,5,101739.62,0.01,508698.12,OK,466695.53,336053.14,130642.39,29,OK,Male,3.4,OK
BMW-2171,18-11-2030,CORRUPTED,2021,6,Q2,Germany,Germany,Hamburg Drive,BMW M3,M Sport,Petrol,Corporate Fleet,Corporate Fleet,EUR,EUR,6,82961.39,3.35,497768.31,OK,497768.31,370804.44,126963.87,64,OK,Prefer not to say,3.4,OK
BMW-2839,29-08-2030,CORRUPTED,2022,3,Q1,China,China,Guangzhou BMW,BMW i4,Electric,Electric,individual,Individual,CNY,CNY,1,465741.14,7.46,465741.14,OK,58954.58,45869.72,13084.86,52,OK,Female,3.4,OK
BMW-4575,15-07-2030,CORRUPTED,2024,1,Q1,China,China,Beijing Luxury Motors,BMW X3,SUV,Petrol,Individual,Individual,CNY,CNY,1,447641.54,0.88,447641.54,OK,56663.49,41159.45,15504.03,52,OK,Male,3.4,OK
BMW-3093,30-06-2030,CORRUPTED,2022,7,Q3,Germany,Germany,BMW Munich HQ,BMW 5 Series,Sedan,Diesel,Corporate Fleet,Corporate Fleet,EUR,EUR,8,55221.23,2.19,441769.85,OK,441769.85,325180.38,116589.47,61,OK,Male,3.4,OK
BMW-5306,17-05-2030,CORRUPTED,2024,10,Q4,Germany,Germany,Stuttgart Motors,BMW iX,Electric,Electric,Lease,Lease,EUR,EUR,5,85945.11,0.33,429725.55,OK,429725.55,310414.93,119310.62,67,OK,Male,3.4,OK
BMW-5359,15-04-2030,CORRUPTED,2024,10,Q4,China,China,Beijing Luxury Motors,BMW 5 Series,Sedan,Petrol,Corporate Fleet,Corporate Fleet,CNY,CNY,1,419642.03,7.17,419642.03,OK,53119.24,41198.53,11920.72,34,OK,Male,3.4,OK
BMW-2559,17-03-2030,CORRUPTED,2021,11,Q4,China,China,Shenzhen Auto,BMW X3,SUV,Petrol,Individual,Individual,CNY,CNY,1,414983.39,5.16,414983.39,OK,52529.54,39879.53,12650.01,45,OK,Female,3.4,OK
BMW-4894,07-01-2030,CORRUPTED,2024,5,Q2,UK,UK,Manchester Prestige,BMW 5 Series,Sedan,Hybrid,lease,Lease,GBP,GBP,8,49853.35,1.79,398826.78,OK,463752.07,339998.96,123753.11,60,OK,Male,3.4,OK
BMW-2104,15-12-2029,CORRUPTED,2021,5,Q2,USA,USA,Miami Auto Group,BMW i4,Electric,Electric,lease,Lease,USD,USD,6,65190.96,3.99,391145.79,OK,358849.35,269095.07,89754.27,31,OK,Female,3.4,OK
BMW-2767,10-12-2029,CORRUPTED,2022,2,Q1,China,China,Shanghai BMW,BMW X3,SUV,Petrol,Individual,Individual,CNY,CNY,1,389466.64,5.89,389466.64,OK,49299.58,37718.99,11580.59,58,OK,Prefer not to say,3.4,OK
BMW-5279,03-12-2029,CORRUPTED,2024,9,Q3,China,China,Shanghai BMW,BMW X3,SUV,Petrol,Individual,Individual,CNY,CNY,1,387992.59,6.33,387992.59,OK,49112.99,37751.9,11361.09,43,OK,Female,3.4,OK
BMW-4497,17-11-2029,CORRUPTED,2023,12,Q4,China,China,Shenzhen Auto,BMW 3 Series,Sedan,Hybrid,individual,Individual,CNY,CNY,1,382328.89,1.46,382328.89,OK,48396.06,35362,13034.06,67,OK,Male,3.4,OK
BMW-2566,28-10-2029,CORRUPTED,2021,11,Q4,China,China,Shanghai BMW,BMW X3,SUV,Hybrid,Individual,Individual,CNY,CNY,1,376197.93,6.98,376197.93,OK,47619.99,36858.83,10761.16,62,OK,Female,3.4,OK
BMW-4827,21-10-2029,CORRUPTED,2024,4,Q2,China,China,Shanghai BMW,BMW 3 Series,Sedan,Hybrid,Individual,Individual,CNY,CNY,1,373405.1,4.17,373405.1,OK,47266.47,35514.47,11752,46,OK,Female,3.4,OK
BMW-4658,19-09-2029,CORRUPTED,2024,2,Q1,China,China,Shenzhen Auto,BMW X3,SUV,Diesel,Individual,Individual,CNY,CNY,1,364968.61,7.84,364968.61,OK,46198.56,36093.63,10104.93,43,OK,Male,3.4,OK
BMW-3818,09-08-2029,CORRUPTED,2023,4,Q2,China,China,Shenzhen Auto,BMW 3 Series,Sedan,Petrol,individual,Individual,CNY,CNY,1,355843.01,4.88,355843.01,OK,45043.42,34096.57,10946.84,52,OK,Male,3.4,OK
BMW-3146,10-07-2029,CORRUPTED,2022,7,Q3,UAE,UAE,Dubai BMW,BMW iX,Electric,Electric,individual,Individual,AED,AED,1,347852.82,2.53,347852.82,OK,86963.21,64241.04,22722.17,65,OK,Female,3.4,OK
BMW-3894,11-06-2029,CORRUPTED,2023,5,Q2,China,China,Shanghai BMW,BMW 3 Series,Sedan,Hybrid,Individual,Individual,CNY,CNY,1,342533.59,3.68,342533.59,OK,43358.68,32411.86,10946.83,47,OK,Male,3.4,OK
BMW-1158,04-03-2029,CORRUPTED,2020,3,Q1,USA,USA,Chicago Motors,BMW 3 Series,Sedan,Diesel,Lease,Lease,USD,USD,7,45440.1,1.11,318080.72,OK,291817.17,212468.07,79349.1,33,OK,Male,3.4,OK
BMW-2476,06-02-2029,CORRUPTED,2021,10,Q4,China,China,Beijing Luxury Motors,BMW 3 Series,Sedan,Hybrid,Individual,Individual,CNY,CNY,1,313602.75,5.41,313602.75,OK,39696.55,30216.07,9480.48,34,OK,Female,3.4,OK
BMW-1869,11-01-2029,CORRUPTED,2021,1,Q1,UK,UK,Edinburgh Motors,BMW 5 Series,Sedan,Hybrid,Corporate Fleet,Corporate Fleet,GBP,GBP,6,50821.48,0.55,304928.86,OK,354568.45,256700.39,97868.06,49,OK,Female,3.4,OK
BMW-2551,27-12-2028,CORRUPTED,2021,11,Q4,UK,UK,London BMW Centre,BMW i4,Electric,Electric,lease,Lease,GBP,GBP,6,50289.99,5.44,301739.97,OK,350860.43,267158.28,83702.15,39,OK,Male,3.4,OK
BMW-4856,18-12-2028,CORRUPTED,2024,5,Q2,Germany,Germany,Hamburg Drive,BMW 3 Series,Sedan,Hybrid,Corporate Fleet,Corporate Fleet,EUR,EUR,7,42993.48,1.05,300954.38,OK,300954.38,218995.73,81958.64,49,OK,Prefer not to say,3.4,OK
BMW-5508,13-12-2028,CORRUPTED,2024,12,Q4,USA,USA,Dallas BMW,BMW 3 Series,Sedan,Hybrid,Corporate Fleet,Corporate Fleet,USD,USD,6,50013.43,3.87,300080.57,OK,275303.27,206208.83,69094.44,51,OK,Male,3.4,OK
BMW-3332,10-12-2028,CORRUPTED,2022,10,Q4,China,China,Beijing Luxury Motors,BMW 3 Series,Sedan,Diesel,Individual,Individual,CNY,CNY,1,299117.38,7.4,299117.38,OK,37862.96,29438.99,8423.96,67,OK,Prefer not to say,3.4,OK
BMW-5339,23-09-2028,CORRUPTED,2024,10,Q4,UK,UK,Edinburgh Motors,BMW 2 Series,Coupe,Hybrid,Lease,Lease,GBP,GBP,8,33963.8,4.9,271710.39,OK,315942.31,239190.11,76752.2,65,OK,Prefer not to say,3.4,OK
BMW-3230,21-08-2028,CORRUPTED,2022,9,Q3,Germany,Germany,AutohaUSA Berlin,BMW 3 Series,Sedan,Petrol,Corporate Fleet,Corporate Fleet,eur,EUR,6,43806.17,5.7,262837,OK,262837,200683.21,62153.79,50,OK,Female,3.4,OK
BMW-5291,21-02-2028,CORRUPTED,2024,9,Q3,UAE,UAE,Dubai BMW,BMW X3,SUV,Hybrid,Individual,Individual,AED,AED,1,211684.6,7.42,211684.6,OK,52921.15,41157.49,11763.66,61,OK,Female,3.4,OK
BMW-4373,11-02-2028,CORRUPTED,2023,11,Q4,UK,UK,Manchester Prestige,BMW iX,Electric,Electric,Corporate Fleet,Corporate Fleet,Gbp,GBP,3,69568.79,7.55,208706.36,OK,242681.82,188990.84,53690.97,999,BAD AGE,Prefer not to say,3.4,OK
BMW-1453,06-01-2028,CORRUPTED,2020,7,Q3,UAE,UAE,Abu Dhabi Motors,BMW X3,SUV,Hybrid,individual,Individual,AED,AED,1,200605.55,6.62,200605.55,OK,50151.39,38669,11482.38,51,OK,Female,3.4,OK
BMW-2546,05-01-2028,CORRUPTED,2021,11,Q4,UK,UK,Manchester Prestige,BMW X3,SUV,Petrol,Government,Government,GBP,GBP,4,50148.8,0.63,200595.22,OK,233250.25,169003.23,64247.02,51,OK,Female,3.4,OK
BMW-1329,31-12-2027,CORRUPTED,2020,5,Q2,Australia,Australia,Melbourne Auto Group,BMW M5,M Sport,Diesel,Individual,Individual,AUD,AUD,1,199621.46,6.24,199621.46,OK,120982.71,92903.63,28079.08,67,OK,Female,3.4,OK
BMW-3984,04-09-2027,CORRUPTED,2023,6,Q2,UAE,UAE,Abu Dhabi Motors,BMW 2 Series,Coupe,Petrol,Individual,Individual,AED,AED,1,159265.52,4.84,159265.52,OK,39816.38,30126.07,9690.31,46,OK,Prefer not to say,3.4,OK
BMW-1457,31-07-2027,CORRUPTED,2020,7,Q3,UAE,UAE,Dubai BMW,BMW 2 Series,Coupe,Diesel,Individual,Individual,AED,AED,1,150795.77,0.1,150795.77,OK,37698.94,27169.58,10529.36,50,OK,Prefer not to say,3.4,OK
BMW-3152,26-06-2027,CORRUPTED,2022,7,Q3,Australia,Australia,Sydney BMW,BMW iX,Electric,Electric,individual,Individual,AUD,AUD,1,144120.36,4.5,144120.36,OK,87345.67,65854.06,21491.62,34,OK,Male,3.4,OK
BMW-3112,13-05-2027,CORRUPTED,2022,7,Q3,USA,USA,Chicago Motors,BMW M5,M Sport,Hybrid,individual,Individual,USD,USD,1,134745.68,3.18,134745.68,OK,123619.89,91930.71,31689.18,28,OK,Female,3.4,OK
BMW-1528,12-04-2027,CORRUPTED,2020,8,Q3,Australia,Australia,Sydney BMW,BMW M3,M Sport,Hybrid,Lease,Lease,AUD,AUD,1,127648.39,5.85,127648.39,OK,77362.66,59159.94,18202.72,33,OK,Prefer not to say,3.4,OK
BMW-3073,08-01-2027,CORRUPTED,2022,6,Q2,Australia,Australia,Melbourne Auto Group,BMW X5,SUV,Diesel,Individual,Individual,AUD,AUD,1,114687.9,0.91,114687.9,OK,69507.82,50505.27,19002.54,36,OK,Female,3.4,OK
BMW-5318,18-12-2026,CORRUPTED,2024,10,Q4,USA,USA,Beverly Hills BMW,BMW X7,SUV,Diesel,Individual,Individual,USD,USD,1,111878.57,4.17,111878.57,OK,102640.89,77118.16,25522.73,61,OK,Male,3.4,OK
BMW-1350,29-11-2026,CORRUPTED,2020,6,Q2,USA,USA,Miami Auto Group,BMW 7 Series,Sedan,Diesel,Individual,Individual,USD,USD,1,109881.83,3.4,109881.83,OK,100809.02,75140.23,25668.79,48,OK,Female,3.4,OK
BMW-2393,18-10-2026,CORRUPTED,2021,9,Q3,USA,USA,Chicago Motors,BMW X7,SUV,Petrol,Individual,Individual,USD,USD,1,105115.59,2.23,105115.59,OK,96436.32,71019.35,25416.97,25,OK,Prefer not to say,3.4,OK
BMW-5317,13-10-2026,CORRUPTED,2024,10,Q4,USA,USA,Beverly Hills BMW,BMW X7,SUV,Diesel,individual,Individual,USD,USD,1,104888.82,1.96,104888.82,OK,96228.28,70670.04,25558.24,68,OK,Male,3.4,OK
BMW-3086,11-10-2026,CORRUPTED,2022,7,Q3,Germany,Germany,BMW Munich HQ,BMW M5,M Sport,Petrol,individual,Individual,EUR,EUR,1,104781.13,7.25,104781.13,OK,104781.13,81336.72,23444.41,28,OK,Female,3.4,OK
BMW-4168,10-10-2026,CORRUPTED,2023,8,Q3,Australia,Australia,Sydney BMW,BMW i4,Electric,Electric,Individual,Individual,AUD,AUD,1,104779.42,3.71,104779.42,OK,63502.68,47483.69,16018.99,33,OK,Female,3.4,OK
BMW-5337,24-09-2026,CORRUPTED,2024,10,Q4,USA,USA,Dallas BMW,BMW 7 Series,Sedan,Diesel,individual,Individual,USD,USD,1,103142.72,7.73,103142.72,OK,94626.35,73838.87,20787.48,54,OK,Prefer not to say,3.4,OK
BMW-1707,01-09-2026,CORRUPTED,2020,11,Q4,USA,USA,Chicago Motors,BMW X7,SUV,Diesel,Individual,Individual,USD,USD,1,100878.14,0.99,100878.14,OK,92548.76,67304.75,25244.01,48,OK,Prefer not to say,3.4,OK
BMW-4353,13-08-2026,CORRUPTED,2023,11,Q4,Germany,Germany,BMW Munich HQ,BMW X7,SUV,Petrol,Individual,Individual,EUR,EUR,1,98838.36,3.36,98838.36,OK,98838.36,73634.13,25204.23,50,OK,Male,3.4,OK
BMW-1767,17-07-2026,CORRUPTED,2020,12,Q4,USA,USA,Dallas BMW,BMW iX,Electric,Electric,Individual,Individual,USD,USD,1,96834.34,6.53,96834.34,OK,88838.85,68435.72,20403.13,43,OK,Female,3.4,OK
BMW-4443,02-07-2026,CORRUPTED,2023,12,Q4,USA,USA,Beverly Hills BMW,BMW M3,M Sport,Petrol,Individual,Individual,USD,USD,1,95904.85,1.62,95904.85,OK,87986.1,64393.05,23593.05,26,OK,Prefer not to say,3.4,OK
BMW-1423,14-06-2026,CORRUPTED,2020,7,Q3,USA,USA,Beverly Hills BMW,BMW iX,Electric,Electric,Individual,Individual,USD,USD,1,94611.3,7.95,94611.3,OK,86799.36,67895.33,18904.03,33,OK,Female,3.4,OK
BMW-4980,04-04-2026,CORRUPTED,2024,6,Q2,USA,USA,Dallas BMW,BMW iX,Electric,Electric,Individual,Individual,USD,USD,1,90296.58,4.03,90296.58,OK,82840.9,62151.02,20689.88,39,OK,Prefer not to say,3.4,OK
BMW-2934,13-03-2026,CORRUPTED,2022,4,Q2,Australia,Australia,Sydney BMW,BMW X3,SUV,Petrol,Individual,Individual,AUD,AUD,1,88376.85,3.24,88376.85,OK,53561.73,39854.19,13707.54,68,OK,Female,3.4,OK
BMW-1422,04-02-2026,CORRUPTED,2020,7,Q3,USA,USA,Chicago Motors,BMW 2 Series,Coupe,Diesel,Corporate Fleet,Corporate Fleet,USD,USD,2,42833.27,4.26,85666.54,OK,78593.15,59107.2,19485.95,49,OK,Male,3.4,OK
BMW-4085,09-11-2025,CORRUPTED,2023,7,Q3,Australia,Australia,Sydney BMW,BMW X3,SUV,Diesel,Individual,Individual,AUD,AUD,1,80638.34,1.95,80638.34,OK,48871.72,35888.36,12983.36,44,OK,Female,3.4,OK
BMW-4950,02-10-2025,CORRUPTED,2024,6,Q2,Germany,Germany,BMW Munich HQ,BMW X5,SUV,Diesel,Individual,Individual,EUR,EUR,1,78225.32,1.12,78225.32,OK,78225.32,56960.36,21264.95,-5,BAD AGE,Female,3.4,OK
BMW-4477,27-09-2025,CORRUPTED,2023,12,Q4,UK,UK,Edinburgh Motors,BMW iX,Electric,Electric,Individual,Individual,GBP,GBP,1,78002.88,4.65,78002.88,OK,90701.02,68489.12,22211.9,26,OK,Male,3.4,OK
BMW-1838,24-09-2025,CORRUPTED,2021,1,Q1,Germany,Germany,AutohaUSA Berlin,BMW X5,SUV,Diesel,Individual,Individual,EUR,EUR,1,77801.69,2.46,77801.69,OK,77801.69,57431.39,20370.3,58,OK,Female,3.4,OK
BMW-4543,04-09-2025,CORRUPTED,2024,1,Q1,USA,USA,Beverly Hills BMW,BMW X5,SUV,Petrol,Individual,Individual,USD,USD,1,76788.11,0.45,76788.11,OK,70447.81,50950.6,19497.21,25,OK,Male,3.4,OK
BMW-4960,20-08-2025,CORRUPTED,2024,6,Q2,Germany,Germany,BMW Munich HQ,BMW M3,M Sport,Diesel,Corporate Fleet,Corporate Fleet,EUR,EUR,1,76301.93,4.76,76301.93,OK,76301.93,57684.91,18617.01,42,OK,Male,3.4,OK
BMW-5038,15-07-2025,CORRUPTED,2024,7,Q3,Germany,Germany,Stuttgart Motors,BMW X5,SUV,Petrol,Individual,Individual,EUR,EUR,1,74476.13,7.53,74476.13,OK,74476.13,57992.28,16483.85,62,OK,Male,3.4,OK
BMW-2049,06-07-2025,CORRUPTED,2021,4,Q2,USA,USA,Chicago Motors,BMW i4,Electric,Electric,Individual,Individual,USD,USD,1,73933.26,6.08,73933.26,OK,67828.68,51998.85,15829.83,38,OK,Female,3.4,OK
BMW-3388,23-05-2025,CORRUPTED,2022,11,Q4,USA,USA,Dallas BMW,BMW 5 Series,Sedan,Petrol,Individual,Individual,USD,USD,1,71139.85,1.81,71139.85,OK,65265.91,47856.25,17409.67,42,OK,Prefer not to say,3.4,OK
BMW-2932,17-05-2025,CORRUPTED,2022,4,Q2,Australia,Australia,Melbourne Auto Group,BMW 3 Series,Sedan,Hybrid,Individual,Individual,AUD,AUD,1,70998.74,0.49,70998.74,OK,43029.54,31134.72,11894.82,0,BAD AGE,Male,3.4,OK
BMW-1008,22-04-2025,CORRUPTED,2020,1,Q1,Germany,Germany,AutohaUSA Berlin,BMW i4,Electric,Electric,Individual,Individual,EUR,EUR,1,69193.31,0.37,69193.31,OK,69193.31,50005,19188.31,42,OK,Prefer not to say,3.4,OK
BMW-4099,01-04-2025,CORRUPTED,2023,8,Q3,Germany,Germany,AutohaUSA Berlin,BMW X5,SUV,Hybrid,individual,Individual,EUR,EUR,1,67915.96,7.95,67915.96,OK,67915.96,53120.08,14795.88,35,OK,Prefer not to say,3.4,OK
BMW-5147,03-03-2025,CORRUPTED,2024,8,Q3,USA,USA,Chicago Motors,BMW i4,Electric,Electric,Corporate Fleet,Corporate Fleet,USD,USD,1,66610.23,7.67,66610.23,OK,61110.3,47656.89,13453.41,40,OK,Female,3.4,OK
BMW-2116,15-02-2025,CORRUPTED,2021,5,Q2,USA,USA,Beverly Hills BMW,BMW i4,Electric,Electric,Individual,Individual,USD,USD,1,65937.53,5.26,65937.53,OK,60493.15,45975.6,14517.55,50,OK,Male,3.4,OK
BMW-4369,21-11-2024,CORRUPTED,2023,11,Q4,UK,UK,Manchester Prestige,BMW X5,SUV,Diesel,Individual,Individual,GBP,GBP,1,62455.71,2.4,62455.71,OK,72622.91,53576.88,19046.04,61,OK,Male,3.4,OK
BMW-1013,18-10-2024,CORRUPTED,2020,1,Q1,USA,USA,Dallas BMW,BMW 5 Series,Sedan,Hybrid,Individual,Individual,USD,USD,1,61337.52,4.16,61337.52,OK,56272.95,42275.41,13997.54,52,OK,Prefer not to say,3.4,OK
BMW-1074,08-09-2024,CORRUPTED,2020,2,Q1,Germany,Germany,AutohaUSA Berlin,BMW 5 Series,Sedan,Petrol,individual,Individual,EUR,EUR,1,59750.79,7.12,59750.79,OK,59750.79,46318.46,13432.33,38,OK,Male,3.4,OK
BMW-5309,28-07-2024,CORRUPTED,2024,10,Q4,Germany,Germany,Hamburg Drive,BMW 5 Series,Sedan,Petrol,Individual,Individual,EUR,EUR,1,58466.78,3.67,58466.78,OK,58466.78,43701.63,14765.14,55,OK,Female,3.4,OK
BMW-4635,18-07-2024,CORRUPTED,2024,2,Q1,USA,USA,Dallas BMW,BMW 5 Series,Sedan,Hybrid,individual,Individual,USD,USD,1,58264.49,5.59,58264.49,OK,53453.66,40766.23,12687.43,45,OK,Female,3.4,OK
BMW-4704,11-06-2024,CORRUPTED,2024,3,Q1,USA,USA,Beverly Hills BMW,BMW 5 Series,Sedan,Diesel,Individual,Individual,USD,USD,1,57378.21,6.64,57378.21,OK,52640.56,40594.91,12045.65,70,OK,Prefer not to say,3.4,OK
BMW-2593,08-04-2024,CORRUPTED,2021,12,Q4,Germany,Germany,BMW Munich HQ,BMW 5 Series,Sedan,Hybrid,Individual,Individual,EUR,EUR,1,55197.04,0.91,55197.04,OK,55197.04,40106.5,15090.53,70,OK,Female,3.4,OK
BMW-3480,27-02-2024,CORRUPTED,2022,12,Q4,UK,UK,Manchester Prestige,BMW 5 Series,Sedan,Petrol,Corporate Fleet,Corporate Fleet,GBP,GBP,1,53799.27,5.73,53799.27,OK,62557.29,47778.23,14779.06,67,OK,Female,3.4,OK
BMW-2743,22-02-2024,CORRUPTED,2022,2,Q1,Germany,Germany,Hamburg Drive,BMW 5 Series,Sedan,Diesel,Individual,Individual,EUR,EUR,1,53638.8,2.98,53638.8,OK,53638.8,39806.67,13832.12,68,OK,Female,3.4,OK
BMW-2032,31-01-2024,CORRUPTED,2021,4,Q2,Germany,Germany,Stuttgart Motors,BMW X3,SUV,Petrol,Individual,Individual,EUR,EUR,1,53059.32,0.8,53059.32,OK,53059.32,38511.56,14547.76,27,OK,Male,3.4,OK
BMW-4138,02-01-2024,CORRUPTED,2023,8,Q3,UK,UK,Manchester Prestige,BMW i4,Electric,Electric,Individual,Individual,GBP,GBP,1,51948.02,6.88,51948.02,OK,60404.67,46702.75,13701.92,32,OK,Male,3.4,OK
BMW-3783,11-11-2023,CORRUPTED,2023,4,Q2,USA,USA,Chicago Motors,BMW 3 Series,Sedan,Hybrid,Individual,Individual,USD,USD,1,49538.51,5.99,49538.51,OK,45448.18,34806.39,10641.79,35,OK,Prefer not to say,3.4,OK
BMW-5333,20-10-2023,CORRUPTED,2024,10,Q4,USA,USA,Chicago Motors,BMW 3 Series,Sedan,Petrol,Corporate Fleet,Corporate Fleet,USD,USD,1,48709.32,2.28,48709.32,OK,44687.45,32925.58,11761.87,51,OK,Prefer not to say,3.4,OK
BMW-3195,03-09-2023,CORRUPTED,2022,8,Q3,UK,UK,Edinburgh Motors,BMW X3,SUV,Petrol,Lease,Lease,GBP,GBP,1,46851.53,4.65,46851.53,OK,54478.53,41135.66,13342.87,57,OK,Male,3.4,OK
BMW-4363,24-08-2023,CORRUPTED,2023,11,Q4,USA,USA,Beverly Hills BMW,BMW 3 Series,Sedan,Hybrid,individual,Individual,USD,USD,1,46697.56,4.77,46697.56,OK,42841.8,32392.27,10449.52,33,OK,Male,3.4,OK
BMW-1997,18-08-2023,CORRUPTED,2021,3,Q1,UK,UK,Manchester Prestige,BMW 5 Series,Sedan,Diesel,individual,Individual,GBP,GBP,1,46563.49,7.51,46563.49,OK,54143.6,42147.18,11996.42,46,OK,Male,3.4,OK
BMW-4204,09-07-2023,CORRUPTED,2023,9,Q3,USA,USA,Beverly Hills BMW,BMW 3 Series,Sedan,Hybrid,Individual,Individual,USD,USD,1,44962.88,2.34,44962.88,OK,41250.35,30412.73,10837.62,61,OK,Male,3.4,OK
BMW-3481,15-06-2023,CORRUPTED,2022,12,Q4,UK,UK,Edinburgh Motors,BMW X3,SUV,Petrol,individual,Individual,GBP,GBP,1,44166.35,5.01,44166.35,OK,51356.22,38926.69,12429.53,48,OK,Prefer not to say,3.4,OK
BMW-2092,16-05-2023,CORRUPTED,2021,5,Q2,Germany,Germany,Stuttgart Motors,BMW 3 Series,Sedan,Diesel,Individual,Individual,EUR,EUR,1,42880.45,6.5,42880.45,OK,42880.45,33020.17,9860.29,32,OK,Female,3.4,OK
BMW-2871,10-05-2023,CORRUPTED,2022,4,Q2,USA,USA,Miami Auto Group,BMW 2 Series,Coupe,Petrol,Individual,Individual,USD,USD,1,42573.99,5.69,42573.99,OK,39058.7,29818.64,9240.06,38,OK,Prefer not to say,3.4,OK
BMW-2610,22-04-2023,CORRUPTED,2021,12,Q4,USA,USA,Miami Auto Group,BMW 2 Series,Coupe,Petrol,individual,Individual,USD,USD,1,41752.12,4.22,41752.12,OK,38304.7,28793.33,9511.37,68,OK,Male,3.4,OK
BMW-2940,09-04-2023,CORRUPTED,2022,5,Q2,Germany,Germany,AutohaUSA Berlin,BMW 3 Series,Sedan,Diesel,Individual,Individual,EUR,EUR,1,41202.36,5.31,41202.36,OK,41202.36,31329.24,9873.12,50,OK,Male,3.4,OK
BMW-3686,06-04-2023,CORRUPTED,2023,3,Q1,Germany,Germany,BMW Munich HQ,BMW 3 Series,Sedan,Petrol,individual,Individual,EUR,EUR,1,41066.43,3.8,41066.43,OK,41066.43,30737.13,10329.29,40,OK,Female,3.4,OK
BMW-3098,03-04-2023,CORRUPTED,2022,7,Q3,Germany,Germany,BMW Munich HQ,BMW 2 Series,Coupe,Petrol,Individual,Individual,EUR,EUR,1,40956.46,3.59,40956.46,OK,40956.46,30585.24,10371.21,66,OK,Male,3.4,OK
BMW-3447,13-03-2023,CORRUPTED,2022,12,Q4,Germany,Germany,Hamburg Drive,BMW 2 Series,Coupe,Diesel,Individual,Individual,EUR,EUR,1,39901.94,5.57,39901.94,OK,39901.94,30422.54,9479.4,43,OK,Male,3.4,OK
BMW-2512,31-12-2022,CORRUPTED,2021,11,Q4,Germany,Germany,AutohaUSA Berlin,BMW 2 Series,Coupe,Petrol,individual,Individual,EUR,EUR,1,35662.48,7.85,35662.48,OK,35662.48,27864.66,7797.82,68,OK,Female,3.4,OK
BMW-4045,26-12-2022,CORRUPTED,2023,7,Q3,UK,UK,London BMW Centre,BMW 3 Series,Sedan,Hybrid,Individual,Individual,GBP,GBP,1,35437.31,6.69,35437.31,OK,41206.17,31796.18,9410,60,OK,Prefer not to say,3.4,OK
BMW-1910,25-12-2022,CORRUPTED,2021,2,Q1,Germany,Germany,BMW Munich HQ,BMW 2 Series,Coupe,Diesel,Individual,Individual,EUR,EUR,1,35390.18,5.09,35390.18,OK,35390.18,26846.76,8543.41,54,OK,Female,3.4,OK
BMW-1947,09-11-2022,CORRUPTED,2021,2,Q1,China,China,Shenzhen Auto,BMW 5 Series,Sedan,Petrol,Individual,Individual,CNY,CNY,1,427760.9,4.57,4277.609,OK,54146.95,40851.5,13295.45,55,OK,Prefer not to say,3.4,OK
BMW-1985,30-10-2022,CORRUPTED,2021,3,Q1,USA,USA,Dallas BMW,BMW X5,SUV,Petrol,Corporate Fleet,Corporate Fleet,USD,USD,4,77617.65,1.52,3104.7061,OK,284835.42,208257.17,76578.25,49,OK,Female,3.4,OK
BMW-3918,13-10-2022,CORRUPTED,2023,6,Q2,Germany,Germany,Hamburg Drive,BMW i4,Electric,Electric,Individual,Individual,EUR,EUR,1,62379.29,5.43,623.7929,OK,62379.29,47492.42,14886.88,41,OK,Male,3.4,OK
BMW-4286,02-10-2022,CORRUPTED,2023,10,Q4,USA,USA,New York BMW,BMW 2 Series,Coupe,Petrol,individual,Individual,USD,USD,1,40800.42,4.83,408.0042,OK,37431.58,28319.29,9112.29,999,BAD AGE,Prefer not to say,3.4,OK
BMW-3966,30-08-2022,CORRUPTED,2023,6,Q2,China,China,Guangzhou BMW,BMW 5 Series,Sedan,Diesel,individual,Individual,CNY,CNY,1,472233.55,1.05,-472233.55,BAD REVENUE,59776.4,43497.78,16278.62,62,OK,Male,3.4,OK
BMW-1331,22-08-2022,CORRUPTED,2020,5,Q2,South Africa,South Africa,Johannesburg Motors,BMW iX,Electric,Electric,individual,Individual,ZAR,ZAR,1,1763135.19,5.62,-1763135.19,BAD REVENUE,88156.76,67252.26,20904.5,70,OK,Male,3.4,OK
BMW-4246,02-01-2035,CORRUPTED,2023,9,Q3,India,India,Mumbai BMW,BMW 2 Series,Coupe,Petrol,Corporate Fleet,Corporate Fleet,INR,INR,8,3708001.38,0.4,29664011.01,OK,325978.14,235650.88,90327.26,36,OK,Female,3.5,OK
BMW-5202,21-10-2034,CORRUPTED,2024,8,Q3,South Africa,South Africa,Johannesburg Motors,BMW X5,SUV,Hybrid,Corporate Fleet,Corporate Fleet,ZAR,ZAR,8,1472148.81,0.36,11777190.47,OK,588859.52,425499.08,163360.44,33,OK,Female,3.5,OK
BMW-1833,15-07-2034,CORRUPTED,2020,12,Q4,South Africa,South Africa,Cape Town BMW,BMW 5 Series,Sedan,Hybrid,corporate fleet,Corporate Fleet,ZAR,ZAR,6,1147543.71,1.28,6885262.24,OK,344263.11,251072.98,93190.14,51,OK,Prefer not to say,3.5,OK
BMW-4320,14-04-2034,CORRUPTED,2023,10,Q4,India,India,Mumbai BMW,BMW 5 Series,Sedan,Diesel,Individual,Individual,INR,INR,1,5145343.59,5.43,5145343.59,OK,56542.24,43046.46,13495.78,33,OK,Female,3.5,OK
BMW-3743,10-04-2034,CORRUPTED,2023,3,Q1,China,China,Guangzhou BMW,BMW 7 Series,Sedan,Hybrid,lease,Lease,CNY,CNY,7,730328.28,5.42,5112297.98,OK,647126.33,492614.17,154512.16,58,OK,Prefer not to say,3.5,OK
BMW-1890,08-03-2034,CORRUPTED,2021,1,Q1,India,India,Bangalore Motors,BMW X3,SUV,Diesel,Individual,Individual,INR,INR,1,4640018.23,0.71,4640018.23,OK,50989.21,36973.67,14015.55,58,OK,Female,3.5,OK
BMW-1815,25-02-2034,CORRUPTED,2020,12,Q4,India,India,Delhi Prestige Auto,BMW 3 Series,Sedan,Diesel,Individual,Individual,INR,INR,1,4445421.21,0.82,4445421.21,OK,48850.78,35461.63,13389.16,56,OK,Prefer not to say,3.5,OK
BMW-1956,17-02-2034,CORRUPTED,2021,2,Q1,India,India,Delhi Prestige Auto,BMW X3,SUV,Diesel,Individual,Individual,INR,INR,1,4405870.5,3.89,4405870.5,OK,48416.16,36270.2,12145.96,28,OK,Male,3.5,OK
BMW-4902,01-01-2034,CORRUPTED,2024,5,Q2,China,China,Beijing Luxury Motors,BMW i4,Electric,Electric,government,Government,CNY,CNY,8,465613.13,5.41,3724905.03,OK,471506.97,358887.66,112619.31,32,OK,Male,3.5,OK
BMW-1512,13-11-2033,CORRUPTED,2020,8,Q3,China,China,Guangzhou BMW,BMW X3,SUV,Diesel,Corporate Fleet,Corporate Fleet,CNY,CNY,8,413549.56,5.89,3308396.49,OK,418784.37,320380.09,98404.28,25,OK,Prefer not to say,3.5,OK
BMW-2835,30-10-2033,CORRUPTED,2022,3,Q1,China,China,Shenzhen Auto,BMW X3,SUV,Petrol,Corporate Fleet,Corporate Fleet,CNY,CNY,8,394234.09,4.69,3153872.73,OK,399224.4,301574.01,97650.39,48,OK,Female,3.5,OK
BMW-5163,27-10-2033,CORRUPTED,2024,8,Q3,China,China,Beijing Luxury Motors,BMW X5,SUV,Petrol,corporate fleet,Corporate Fleet,CNY,CNY,6,517942.39,7.23,3107654.33,OK,393373.97,305313.53,88060.44,33,OK,Female,3.5,OK
BMW-3733,07-09-2033,CORRUPTED,2023,3,Q1,China,China,Beijing Luxury Motors,BMW X3,SUV,Diesel,Lease,Lease,CNY,CNY,6,436456.52,6.61,2618739.15,OK,331485.97,255549.92,75936.05,25,OK,Prefer not to say,3.5,OK
BMW-4178,16-07-2033,CORRUPTED,2023,8,Q3,South Africa,South Africa,Cape Town BMW,BMW M5,M Sport,Petrol,Individual,Individual,ZAR,ZAR,1,2250366.68,0.89,2250366.68,OK,112518.33,81739.39,30778.94,64,OK,Male,3.5,OK
BMW-3598,15-06-2033,CORRUPTED,2023,1,Q1,South Africa,South Africa,Cape Town BMW,BMW X3,SUV,Diesel,Corporate Fleet,Corporate Fleet,ZAR,ZAR,2,1054326.52,6.65,2108653.03,OK,105432.65,81316.96,24115.7,28,OK,Female,3.5,OK
BMW-4931,07-06-2033,CORRUPTED,2024,5,Q2,UAE,UAE,Dubai BMW,BMW i7,Electric,Electric,corporate fleet,Corporate Fleet,AED,AED,4,516219.66,2.07,2064878.65,OK,516219.66,379545.32,136674.34,60,OK,Female,3.5,OK
BMW-5174,21-05-2033,CORRUPTED,2024,8,Q3,China,China,Beijing Luxury Motors,BMW 5 Series,Sedan,Petrol,Lease,Lease,CNY,CNY,4,495783.77,1.64,1983135.1,OK,251029.76,183746.81,67282.95,34,OK,Female,3.5,OK
BMW-4419,20-03-2033,CORRUPTED,2023,11,Q4,South Africa,South Africa,Cape Town BMW,BMW M3,M Sport,Diesel,individual,Individual,ZAR,ZAR,1,1745112.03,6.72,1745112.03,OK,87255.6,67347.78,19907.82,69,OK,Male,3.5,OK
BMW-3078,04-03-2033,CORRUPTED,2022,6,Q2,South Africa,South Africa,Cape Town BMW,BMW iX,Electric,Electric,Individual,Individual,ZAR,ZAR,1,1688249.25,5.13,1688249.25,OK,84412.46,64062.11,20350.35,37,OK,Prefer not to say,3.5,OK
BMW-5119,18-01-2033,CORRUPTED,2024,7,Q3,South Africa,South Africa,Johannesburg Motors,BMW X5,SUV,Diesel,Individual,Individual,ZAR,ZAR,1,1510651.85,0.67,1510651.85,OK,75532.59,54747.84,20784.75,31,OK,Female,3.5,OK
BMW-3153,13-01-2033,CORRUPTED,2022,7,Q3,South Africa,South Africa,Cape Town BMW,BMW X5,SUV,Diesel,Individual,Individual,ZAR,ZAR,1,1482863.96,2.88,1482863.96,OK,74143.2,54964.06,19179.14,46,OK,Male,3.5,OK
BMW-4900,24-11-2032,CORRUPTED,2024,5,Q2,China,China,Shanghai BMW,BMW 2 Series,Coupe,Diesel,lease,Lease,CNY,CNY,4,328121.45,2.28,1312485.81,OK,166137.44,122405.51,43731.94,59,OK,Prefer not to say,3.5,OK
BMW-4313,12-07-2032,CORRUPTED,2023,10,Q4,China,China,Guangzhou BMW,BMW 2 Series,Coupe,Petrol,Corporate Fleet,Corporate Fleet,CNY,CNY,3,322139.6,5.19,966418.81,OK,122331.49,92904.06,29427.44,0,BAD AGE,Female,3.5,OK
BMW-1112,20-06-2032,CORRUPTED,2020,2,Q1,China,China,Guangzhou BMW,BMW M5,M Sport,Petrol,Individual,Individual,CNY,CNY,1,942797.76,3.59,942797.76,OK,119341.49,89123.22,30218.26,65,OK,Prefer not to say,3.5,OK
BMW-1644,15-06-2032,CORRUPTED,2020,10,Q4,China,China,Shenzhen Auto,BMW M5,M Sport,Diesel,Individual,Individual,CNY,CNY,1,937617.28,2.78,937617.28,OK,118685.73,87895.66,30790.07,27,OK,Prefer not to say,3.5,OK
BMW-4504,07-06-2032,CORRUPTED,2023,12,Q4,UAE,UAE,Dubai BMW,BMW X5,SUV,Petrol,Government,Government,AED,AED,3,307938.3,6.98,923814.91,OK,230953.73,178766.54,52187.18,30,OK,Prefer not to say,3.5,OK
BMW-4844,24-05-2032,CORRUPTED,2024,4,Q2,South Africa,South Africa,Cape Town BMW,BMW 3 Series,Sedan,Diesel,Individual,Individual,ZAR,ZAR,1,908691.42,5.42,908691.42,OK,45434.57,34589.21,10845.36,40,OK,Prefer not to say,3.5,OK
BMW-1444,15-05-2032,CORRUPTED,2020,7,Q3,China,China,Shanghai BMW,BMW i7,Electric,Electric,Individual,Individual,CNY,CNY,1,896207.74,4.02,896207.74,OK,113444.02,85101.21,28342.81,25,OK,Male,3.5,OK
BMW-3092,12-05-2032,CORRUPTED,2022,7,Q3,Germany,Germany,BMW Munich HQ,BMW i7,Electric,Electric,Corporate Fleet,Corporate Fleet,EUR,EUR,7,127344.2,1.83,891409.43,OK,891409.43,653761.67,237647.75,49,OK,Female,3.5,OK
BMW-5296,09-05-2032,CORRUPTED,2024,9,Q3,UAE,UAE,Abu Dhabi Motors,BMW X5,SUV,Petrol,Corporate Fleet,Corporate Fleet,AED,AED,3,293956.87,0.13,881870.61,OK,220467.65,158940.62,61527.04,58,OK,Female,3.5,OK
BMW-4316,27-04-2032,CORRUPTED,2023,10,Q4,China,China,Guangzhou BMW,BMW X7,SUV,Diesel,Individual,Individual,CNY,CNY,1,866919.8,1.61,866919.8,OK,109736.68,80306.26,29430.42,25,OK,Female,3.5,OK
BMW-4259,12-03-2032,CORRUPTED,2023,9,Q3,Australia,Australia,Sydney BMW,BMW i4,Electric,Electric,Corporate Fleet,Corporate Fleet,AUD,AUD,7,115159.31,2.93,806115.15,OK,488554.64,362389.44,126165.19,26,OK,Female,3.5,OK
BMW-3548,09-03-2032,CORRUPTED,2023,1,Q1,USA,USA,New York BMW,BMW i7,Electric,Electric,corporate fleet,Corporate Fleet,USD,USD,6,133829.62,6.4,802977.71,OK,736676.8,566677.09,169999.7,41,OK,Male,3.5,OK
BMW-4975,26-01-2032,CORRUPTED,2024,6,Q2,USA,USA,New York BMW,BMW 7 Series,Sedan,Hybrid,Corporate Fleet,Corporate Fleet,USD,USD,7,108783.09,5.69,761481.62,OK,698606.99,533317.96,165289.03,64,OK,Prefer not to say,3.5,OK
BMW-5094,24-01-2032,CORRUPTED,2024,7,Q3,China,China,Shenzhen Auto,BMW 7 Series,Sedan,Hybrid,Individual,Individual,CNY,CNY,1,759994.4,1.65,759994.4,OK,96201.82,70428.15,25773.68,53,OK,Female,3.5,OK
BMW-1798,13-01-2032,CORRUPTED,2020,12,Q4,China,China,Beijing Luxury Motors,BMW iX,Electric,Electric,Individual,Individual,CNY,CNY,1,750026.86,0.81,750026.86,OK,94940.11,68915.77,26024.34,66,OK,Female,3.5,OK
BMW-1400,23-12-2031,CORRUPTED,2020,6,Q2,South Africa,South Africa,Johannesburg Motors,BMW 2 Series,Coupe,Diesel,individual,Individual,ZAR,ZAR,1,729795.01,1.45,729795.01,OK,36489.75,26658.96,9830.79,70,OK,Female,3.5,OK
BMW-4233,18-12-2031,CORRUPTED,2023,9,Q3,China,China,Beijing Luxury Motors,BMW 3 Series,Sedan,Diesel,Corporate Fleet,Corporate Fleet,CNY,CNY,2,362833.92,1.72,725667.83,OK,91856.69,67297.25,24559.43,32,OK,Prefer not to say,3.5,OK
BMW-1801,22-11-2031,CORRUPTED,2020,12,Q4,China,China,Shanghai BMW,BMW iX,Electric,Electric,Individual,Individual,CNY,CNY,1,711845.39,5.64,711845.39,OK,90107.01,68752.22,21354.79,64,OK,Female,3.5,OK
BMW-5358,08-11-2031,CORRUPTED,2024,10,Q4,China,China,Shanghai BMW,BMW M3,M Sport,Hybrid,Individual,Individual,CNY,CNY,1,702381.57,4.19,702381.57,OK,88909.06,66814.93,22094.13,43,OK,Male,3.5,OK
BMW-1387,04-11-2031,CORRUPTED,2020,6,Q2,China,China,Guangzhou BMW,BMW iX,Electric,Electric,Individual,Individual,CNY,CNY,1,696574,6.46,696574,OK,88173.92,67871.61,20302.31,70,OK,Male,3.5,OK
BMW-5269,06-07-2031,CORRUPTED,2024,9,Q3,China,China,Shenzhen Auto,BMW X5,SUV,Petrol,Individual,Individual,CNY,CNY,1,616638.4,0.37,616638.4,OK,78055.49,56407.17,21648.32,46,OK,Female,3.5,OK
BMW-3059,03-07-2031,CORRUPTED,2022,6,Q2,China,China,Guangzhou BMW,BMW X5,SUV,Hybrid,Individual,Individual,CNY,CNY,1,615347.87,2.37,615347.87,OK,77892.14,57441.41,20450.72,55,OK,Female,3.5,OK
BMW-3251,19-05-2031,CORRUPTED,2022,9,Q3,USA,USA,Dallas BMW,BMW X5,SUV,Diesel,Government,Government,USD,USD,8,73890.86,2.16,591126.91,OK,542318.27,399088.63,143229.64,31,OK,Male,3.5,OK
BMW-4999,15-05-2031,CORRUPTED,2024,6,Q2,China,China,Guangzhou BMW,BMW X5,SUV,Petrol,Individual,Individual,CNY,CNY,1,589440.86,7.14,589440.86,OK,74612.77,57852.59,16760.18,64,OK,Male,3.5,OK
BMW-4315,30-04-2031,CORRUPTED,2023,10,Q4,China,China,Beijing Luxury Motors,BMW X5,SUV,Hybrid,Individual,Individual,CNY,CNY,1,581105.85,6.88,581105.85,OK,73557.7,56872.77,16684.93,30,OK,Female,3.5,OK
BMW-5264,28-04-2031,CORRUPTED,2024,9,Q3,UK,UK,Edinburgh Motors,BMW 7 Series,Sedan,Petrol,lease,Lease,GBP,GBP,8,72435.75,7.56,579485.98,OK,673820.91,524844.32,148976.59,69,OK,Male,3.5,OK
BMW-5281,19-03-2031,CORRUPTED,2024,9,Q3,China,China,Shanghai BMW,BMW i4,Electric,Electric,individual,Individual,CNY,CNY,1,560408.68,4.98,560408.68,OK,70937.81,53752.49,17185.32,64,OK,Prefer not to say,3.5,OK
BMW-1788,07-03-2031,CORRUPTED,2020,12,Q4,USA,USA,Beverly Hills BMW,BMW i7,Electric,Electric,Lease,Lease,USD,USD,4,138768.37,4.42,555073.49,OK,509241.73,383616.24,125625.49,46,OK,Female,3.5,OK
BMW-5022,21-02-2031,CORRUPTED,2024,6,Q2,Australia,Australia,Sydney BMW,BMW iX,Electric,Electric,Corporate Fleet,Corporate Fleet,AUD,AUD,4,136564.62,4.43,546258.47,OK,331065.74,249409.02,81656.72,44,OK,Prefer not to say,3.5,OK
BMW-2222,20-02-2031,CORRUPTED,2021,6,Q2,UAE,UAE,Dubai BMW,BMW 3 Series,Sedan,Petrol,Corporate Fleet,Corporate Fleet,AED,AED,3,181936.04,5.37,545808.12,OK,136452.03,103818.55,32633.48,57,OK,Female,3.5,OK
BMW-2763,11-02-2031,CORRUPTED,2022,2,Q1,China,China,Beijing Luxury Motors,BMW X5,SUV,Diesel,Individual,Individual,CNY,CNY,1,536471.55,6.34,536471.55,OK,67907.79,52204.81,15702.98,51,OK,Female,3.5,OK
BMW-1662,03-01-2031,CORRUPTED,2020,10,Q4,UAE,UAE,Dubai BMW,BMW i7,Electric,Electric,individual,Individual,AED,AED,1,516863.91,1.08,516863.91,OK,129215.98,94046.96,35169.02,39,OK,Male,3.5,OK
BMW-4572,27-10-2030,CORRUPTED,2024,1,Q1,China,China,Beijing Luxury Motors,BMW i4,Electric,Electric,Corporate Fleet,Corporate Fleet,CNY,CNY,1,487802.4,3.03,487802.4,OK,61747.14,45844.86,15902.28,55,OK,Prefer not to say,3.5,OK
BMW-4496,18-09-2030,CORRUPTED,2023,12,Q4,China,China,Guangzhou BMW,BMW i4,Electric,Electric,individual,Individual,CNY,CNY,1,473562.6,3.95,473562.6,OK,59944.63,44933.39,15011.25,55,OK,Prefer not to say,3.5,OK
BMW-4063,15-09-2030,CORRUPTED,2023,7,Q3,China,China,Beijing Luxury Motors,BMW 5 Series,Sedan,Petrol,Individual,Individual,CNY,CNY,1,472890.86,7.99,472890.86,OK,59859.6,46840.99,13018.61,42,OK,Prefer not to say,3.5,OK
BMW-4148,05-09-2030,CORRUPTED,2023,8,Q3,China,China,Beijing Luxury Motors,BMW 5 Series,Sedan,Petrol,individual,Individual,CNY,CNY,1,467644.42,2.2,467644.42,OK,59195.5,43579.65,15615.85,26,OK,Male,3.5,OK
BMW-5110,26-08-2030,CORRUPTED,2024,7,Q3,Australia,Australia,Melbourne Auto Group,BMW X3,SUV,Petrol,Lease,Lease,AUD,AUD,5,92974.75,1.92,464873.76,OK,281741.67,206825.69,74915.98,60,OK,Male,3.5,OK
BMW-1579,24-08-2030,CORRUPTED,2020,9,Q3,China,China,Guangzhou BMW,BMW i4,Electric,Electric,individual,Individual,CNY,CNY,1,463009.97,5.92,463009.97,OK,58608.86,44853.35,13755.51,45,OK,Male,3.5,OK
BMW-2745,21-08-2030,CORRUPTED,2022,2,Q1,Germany,Germany,Stuttgart Motors,BMW iX,Electric,Electric,Corporate Fleet,Corporate Fleet,EUR,EUR,5,92282.54,4.5,461412.71,OK,461412.71,347853.21,113559.5,51,OK,Male,3.5,OK
BMW-2988,20-08-2030,CORRUPTED,2022,5,Q2,China,China,Guangzhou BMW,BMW i4,Electric,Electric,individual,Individual,CNY,CNY,1,460297.3,7.92,460297.3,OK,58265.48,45560.34,12705.14,42,OK,Prefer not to say,3.5,OK
BMW-1844,07-08-2030,CORRUPTED,2021,1,Q1,Germany,Germany,Stuttgart Motors,BMW X5,SUV,Petrol,corporate fleet,Corporate Fleet,eur,EUR,6,76201.56,1.28,457209.36,OK,457209.36,333468.89,123740.47,37,OK,Female,3.5,OK
BMW-3543,27-07-2030,CORRUPTED,2023,1,Q1,USA,USA,New York BMW,BMW X5,SUV,Petrol,Lease,Lease,USD,USD,6,75183.46,6.68,451100.77,OK,413853.92,319319.97,94533.94,61,OK,Male,3.5,OK
BMW-2912,21-07-2030,CORRUPTED,2022,4,Q2,China,China,Shenzhen Auto,BMW X3,SUV,Diesel,Individual,Individual,CNY,CNY,1,449910.44,4.21,449910.44,OK,56950.69,42807.89,14142.8,45,OK,Female,3.5,OK
BMW-5387,28-06-2030,CORRUPTED,2024,11,Q4,Germany,Germany,Stuttgart Motors,BMW X5,SUV,Hybrid,corporate fleet,Corporate Fleet,EUR,EUR,6,73369,4.36,440213.97,OK,440213.97,331394.6,108819.38,70,OK,Male,3.5,OK
BMW-1799,17-06-2030,CORRUPTED,2020,12,Q4,China,China,Guangzhou BMW,BMW 5 Series,Sedan,Petrol,Individual,Individual,CNY,CNY,1,437635.6,7.84,437635.6,OK,55396.91,43280.22,12116.69,37,OK,Male,3.5,OK
BMW-3126,15-06-2030,CORRUPTED,2022,7,Q3,UK,UK,London BMW Centre,BMW i7,Electric,Electric,Corporate Fleet,Corporate Fleet,GBP,GBP,4,109387.13,4,437548.5,OK,508777.33,381570.86,127206.47,26,OK,Female,3.5,OK
BMW-2515,03-05-2030,CORRUPTED,2021,11,Q4,Germany,Germany,BMW Munich HQ,BMW i4,Electric,Electric,Lease,Lease,eur,EUR,6,70890.2,3.97,425341.2,OK,425341.2,318919.35,106421.85,44,OK,Male,3.5,OK
BMW-1256,06-04-2030,CORRUPTED,2020,4,Q2,UAE,UAE,Dubai BMW,BMW X7,SUV,Diesel,individual,Individual,AED,AED,1,418581.37,2.38,418581.37,OK,104645.34,77179.18,27466.17,55,OK,Prefer not to say,3.5,OK
BMW-5343,25-01-2030,CORRUPTED,2024,10,Q4,UK,UK,London BMW Centre,BMW i7,Electric,Electric,Corporate Fleet,Corporate Fleet,Gbp,GBP,4,100611.78,6.98,402447.13,OK,467961.78,362217.16,105744.61,32,OK,Prefer not to say,3.5,OK
BMW-2101,16-11-2029,CORRUPTED,2021,5,Q2,USA,USA,Beverly Hills BMW,BMW X3,SUV,Hybrid,Corporate Fleet,Corporate Fleet,USD,USD,7,54571.16,0.46,381998.1,OK,350456.98,253485.46,96971.51,50,OK,Female,3.5,OK
BMW-2844,08-11-2029,CORRUPTED,2022,3,Q1,UAE,UAE,Abu Dhabi Motors,BMW X7,SUV,Diesel,Individual,Individual,AED,AED,1,378912.38,1.46,378912.38,OK,94728.09,69217.14,25510.95,27,OK,Male,3.5,OK
BMW-4270,07-10-2029,CORRUPTED,2023,10,Q4,Germany,Germany,Stuttgart Motors,BMW 3 Series,Sedan,Hybrid,Lease,Lease,EUR,EUR,8,46293.29,6.22,370346.34,OK,370346.34,284342.08,86004.27,58,OK,Female,3.5,OK
BMW-5235,03-10-2029,CORRUPTED,2024,9,Q3,USA,USA,Beverly Hills BMW,BMW X3,SUV,Diesel,Corporate Fleet,Corporate Fleet,USD,USD,7,52747.25,6.64,369230.74,OK,338743.8,261244.62,77499.18,25,OK,Male,3.5,OK
BMW-1169,01-10-2029,CORRUPTED,2020,3,Q1,China,China,Shanghai BMW,BMW 3 Series,Sedan,Diesel,Individual,Individual,CNY,CNY,1,367835.64,4.09,367835.64,OK,46561.47,34955.12,11606.35,62,OK,Male,3.5,OK
BMW-5527,07-09-2029,CORRUPTED,2024,12,Q4,UK,UK,Manchester Prestige,BMW 5 Series,Sedan,Diesel,Corporate Fleet,Corporate Fleet,GBP,GBP,8,45304.52,6.32,362436.18,OK,421437.42,323919.85,97517.57,30,OK,Female,3.5,OK
BMW-4349,03-08-2029,CORRUPTED,2023,11,Q4,Germany,Germany,Stuttgart Motors,BMW i7,Electric,Electric,lease,Lease,EUR,EUR,3,117989.33,4.91,353967.98,OK,353967.98,268006.04,85961.94,52,OK,Male,3.5,OK
BMW-1172,08-07-2029,CORRUPTED,2020,3,Q1,China,China,Shanghai BMW,BMW 3 Series,Sedan,Petrol,Individual,Individual,CNY,CNY,1,347788.35,0.16,347788.35,OK,44023.84,31748.14,12275.7,33,OK,Female,3.5,OK
BMW-3641,03-07-2029,CORRUPTED,2023,2,Q1,China,China,Shanghai BMW,BMW 3 Series,Sedan,Petrol,Individual,Individual,CNY,CNY,1,346792.96,6.02,346792.96,OK,43897.84,33630.05,10267.8,28,OK,Female,3.5,OK
BMW-1692,01-07-2029,CORRUPTED,2020,11,Q4,USA,USA,Beverly Hills BMW,BMW X3,SUV,Diesel,Corporate Fleet,Corporate Fleet,USD,USD,6,57721.31,7.61,346327.83,OK,317731.95,247599.91,70132.05,25,OK,Male,3.5,OK
BMW-2891,18-05-2029,CORRUPTED,2022,4,Q2,UK,UK,Edinburgh Motors,BMW X7,SUV,Hybrid,Corporate Fleet,Corporate Fleet,GBP,GBP,4,84542.24,0.38,338168.95,OK,393219.71,284188.13,109031.58,56,OK,Female,3.5,OK
BMW-2093,07-05-2029,CORRUPTED,2021,5,Q2,Germany,Germany,Stuttgart Motors,BMW 3 Series,Sedan,Hybrid,Government,Government,EUR,EUR,8,41929.17,5.38,335433.39,OK,335433.39,255244.33,80189.05,56,OK,Male,3.5,OK
BMW-1982,04-04-2029,CORRUPTED,2021,3,Q1,USA,USA,Chicago Motors,BMW 7 Series,Sedan,Diesel,Corporate Fleet,Corporate Fleet,USD,USD,3,108715.43,4.62,326146.29,OK,299216.78,225878.75,73338.03,62,OK,Prefer not to say,3.5,OK
BMW-5282,29-03-2029,CORRUPTED,2024,9,Q3,China,China,Shanghai BMW,BMW 3 Series,Sedan,Diesel,corporate fleet,Corporate Fleet,CNY,CNY,1,324695.69,0.14,324695.69,OK,41100.72,29633.52,11467.2,54,OK,Prefer not to say,3.5,OK
BMW-5070,23-03-2029,CORRUPTED,2024,7,Q3,UK,UK,Edinburgh Motors,BMW X3,SUV,Petrol,corporate fleet,Corporate Fleet,GBP,GBP,7,46288.91,7.68,324022.38,OK,376770.21,293856.89,82913.33,69,OK,Male,3.5,OK
BMW-2843,08-03-2029,CORRUPTED,2022,3,Q1,UAE,UAE,Abu Dhabi Motors,BMW iX,Electric,Electric,individual,Individual,AED,AED,1,319732.49,3.98,319732.49,OK,79933.12,59937.68,19995.44,54,OK,Prefer not to say,3.5,OK
BMW-3762,02-03-2029,CORRUPTED,2023,4,Q2,Germany,Germany,AutohaUSA Berlin,BMW 3 Series,Sedan,Petrol,Government,Government,EUR,EUR,8,39753.02,4.5,318024.18,OK,318024.18,239770.02,78254.16,45,OK,Male,3.5,OK
BMW-4164,14-02-2029,CORRUPTED,2023,8,Q3,UAE,UAE,Dubai BMW,BMW X5,SUV,Petrol,Individual,Individual,AED,AED,1,316070.69,1.28,316070.69,OK,79017.67,57630.12,21387.56,55,OK,Female,3.5,OK
BMW-4383,01-02-2029,CORRUPTED,2023,11,Q4,China,China,Shenzhen Auto,BMW 2 Series,Coupe,Petrol,Individual,Individual,CNY,CNY,1,310977.09,4.37,310977.09,OK,39364.19,29638.02,9726.17,55,OK,Female,3.5,OK
BMW-3461,23-01-2029,CORRUPTED,2022,12,Q4,USA,USA,Miami Auto Group,BMW X7,SUV,Petrol,Corporate Fleet,Corporate Fleet,USD,USD,3,102499.01,7.01,307497.02,OK,282107.36,218430.39,63676.97,63,OK,Prefer not to say,3.5,OK
BMW-1792,21-01-2029,CORRUPTED,2020,12,Q4,UK,UK,Edinburgh Motors,BMW M5,M Sport,Diesel,Lease,Lease,GBP,GBP,3,102399.65,2.3,307198.95,OK,357208.08,263247.3,93960.78,61,OK,Male,3.5,OK
BMW-5452,20-01-2029,CORRUPTED,2024,11,Q4,UAE,UAE,Dubai BMW,BMW X5,SUV,Petrol,Individual,Individual,AED,AED,1,307126.34,6.58,307126.34,OK,76781.58,59176.98,17604.6,27,OK,Male,3.5,OK
BMW-5529,05-01-2029,CORRUPTED,2024,12,Q4,China,China,Guangzhou BMW,BMW 2 Series,Coupe,Petrol,Individual,Individual,CNY,CNY,1,304244.07,3.74,304244.07,OK,38511.91,28807.36,9704.55,25,OK,Female,3.5,OK
BMW-3887,30-12-2028,CORRUPTED,2023,5,Q2,China,China,Shenzhen Auto,BMW 2 Series,Coupe,Diesel,Individual,Individual,CNY,CNY,1,302816.23,0.42,302816.23,OK,38331.17,27714.51,10616.66,0,BAD AGE,Prefer not to say,3.5,OK
BMW-3954,01-12-2028,CORRUPTED,2023,6,Q2,UK,UK,Edinburgh Motors,BMW X3,SUV,Petrol,Corporate Fleet,Corporate Fleet,GBP,GBP,6,49386.58,2.2,296319.48,OK,344557.53,253654.45,90903.08,28,OK,Prefer not to say,3.5,OK
BMW-3955,13-10-2028,CORRUPTED,2023,6,Q2,UK,UK,Manchester Prestige,BMW X3,SUV,Petrol,Corporate Fleet,Corporate Fleet,GBP,GBP,6,46278.72,3.51,277672.3,OK,322874.77,240918.02,81956.75,32,OK,Male,3.5,OK
BMW-2907,24-09-2028,CORRUPTED,2022,4,Q2,China,China,Guangzhou BMW,BMW 2 Series,Coupe,Hybrid,Individual,Individual,CNY,CNY,1,271764.75,7.83,271764.75,OK,34400.6,26871.42,7529.18,36,OK,Male,3.5,OK
BMW-3753,21-09-2028,CORRUPTED,2023,3,Q1,UAE,UAE,Abu Dhabi Motors,BMW X5,SUV,Petrol,Corporate Fleet,Corporate Fleet,AED,AED,1,271216.68,4.23,271216.68,OK,67804.17,50974.74,16829.43,30,OK,Female,3.5,OK
BMW-4006,09-09-2028,CORRUPTED,2023,7,Q3,Germany,Germany,BMW Munich HQ,BMW 7 Series,Sedan,Petrol,Corporate Fleet,Corporate Fleet,EUR,EUR,3,89890.62,1.07,269671.86,OK,269671.86,196258.19,73413.67,31,OK,Prefer not to say,3.5,OK
BMW-4645,06-09-2028,CORRUPTED,2024,2,Q1,UK,UK,Manchester Prestige,BMW 2 Series,Coupe,Hybrid,corporate fleet,Corporate Fleet,GBP,GBP,8,33620.49,6.72,268963.9,OK,312748.73,241398.34,71350.39,40,OK,Prefer not to say,3.5,OK
BMW-1527,24-08-2028,CORRUPTED,2020,8,Q3,Australia,Australia,Sydney BMW,BMW 3 Series,Sedan,Hybrid,Lease,Lease,AUD,AUD,4,65860.98,3.35,263443.91,OK,159662.98,118942.32,40720.65,38,OK,Female,3.5,OK
BMW-2541,18-08-2028,CORRUPTED,2021,11,Q4,USA,USA,New York BMW,BMW iX,Electric,Electric,government,Government,USD,USD,3,87385.51,4.98,262156.54,OK,240510.59,182250.31,58260.28,66,OK,Male,3.5,OK
BMW-1458,03-06-2028,CORRUPTED,2020,7,Q3,UAE,UAE,Abu Dhabi Motors,BMW i4,Electric,Electric,individual,Individual,AED,AED,1,239280.02,7.81,239280.02,OK,59820.01,46717.65,13102.36,29,OK,Male,3.5,OK
BMW-4220,01-04-2028,CORRUPTED,2023,9,Q3,UK,UK,Edinburgh Motors,BMW i7,Electric,Electric,Lease,Lease,GBP,GBP,2,110603.22,5.66,221206.44,OK,257216.79,196301.03,60915.75,58,OK,Male,3.5,OK
BMW-4027,30-03-2028,CORRUPTED,2023,7,Q3,USA,USA,Beverly Hills BMW,BMW i4,Electric,Electric,Lease,Lease,USD,USD,3,73617.86,7.25,220853.58,OK,202617.97,157288.4,45329.57,34,OK,Male,3.5,OK
BMW-4084,20-02-2028,CORRUPTED,2023,7,Q3,UAE,UAE,Dubai BMW,BMW X3,SUV,Hybrid,Individual,Individual,AED,AED,1,211587.78,5.71,211587.78,OK,52896.95,40393.24,12503.71,38,OK,Female,3.5,OK
BMW-3715,17-01-2028,CORRUPTED,2023,3,Q1,UK,UK,Manchester Prestige,BMW X3,SUV,Diesel,Corporate Fleet,Corporate Fleet,GBP,GBP,5,40586.44,6.57,202932.22,OK,235967.7,181841.71,54125.98,33,OK,Female,3.5,OK
BMW-1896,16-12-2027,CORRUPTED,2021,1,Q1,Australia,Australia,Melbourne Auto Group,BMW M5,M Sport,Diesel,individual,Individual,AUD,AUD,1,195190.83,6.45,195190.83,OK,118297.48,91049.93,27247.55,37,OK,Male,3.5,OK
BMW-4853,11-12-2027,CORRUPTED,2024,5,Q2,Germany,Germany,Hamburg Drive,BMW 2 Series,Coupe,Diesel,corporate fleet,Corporate Fleet,EUR,EUR,5,38688.17,7.63,193440.87,OK,193440.87,150788.39,42652.48,53,OK,Prefer not to say,3.5,OK
BMW-3371,04-11-2027,CORRUPTED,2022,11,Q4,Germany,Germany,Stuttgart Motors,BMW 3 Series,Sedan,Hybrid,Corporate Fleet,Corporate Fleet,EUR,EUR,4,45590.77,2.91,182363.09,OK,182363.09,135238.48,47124.61,60,OK,Male,3.5,OK
BMW-2276,26-10-2027,CORRUPTED,2021,7,Q3,UAE,UAE,Abu Dhabi Motors,BMW 3 Series,Sedan,Petrol,Individual,Individual,AED,AED,1,176593.54,4.81,176593.54,OK,44148.38,33392.19,10756.2,45,OK,Female,3.5,OK
BMW-3520,24-10-2027,CORRUPTED,2022,12,Q4,Australia,Australia,Melbourne Auto Group,BMW 2 Series,Coupe,Diesel,corporate fleet,Corporate Fleet,AUD,AUD,3,58475.39,5.9,175426.18,OK,106318.89,81347.32,24971.57,29,OK,Male,3.5,OK
BMW-2194,11-10-2027,CORRUPTED,2021,6,Q2,UK,UK,Manchester Prestige,BMW 2 Series,Coupe,Diesel,Lease,Lease,GBP,GBP,5,34174.05,7.98,170870.25,OK,198686.34,155452.42,43233.92,70,OK,Female,3.5,OK
BMW-2295,09-10-2027,CORRUPTED,2021,8,Q3,Germany,Germany,Stuttgart Motors,BMW iX,Electric,Electric,government,Government,EUR,EUR,2,85064.44,5.99,170128.87,OK,170128.87,130299.98,39828.89,26,OK,Prefer not to say,3.5,OK
BMW-3958,31-08-2027,CORRUPTED,2023,6,Q2,UK,UK,Manchester Prestige,BMW 2 Series,Coupe,Petrol,Corporate Fleet,Corporate Fleet,GBP,GBP,5,31795.21,0.72,158976.04,OK,184855.86,134061.11,50794.75,41,OK,Female,3.5,OK
BMW-3833,20-08-2027,CORRUPTED,2023,4,Q2,Australia,Australia,Melbourne Auto Group,BMW iX,Electric,Electric,Individual,Individual,AUD,AUD,1,157069.04,0.78,157069.04,OK,95193.36,69074.97,26118.39,34,OK,Male,3.5,OK
BMW-2110,06-07-2027,CORRUPTED,2021,5,Q2,USA,USA,Miami Auto Group,BMW X5,SUV,Hybrid,corporate fleet,Corporate Fleet,USD,USD,2,72992.86,2.53,145985.72,OK,133931.85,98930.09,35001.76,57,OK,Male,3.5,OK
BMW-2762,01-07-2027,CORRUPTED,2022,2,Q1,UK,UK,Manchester Prestige,BMW 5 Series,Sedan,Petrol,Corporate Fleet,Corporate Fleet,GBP,GBP,3,48398.33,6.69,145194.98,OK,168831.37,130280.76,38550.61,64,OK,Female,3.5,OK
BMW-1224,14-06-2027,CORRUPTED,2020,4,Q2,USA,USA,Beverly Hills BMW,BMW i7,Electric,Electric,Individual,Individual,USD,USD,1,140652.54,0.1,140652.54,OK,129039.03,93005.53,36033.5,48,OK,Male,3.5,OK
BMW-4452,01-05-2027,CORRUPTED,2023,12,Q4,USA,USA,Miami Auto Group,BMW i7,Electric,Electric,Individual,Individual,USD,USD,1,131761.58,4.74,131761.58,OK,120882.18,91370.57,29511.62,63,OK,Female,3.5,OK
BMW-3320,01-04-2027,CORRUPTED,2022,10,Q4,USA,USA,Chicago Motors,BMW M5,M Sport,Petrol,Individual,Individual,USD,USD,1,126193.43,2.1,126193.43,OK,115773.79,85142.48,30631.3,44,OK,Prefer not to say,3.5,OK
BMW-2759,04-03-2027,CORRUPTED,2022,2,Q1,USA,USA,Miami Auto Group,BMW X3,SUV,Hybrid,Corporate Fleet,Corporate Fleet,USD,USD,2,61187.72,3.82,122375.44,OK,112271.05,84042.97,28228.08,39,OK,Prefer not to say,3.5,OK
BMW-4013,19-01-2027,CORRUPTED,2023,7,Q3,Germany,Germany,BMW Munich HQ,BMW i7,Electric,Electric,individual,Individual,EUR,EUR,1,116094.48,6.09,116094.48,OK,116094.48,89007.6,27086.89,63,OK,Prefer not to say,3.5,OK
BMW-1835,05-01-2027,CORRUPTED,2021,1,Q1,Germany,Germany,Stuttgart Motors,BMW 5 Series,Sedan,Diesel,Corporate Fleet,Corporate Fleet,EUR,EUR,2,57005.8,2.48,114011.61,OK,114011.61,84174.59,29837.02,42,OK,Male,3.5,OK
BMW-3994,31-12-2026,CORRUPTED,2023,6,Q2,Australia,Australia,Sydney BMW,BMW i4,Electric,Electric,Individual,Individual,AUD,AUD,1,113131.93,4.24,113131.93,OK,68564.81,51553.55,17011.25,67,OK,Male,3.5,OK
BMW-2226,23-12-2026,CORRUPTED,2021,6,Q2,Australia,Australia,Sydney BMW,BMW X5,SUV,Hybrid,Individual,Individual,AUD,AUD,1,112505.39,6.2,112505.39,OK,68185.09,52340.49,15844.6,60,OK,Male,3.5,OK
BMW-3600,22-12-2026,CORRUPTED,2023,2,Q1,Germany,Germany,Stuttgart Motors,BMW i7,Electric,Electric,Individual,Individual,EUR,EUR,1,112468.85,1.35,112468.85,OK,112468.85,82084.16,30384.69,34,OK,Male,3.5,OK
BMW-2168,06-12-2026,CORRUPTED,2021,6,Q2,Germany,Germany,AutohaUSA Berlin,BMW i7,Electric,Electric,Individual,Individual,EUR,EUR,1,110909.7,5.4,110909.7,OK,110909.7,84416.56,26493.14,32,OK,Prefer not to say,3.5,OK
BMW-2756,05-12-2026,CORRUPTED,2022,2,Q1,USA,USA,New York BMW,BMW 7 Series,Sedan,Hybrid,Individual,Individual,USD,USD,1,110858.93,3.68,110858.93,OK,101705.44,76023.34,25682.1,55,OK,Female,3.5,OK
BMW-2099,13-11-2026,CORRUPTED,2021,5,Q2,Germany,Germany,BMW Munich HQ,BMW X7,SUV,Petrol,Individual,Individual,EUR,EUR,1,108036.02,1.57,108036.02,OK,108036.02,79026.63,29009.39,64,OK,Female,3.5,OK
BMW-3175,30-05-2026,CORRUPTED,2022,8,Q3,USA,USA,Beverly Hills BMW,BMW iX,Electric,Electric,Individual,Individual,USD,USD,1,93859.62,0.32,93859.62,OK,86109.75,62199.7,23910.05,38,OK,Male,3.5,OK
BMW-2241,28-05-2026,CORRUPTED,2021,7,Q3,USA,USA,Dallas BMW,BMW iX,Electric,Electric,Individual,Individual,USD,USD,1,93804.67,3,93804.67,OK,86059.33,63878.17,22181.16,66,OK,Prefer not to say,3.5,OK
BMW-2504,03-05-2026,CORRUPTED,2021,10,Q4,Australia,Australia,Melbourne Auto Group,BMW X3,SUV,Diesel,Individual,Individual,AUD,AUD,1,92241.75,5.07,92241.75,OK,55904.09,42398.62,13505.47,27,OK,Prefer not to say,3.5,OK
BMW-1829,06-02-2026,CORRUPTED,2020,12,Q4,Australia,Australia,Sydney BMW,BMW X3,SUV,Petrol,individual,Individual,AUD,AUD,1,85702.11,3.54,85702.11,OK,51940.67,38769.88,13170.79,43,OK,Female,3.5,OK
BMW-1766,22-01-2026,CORRUPTED,2020,12,Q4,USA,USA,New York BMW,BMW X5,SUV,Hybrid,Individual,Individual,USD,USD,1,84901.87,3.38,84901.87,OK,77891.63,58044.47,19847.15,50,OK,Female,3.5,OK
BMW-1295,05-11-2025,CORRUPTED,2020,5,Q2,UK,UK,London BMW Centre,BMW iX,Electric,Electric,Individual,Individual,GBP,GBP,1,80496.35,3.96,80496.35,OK,93600.4,70171.92,23428.48,39,OK,Male,3.5,OK
BMW-3542,02-11-2025,CORRUPTED,2023,1,Q1,USA,USA,Dallas BMW,BMW X5,SUV,Hybrid,Individual,Individual,USD,USD,1,80249.77,3.6,80249.77,OK,73623.64,54991.27,18632.37,52,OK,Prefer not to say,3.5,OK
BMW-1626,21-10-2025,CORRUPTED,2020,10,Q4,USA,USA,Dallas BMW,BMW X5,SUV,Petrol,Individual,Individual,USD,USD,1,79249.46,5.64,79249.46,OK,72705.93,55479.94,17225.99,61,OK,Prefer not to say,3.5,OK
BMW-4974,02-08-2025,CORRUPTED,2024,6,Q2,USA,USA,Chicago Motors,BMW i4,Electric,Electric,Individual,Individual,USD,USD,1,75339.72,7.29,75339.72,OK,69119.01,53678.35,15440.66,57,OK,Prefer not to say,3.5,OK
BMW-3108,22-07-2025,CORRUPTED,2022,7,Q3,USA,USA,Chicago Motors,BMW 2 Series,Coupe,Diesel,corporate fleet,Corporate Fleet,USD,USD,2,37449.83,5.64,74899.67,OK,68715.29,52432.47,16282.82,32,OK,Male,3.5,OK
BMW-3473,05-06-2025,CORRUPTED,2022,12,Q4,USA,USA,New York BMW,BMW X5,SUV,Diesel,Individual,Individual,USD,USD,1,72047.32,4.79,72047.32,OK,66098.46,49982.8,16115.66,30,OK,Male,3.5,OK
BMW-2963,29-04-2025,CORRUPTED,2022,5,Q2,USA,USA,Beverly Hills BMW,BMW 5 Series,Sedan,Diesel,Corporate Fleet,Corporate Fleet,USD,USD,1,69633.79,3.32,69633.79,OK,63884.21,47576.15,16308.06,37,OK,Male,3.5,OK
BMW-3956,08-12-2024,CORRUPTED,2023,6,Q2,UK,UK,Manchester Prestige,BMW X5,SUV,Petrol,Individual,Individual,GBP,GBP,1,62968.18,7.16,62968.18,OK,73218.81,56782.79,16436.03,44,OK,Male,3.5,OK
BMW-2959,26-11-2024,CORRUPTED,2022,5,Q2,USA,USA,Dallas BMW,BMW 5 Series,Sedan,Petrol,Individual,Individual,USD,USD,1,62626.09,6.89,62626.09,OK,57455.13,44428.32,13026.81,67,OK,Male,3.5,OK
BMW-2446,22-11-2024,CORRUPTED,2021,10,Q4,Germany,Germany,Stuttgart Motors,BMW 5 Series,Sedan,Petrol,individual,Individual,EUR,EUR,1,62516.49,4.23,62516.49,OK,62516.49,46997.77,15518.72,25,OK,Female,3.5,OK
BMW-2095,28-09-2024,CORRUPTED,2021,5,Q2,Germany,Germany,Stuttgart Motors,BMW i4,Electric,Electric,Corporate Fleet,Corporate Fleet,EUR,EUR,1,60483.28,4.63,60483.28,OK,60483.28,45661.13,14822.15,61,OK,Male,3.5,OK
BMW-4281,06-09-2024,CORRUPTED,2023,10,Q4,USA,USA,Beverly Hills BMW,BMW 5 Series,Sedan,Petrol,Individual,Individual,USD,USD,1,59716.12,7.86,59716.12,OK,54785.43,42810.34,11975.09,49,OK,Prefer not to say,3.5,OK
BMW-4218,23-06-2024,CORRUPTED,2023,9,Q3,UK,UK,Manchester Prestige,BMW X5,SUV,Petrol,Individual,Individual,GBP,GBP,1,57588.22,2.91,57588.22,OK,66963.05,49656.4,17306.65,26,OK,Prefer not to say,3.5,OK
BMW-4185,27-04-2024,CORRUPTED,2023,9,Q3,Germany,Germany,BMW Munich HQ,BMW 5 Series,Sedan,Diesel,individual,Individual,EUR,EUR,1,55902.48,0.91,55902.48,OK,55902.48,40620.41,15282.07,64,OK,Female,3.5,OK
BMW-3159,15-04-2024,CORRUPTED,2022,8,Q3,Germany,Germany,Stuttgart Motors,BMW X3,SUV,Hybrid,Individual,Individual,EUR,EUR,1,55387.34,1.73,55387.34,OK,55387.34,40580.56,14806.78,69,OK,Female,3.5,OK
BMW-3047,13-02-2024,CORRUPTED,2022,6,Q2,UK,UK,Edinburgh Motors,BMW i4,Electric,Electric,Individual,Individual,GBP,GBP,1,53377.44,4.13,53377.44,OK,62066.8,46612.04,15454.76,48,OK,Prefer not to say,3.5,OK
BMW-3031,11-02-2024,CORRUPTED,2022,6,Q2,USA,USA,Miami Auto Group,BMW X3,SUV,Hybrid,Individual,Individual,USD,USD,1,53256.79,5.99,53256.79,OK,48859.44,37419.08,11440.36,48,OK,Male,3.5,OK
BMW-3240,24-01-2024,CORRUPTED,2022,9,Q3,Germany,Germany,Hamburg Drive,BMW X3,SUV,Diesel,individual,Individual,EUR,EUR,1,52782.03,6.43,52782.03,OK,52782.03,40616.35,12165.67,54,OK,Prefer not to say,3.5,OK
BMW-4043,21-01-2024,CORRUPTED,2023,7,Q3,UK,UK,London BMW Centre,BMW 5 Series,Sedan,Diesel,Individual,Individual,GBP,GBP,1,52516.58,6.38,52516.58,OK,61065.79,46961.59,14104.2,35,OK,Prefer not to say,3.5,OK
BMW-3699,12-01-2024,CORRUPTED,2023,3,Q1,USA,USA,Miami Auto Group,BMW X3,SUV,Hybrid,Government,Government,USD,USD,1,52242.13,4.95,52242.13,OK,47928.56,36306.75,11621.82,32,OK,Prefer not to say,3.5,OK
BMW-4616,01-01-2024,CORRUPTED,2024,2,Q1,Germany,Germany,AutohaUSA Berlin,BMW X3,SUV,Diesel,individual,Individual,EUR,EUR,1,51816.36,6.33,51816.36,OK,51816.36,39826.94,11989.42,26,OK,Female,3.5,OK
BMW-5330,29-12-2023,CORRUPTED,2024,10,Q4,USA,USA,Beverly Hills BMW,BMW 3 Series,Sedan,Hybrid,Individual,Individual,USD,USD,1,51669.48,1.36,51669.48,OK,47403.19,34599.82,12803.38,37,OK,Male,3.5,OK
BMW-4184,25-12-2023,CORRUPTED,2023,9,Q3,Germany,Germany,Hamburg Drive,BMW X3,SUV,Petrol,Corporate Fleet,Corporate Fleet,EUR,EUR,1,51559.85,4.91,51559.85,OK,51559.85,39038.77,12521.08,56,OK,Male,3.5,OK
BMW-1628,23-12-2023,CORRUPTED,2020,10,Q4,USA,USA,Dallas BMW,BMW X3,SUV,Petrol,individual,Individual,USD,USD,1,51513.09,7.12,51513.09,OK,47259.72,36635.74,10623.97,64,OK,Female,3.5,OK
BMW-4618,16-09-2023,CORRUPTED,2024,2,Q1,Germany,Germany,Hamburg Drive,BMW X3,SUV,Hybrid,Individual,Individual,EUR,EUR,1,47298.36,5.93,47298.36,OK,47298.36,36202.68,11095.68,54,OK,Female,3.5,OK
BMW-5427,06-08-2023,CORRUPTED,2024,11,Q4,UK,UK,Edinburgh Motors,BMW 5 Series,Sedan,Petrol,individual,Individual,GBP,GBP,1,45911.89,4.7,45911.89,OK,53385.92,40333.05,13052.87,52,OK,Female,3.5,OK
BMW-5136,19-03-2023,CORRUPTED,2024,8,Q3,USA,USA,Miami Auto Group,BMW 2 Series,Coupe,Hybrid,Individual,Individual,USD,USD,1,40283.53,6.61,40283.53,OK,36957.36,28491.7,8465.66,54,OK,Female,3.5,OK
BMW-1764,23-01-2023,CORRUPTED,2020,12,Q4,Germany,Germany,BMW Munich HQ,BMW 2 Series,Coupe,Petrol,lease,Lease,EUR,EUR,1,36898.2,2.43,36898.2,OK,36898.2,27229.36,9668.85,65,OK,Female,3.5,OK
BMW-1933,01-01-2023,CORRUPTED,2021,2,Q1,UK,UK,Edinburgh Motors,BMW 3 Series,Sedan,Hybrid,Individual,Individual,GBP,GBP,1,35704.81,3.9,35704.81,OK,41517.22,31106.38,10410.84,35,OK,Male,3.5,OK
BMW-3067,29-10-2022,CORRUPTED,2022,6,Q2,UAE,UAE,Dubai BMW,BMW X5,SUV,Diesel,Individual,Individual,AED,AED,1,293077.4,1.2,2930.774,OK,73269.35,53396.81,19872.54,32,OK,Prefer not to say,3.5,OK
BMW-1857,26-09-2022,CORRUPTED,2021,1,Q1,USA,USA,Beverly Hills BMW,BMW X3,SUV,Hybrid,corporate fleet,Corporate Fleet,USD,USD,8,53686.2,2.7,-4294.8963,BAD REVENUE,394027.18,291564.98,102462.2,62,OK,Female,3.5,OK
BMW-4779,25-09-2022,CORRUPTED,2024,4,Q2,Germany,Germany,Hamburg Drive,BMW 3 Series,Sedan,Diesel,lease,Lease,EUR,EUR,1,38194.44,6.67,-38194.44,BAD REVENUE,38194.44,29464.97,8729.46,27,OK,Male,3.5,OK
BMW-3214,12-08-2022,CORRUPTED,2022,8,Q3,India,India,Bangalore Motors,BMW iX,Electric,Electric,Corporate Fleet,Corporate Fleet,INR,INR,8,7817232.68,1.65,-62537861.45,BAD REVENUE,687229.25,503130.34,184098.91,69,OK,Female,3.5,OK
BMW-3972,08-02-2035,CORRUPTED,2023,6,Q2,India,India,Delhi Prestige Auto,BMW M5,M Sport,Hybrid,Government,Government,INR,INR,7,9332418.61,6.67,65326930.27,OK,717878.35,553823.08,164055.27,30,OK,Prefer not to say,3.6,OK
BMW-1952,03-02-2035,CORRUPTED,2021,2,Q1,India,India,Delhi Prestige Auto,BMW X7,SUV,Petrol,Corporate Fleet,Corporate Fleet,INR,INR,6,8241662.33,6.99,49449974.01,OK,543406.31,420668.07,122738.24,32,OK,Female,3.6,OK
BMW-4317,19-01-2035,CORRUPTED,2023,10,Q4,India,India,Bangalore Motors,BMW 5 Series,Sedan,Diesel,Corporate Fleet,Corporate Fleet,INR,INR,8,4863172.59,4.3,38905380.7,OK,427531.66,321665.29,105866.37,55,OK,Prefer not to say,3.6,OK
BMW-1048,23-12-2034,CORRUPTED,2020,1,Q1,India,India,Mumbai BMW,BMW 2 Series,Coupe,Hybrid,corporate fleet,Corporate Fleet,INR,INR,7,3889673.5,1.1,27227714.52,OK,299205.65,217824.51,81381.15,25,OK,Male,3.6,OK
BMW-4922,07-11-2034,CORRUPTED,2024,5,Q2,India,India,Delhi Prestige Auto,BMW X3,SUV,Petrol,Corporate Fleet,Corporate Fleet,INR,INR,3,4639064.51,1,13917193.53,OK,152936.19,111221.14,41715.05,38,OK,Male,3.6,OK
BMW-2361,06-11-2034,CORRUPTED,2021,8,Q3,South Africa,South Africa,Cape Town BMW,BMW iX,Electric,Electric,lease,Lease,ZAR,ZAR,8,1702929.62,4.87,13623436.93,OK,681171.85,515527.72,165644.13,35,OK,Prefer not to say,3.6,OK
BMW-4075,18-08-2034,CORRUPTED,2023,7,Q3,India,India,Delhi Prestige Auto,BMW 7 Series,Sedan,Petrol,Individual,Individual,INR,INR,1,8038362.57,5.09,8038362.57,OK,88333.65,67009.91,21323.74,39,OK,Male,3.6,OK
BMW-3284,20-06-2034,CORRUPTED,2022,9,Q3,India,India,Mumbai BMW,BMW X5,SUV,Diesel,Individual,Individual,INR,INR,1,6477578.8,7.7,6477578.8,OK,71182.18,55528.51,15653.67,40,OK,Male,3.6,OK
BMW-2917,28-05-2034,CORRUPTED,2022,4,Q2,India,India,Mumbai BMW,BMW i4,Electric,Electric,Individual,Individual,INR,INR,1,5872659.09,0.4,5872659.09,OK,64534.72,46650.78,17883.93,55,OK,Prefer not to say,3.6,OK
BMW-4398,14-05-2034,CORRUPTED,2023,11,Q4,India,India,Delhi Prestige Auto,BMW i4,Electric,Electric,Individual,Individual,INR,INR,1,5632854.06,5.39,5632854.06,OK,61899.5,47105.38,14794.12,57,OK,Prefer not to say,3.6,OK
BMW-3144,13-05-2034,CORRUPTED,2022,7,Q3,India,India,Delhi Prestige Auto,BMW i4,Electric,Electric,Individual,Individual,INR,INR,1,5623990.87,0.76,5623990.87,OK,61802.1,44837.44,16964.65,69,OK,Male,3.6,OK
BMW-2131,09-04-2034,CORRUPTED,2021,5,Q2,China,China,Guangzhou BMW,BMW iX,Electric,Electric,Lease,Lease,CNY,CNY,8,637115.86,3.24,5096926.88,OK,645180.62,480101.58,165079.04,35,OK,Prefer not to say,3.6,OK
BMW-2710,13-03-2034,CORRUPTED,2022,1,Q1,China,China,Beijing Luxury Motors,BMW X7,SUV,Diesel,Corporate Fleet,Corporate Fleet,CNY,CNY,6,788850.89,0.42,4733105.35,OK,599127.26,433206.2,165921.06,32,OK,Male,3.6,OK
BMW-1953,03-02-2034,CORRUPTED,2021,2,Q1,India,India,Bangalore Motors,BMW X3,SUV,Diesel,Individual,Individual,INR,INR,1,4182854.85,6.97,4182854.85,OK,45965.44,35572.89,10392.55,66,OK,Prefer not to say,3.6,OK
BMW-1374,14-11-2033,CORRUPTED,2020,6,Q2,China,China,Guangzhou BMW,BMW X3,SUV,Diesel,Government,Government,CNY,CNY,8,415702.53,3.91,3325620.25,OK,420964.59,315430.26,105534.32,40,OK,Female,3.6,OK
BMW-3803,29-10-2033,CORRUPTED,2023,4,Q2,China,China,Shenzhen Auto,BMW i4,Electric,Electric,Corporate Fleet,Corporate Fleet,CNY,CNY,6,520257.16,2.38,3121542.97,OK,395132.02,291439.41,103692.61,999,BAD AGE,Female,3.6,OK
BMW-3960,16-10-2033,CORRUPTED,2023,6,Q2,China,China,Beijing Luxury Motors,BMW X5,SUV,Petrol,Corporate Fleet,Corporate Fleet,CNY,CNY,5,594701.57,6.09,2973507.86,OK,376393.4,288580.08,87813.32,62,OK,Female,3.6,OK
BMW-2483,13-09-2033,CORRUPTED,2021,10,Q4,China,China,Shenzhen Auto,BMW iX,Electric,Electric,Lease,Lease,CNY,CNY,4,664362.4,1.88,2657449.58,OK,336386.02,246846.21,89539.81,35,OK,Female,3.6,OK
BMW-3339,29-08-2033,CORRUPTED,2022,10,Q4,China,China,Shanghai BMW,BMW 3 Series,Sedan,Diesel,Lease,Lease,CNY,CNY,7,359849.23,0.6,2518944.62,OK,318853.75,230962.2,87891.55,57,OK,Prefer not to say,3.6,OK
BMW-2787,30-07-2033,CORRUPTED,2022,2,Q1,South Africa,South Africa,Johannesburg Motors,BMW i7,Electric,Electric,Individual,Individual,ZAR,ZAR,1,2349384.75,3.14,2349384.75,OK,117469.24,87322.13,30147.1,54,OK,Prefer not to say,3.6,OK
BMW-1821,20-07-2033,CORRUPTED,2020,12,Q4,UAE,UAE,Dubai BMW,BMW 7 Series,Sedan,Hybrid,government,Government,AED,AED,6,377914.67,0.5,2267488.02,OK,566872.01,410199.71,156672.3,30,OK,Female,3.6,OK
BMW-5302,27-05-2033,CORRUPTED,2024,9,Q3,South Africa,South Africa,Cape Town BMW,BMW 7 Series,Sedan,Petrol,Individual,Individual,ZAR,ZAR,1,2023207.12,3.31,2023207.12,OK,101160.36,75326.11,25834.24,69,OK,Prefer not to say,3.6,OK
BMW-5463,24-05-2033,CORRUPTED,2024,11,Q4,South Africa,South Africa,Cape Town BMW,BMW X7,SUV,Petrol,Individual,Individual,ZAR,ZAR,1,1999298.7,2.36,1999298.7,OK,99964.93,73713.16,26251.78,47,OK,Prefer not to say,3.6,OK
BMW-4913,13-05-2033,CORRUPTED,2024,5,Q2,China,China,Shanghai BMW,BMW 5 Series,Sedan,Diesel,corporate fleet,Corporate Fleet,CNY,CNY,4,490977.72,3.62,1963910.88,OK,248596.31,185712.64,62883.67,70,OK,Male,3.6,OK
BMW-4769,17-04-2033,CORRUPTED,2024,3,Q1,South Africa,South Africa,Cape Town BMW,BMW M3,M Sport,Petrol,Individual,Individual,ZAR,ZAR,1,1831038.63,2.63,1831038.63,OK,91551.93,67698.31,23853.63,70,OK,Male,3.6,OK
BMW-4145,06-03-2033,CORRUPTED,2023,8,Q3,China,China,Guangzhou BMW,BMW 2 Series,Coupe,Petrol,Corporate Fleet,Corporate Fleet,CNY,CNY,6,283428.35,2.57,1700570.09,OK,215262.04,159070.6,56191.44,49,OK,Female,3.6,OK
BMW-3444,05-03-2033,CORRUPTED,2022,11,Q4,South Africa,South Africa,Johannesburg Motors,BMW iX,Electric,Electric,Individual,Individual,ZAR,ZAR,1,1689280.67,5.19,1689280.67,OK,84464.03,64141.96,20322.07,40,OK,Female,3.6,OK
BMW-3899,09-02-2033,CORRUPTED,2023,5,Q2,UAE,UAE,Dubai BMW,BMW i4,Electric,Electric,Corporate Fleet,Corporate Fleet,AED,AED,6,265893.97,7.91,1595363.8,OK,398840.95,311816.54,87024.41,34,OK,Male,3.6,OK
BMW-2927,17-01-2033,CORRUPTED,2022,4,Q2,UAE,UAE,Dubai BMW,BMW i4,Electric,Electric,Lease,Lease,AED,AED,6,251695.29,0.63,1510171.73,OK,377542.93,273553.15,103989.78,61,OK,Female,3.6,OK
BMW-5559,15-01-2033,CORRUPTED,2024,12,Q4,Australia,Australia,Sydney BMW,BMW M5,M Sport,Hybrid,Corporate Fleet,Corporate Fleet,AUD,AUD,8,187219.63,1.6,1497757.07,OK,907731.56,664186.28,243545.28,28,OK,Male,3.6,OK
BMW-1198,25-12-2032,CORRUPTED,2020,3,Q1,South Africa,South Africa,Cape Town BMW,BMW X5,SUV,Petrol,Individual,Individual,ZAR,ZAR,1,1413986.75,7.25,1413986.75,OK,70699.34,54883.56,15815.78,47,OK,Female,3.6,OK
BMW-4415,24-12-2032,CORRUPTED,2023,11,Q4,South Africa,South Africa,Cape Town BMW,BMW X5,SUV,Petrol,Corporate Fleet,Corporate Fleet,ZAR,ZAR,1,1413885.9,2.88,1413885.9,OK,70694.29,52409.56,18284.73,58,OK,Female,3.6,OK
BMW-5539,04-12-2032,CORRUPTED,2024,12,Q4,China,China,Shanghai BMW,BMW 3 Series,Sedan,Diesel,Lease,Lease,CNY,CNY,4,337745.87,1.8,1350983.46,OK,171010.56,125388.55,45622.01,41,OK,Female,3.6,OK
BMW-4663,02-12-2032,CORRUPTED,2024,2,Q1,China,China,Beijing Luxury Motors,BMW iX,Electric,Electric,Corporate Fleet,Corporate Fleet,CNY,CNY,2,673913.91,7.19,1347827.82,OK,170611.12,132355.78,38255.33,60,OK,Female,3.6,OK
BMW-1188,25-11-2032,CORRUPTED,2020,3,Q1,UAE,UAE,Dubai BMW,BMW X3,SUV,Petrol,Corporate Fleet,Corporate Fleet,AED,AED,6,218844.64,0.41,1313067.83,OK,328266.96,237336.18,90930.78,32,OK,Female,3.6,OK
BMW-3678,09-11-2032,CORRUPTED,2023,2,Q1,South Africa,South Africa,Johannesburg Motors,BMW i4,Electric,Electric,Individual,Individual,ZAR,ZAR,1,1289428.97,7.81,1289428.97,OK,64471.45,50350.76,14120.69,51,OK,Prefer not to say,3.6,OK
BMW-2502,26-07-2032,CORRUPTED,2021,10,Q4,Australia,Australia,Sydney BMW,BMW M3,M Sport,Hybrid,Lease,Lease,AUD,AUD,8,123938.79,7,991510.35,OK,600915.36,465214.54,135700.82,48,OK,Female,3.6,OK
BMW-4548,13-07-2032,CORRUPTED,2024,1,Q1,USA,USA,Chicago Motors,BMW M5,M Sport,Diesel,Corporate Fleet,Corporate Fleet,USD,USD,8,121081.78,7.42,968654.23,OK,888673.6,691147.03,197526.57,61,OK,Prefer not to say,3.6,OK
BMW-1999,27-06-2032,CORRUPTED,2021,3,Q1,China,China,Shanghai BMW,BMW M5,M Sport,Petrol,Individual,Individual,CNY,CNY,1,952588.94,3.66,952588.94,OK,120580.88,90119.71,30461.17,33,OK,Male,3.6,OK
BMW-1063,23-06-2032,CORRUPTED,2020,1,Q1,South Africa,South Africa,Cape Town BMW,BMW X3,SUV,Petrol,Individual,Individual,ZAR,ZAR,1,947733.53,7.52,947733.53,OK,47386.68,36894.2,10492.47,62,OK,Prefer not to say,3.6,OK
BMW-3914,29-05-2032,CORRUPTED,2023,5,Q2,South Africa,South Africa,Cape Town BMW,BMW 3 Series,Sedan,Diesel,Individual,Individual,ZAR,ZAR,1,913384.74,3.51,913384.74,OK,45669.24,34079.55,11589.69,32,OK,Prefer not to say,3.6,OK
BMW-3961,17-04-2032,CORRUPTED,2023,6,Q2,China,China,Shenzhen Auto,BMW 7 Series,Sedan,Diesel,Lease,Lease,CNY,CNY,1,857375.01,0.07,857375.01,OK,108528.48,78192.03,30336.45,68,OK,Prefer not to say,3.6,OK
BMW-4627,31-03-2032,CORRUPTED,2024,2,Q1,Germany,Germany,Stuttgart Motors,BMW i7,Electric,Electric,Lease,Lease,EUR,EUR,7,119155.62,5.22,834089.37,OK,834089.37,633629.38,200459.99,60,OK,Prefer not to say,3.6,OK
BMW-2938,21-03-2032,CORRUPTED,2022,4,Q2,South Africa,South Africa,Cape Town BMW,BMW 2 Series,Coupe,Petrol,individual,Individual,ZAR,ZAR,1,817507.58,1.57,817507.58,OK,40875.38,29899.66,10975.72,42,OK,Male,3.6,OK
BMW-2928,07-02-2032,CORRUPTED,2022,4,Q2,UAE,UAE,Abu Dhabi Motors,BMW 2 Series,Coupe,Diesel,Corporate Fleet,Corporate Fleet,AED,AED,5,155260.73,3.22,776303.66,OK,194075.92,144387.23,49688.69,46,OK,Prefer not to say,3.6,OK
BMW-3139,02-02-2032,CORRUPTED,2022,7,Q3,China,China,Shenzhen Auto,BMW X7,SUV,Diesel,individual,Individual,CNY,CNY,1,769507.95,3.22,769507.95,OK,97406.07,72464.54,24941.53,37,OK,Female,3.6,OK
BMW-2528,17-01-2032,CORRUPTED,2021,11,Q4,USA,USA,Dallas BMW,BMW M3,M Sport,Petrol,Lease,Lease,USD,USD,8,94285.42,3.54,754283.37,OK,692003.09,516535.59,175467.5,64,OK,Prefer not to say,3.6,OK
BMW-2013,12-01-2032,CORRUPTED,2021,3,Q1,UAE,UAE,Abu Dhabi Motors,BMW iX,Electric,Electric,Corporate Fleet,Corporate Fleet,AED,AED,2,374296.78,0.56,748593.57,OK,187148.39,135506.85,51641.54,56,OK,Male,3.6,OK
BMW-5181,17-12-2031,CORRUPTED,2024,8,Q3,China,China,Shanghai BMW,BMW 3 Series,Sedan,Petrol,Corporate Fleet,Corporate Fleet,CNY,CNY,2,362761.29,6.05,725522.58,OK,91838.3,70378.46,21459.84,41,OK,Female,3.6,OK
BMW-4090,10-12-2031,CORRUPTED,2023,7,Q3,South Africa,South Africa,Cape Town BMW,BMW 2 Series,Coupe,Petrol,individual,Individual,ZAR,ZAR,1,722272.85,0.18,722272.85,OK,36113.64,26048,10065.64,40,OK,Male,3.6,OK
BMW-2850,09-11-2031,CORRUPTED,2022,3,Q1,Australia,Australia,Sydney BMW,BMW 7 Series,Sedan,Petrol,corporate fleet,Corporate Fleet,AUD,AUD,5,140554.41,7.39,702772.03,OK,425922.44,331119.98,94802.46,25,OK,Female,3.6,OK
BMW-2674,21-10-2031,CORRUPTED,2022,1,Q1,USA,USA,Miami Auto Group,BMW iX,Electric,Electric,Lease,Lease,USD,USD,8,86009.56,7.58,688076.44,OK,631262.79,491789.41,139473.38,44,OK,Female,3.6,OK
BMW-4566,14-10-2031,CORRUPTED,2024,1,Q1,China,China,Shanghai BMW,BMW X7,SUV,Petrol,Individual,Individual,CNY,CNY,1,682997.23,7.55,682997.23,OK,86455.35,67333.84,19121.51,26,OK,Male,3.6,OK
BMW-4238,04-10-2031,CORRUPTED,2023,9,Q3,China,China,Beijing Luxury Motors,BMW iX,Electric,Electric,individual,Individual,CNY,CNY,1,679066.54,7.89,679066.54,OK,85957.79,67187.38,18770.41,65,OK,Female,3.6,OK
BMW-3732,03-10-2031,CORRUPTED,2023,3,Q1,China,China,Beijing Luxury Motors,BMW M3,M Sport,Petrol,Individual,Individual,CNY,CNY,1,673126.65,6.28,673126.65,OK,85205.9,65460.22,19745.69,60,OK,Prefer not to say,3.6,OK
BMW-5146,28-09-2031,CORRUPTED,2024,8,Q3,USA,USA,Miami Auto Group,BMW X7,SUV,Diesel,Corporate Fleet,Corporate Fleet,USD,USD,6,111253.32,3.49,667519.93,OK,612403.6,456884.54,155519.06,62,OK,Female,3.6,OK
BMW-3687,21-08-2031,CORRUPTED,2023,3,Q1,Germany,Germany,AutohaUSA Berlin,BMW M3,M Sport,Petrol,Government,Government,EUR,EUR,7,92557.89,1.28,647905.22,OK,647905.22,472543.11,175362.11,39,OK,Male,3.6,OK
BMW-1115,01-08-2031,CORRUPTED,2020,2,Q1,China,China,Shenzhen Auto,BMW iX,Electric,Electric,Individual,Individual,CNY,CNY,1,631794.66,4.4,631794.66,OK,79974.01,60229.1,19744.91,44,OK,Prefer not to say,3.6,OK
BMW-2685,30-07-2031,CORRUPTED,2022,1,Q1,USA,USA,Miami Auto Group,BMW X5,SUV,Hybrid,Lease,Lease,USD,USD,8,78848.45,7.59,630787.61,OK,578704.23,450891.14,127813.09,61,OK,Prefer not to say,3.6,OK
BMW-2070,29-06-2031,CORRUPTED,2021,4,Q2,China,China,Guangzhou BMW,BMW M3,M Sport,Petrol,Corporate Fleet,Corporate Fleet,CNY,CNY,1,613341.52,5,613341.52,OK,77638.17,58843.19,18794.97,37,OK,Prefer not to say,3.6,OK
BMW-2965,01-06-2031,CORRUPTED,2022,5,Q2,USA,USA,Chicago Motors,BMW X5,SUV,Petrol,Lease,Lease,USD,USD,7,85440.52,2.28,598083.66,OK,548700.61,404290.16,144410.45,38,OK,Female,3.6,OK
BMW-4505,29-12-2030,CORRUPTED,2023,12,Q4,UAE,UAE,Dubai BMW,BMW 3 Series,Sedan,Diesel,Corporate Fleet,Corporate Fleet,AED,AED,3,171491.88,2.85,514475.64,OK,128618.91,95321.65,33297.26,27,OK,Male,3.6,OK
BMW-3386,27-12-2030,CORRUPTED,2022,11,Q4,USA,USA,New York BMW,BMW 5 Series,Sedan,Diesel,corporate fleet,Corporate Fleet,USD,USD,8,64253.15,2.65,514025.17,OK,471582.72,348769.19,122813.53,42,OK,Male,3.6,OK
BMW-4631,05-12-2030,CORRUPTED,2024,2,Q1,USA,USA,Miami Auto Group,BMW X3,SUV,Hybrid,lease,Lease,USD,USD,8,63040.98,3.17,504327.81,OK,462686.06,344022.89,118663.17,67,OK,Prefer not to say,3.6,OK
BMW-3712,03-12-2030,CORRUPTED,2023,3,Q1,USA,USA,New York BMW,BMW iX,Electric,Electric,Corporate Fleet,Corporate Fleet,USD,USD,5,100561.17,5.7,502805.86,OK,461289.78,352191.24,109098.54,31,OK,Female,3.6,OK
BMW-3150,25-11-2030,CORRUPTED,2022,7,Q3,UAE,UAE,Abu Dhabi Motors,BMW 3 Series,Sedan,Diesel,corporate fleet,Corporate Fleet,AED,AED,3,166984.3,0.47,500952.9,OK,125238.23,90595.78,34642.45,64,OK,Male,3.6,OK
BMW-4762,10-10-2030,CORRUPTED,2024,3,Q1,Australia,Australia,Sydney BMW,BMW 5 Series,Sedan,Petrol,corporate fleet,Corporate Fleet,AUD,AUD,5,95842.16,2.97,479210.81,OK,290430.79,215516.81,74913.98,26,OK,Male,3.6,OK
BMW-2580,09-10-2030,CORRUPTED,2021,11,Q4,Australia,Australia,Sydney BMW,BMW X5,SUV,Hybrid,Corporate Fleet,Corporate Fleet,AUD,AUD,4,119764.63,0.85,479058.52,OK,290338.5,210845.54,79492.96,29,OK,Male,3.6,OK
BMW-3303,26-09-2030,CORRUPTED,2022,10,Q4,Germany,Germany,AutohaUSA Berlin,BMW 5 Series,Sedan,Petrol,Lease,Lease,EUR,EUR,8,59526.48,3.29,476211.82,OK,476211.82,354541.49,121670.33,31,OK,Prefer not to say,3.6,OK
BMW-3812,24-09-2030,CORRUPTED,2023,4,Q2,China,China,Guangzhou BMW,BMW 5 Series,Sedan,Hybrid,Corporate Fleet,Corporate Fleet,CNY,CNY,1,474981.58,2.3,474981.58,OK,60124.25,44307.51,15816.74,45,OK,Male,3.6,OK
BMW-2126,09-09-2030,CORRUPTED,2021,5,Q2,UK,UK,Edinburgh Motors,BMW X5,SUV,Hybrid,Corporate Fleet,Corporate Fleet,GBP,GBP,8,58597.98,3.46,468783.84,OK,545097.49,406545.5,138551.99,70,OK,Male,3.6,OK
BMW-1684,04-09-2030,CORRUPTED,2020,11,Q4,Germany,Germany,BMW Munich HQ,BMW i4,Electric,Electric,Corporate Fleet,Corporate Fleet,EUR,EUR,8,58363.91,6.71,466911.28,OK,466911.28,360374.2,106537.08,47,OK,Male,3.6,OK
BMW-3592,17-07-2030,CORRUPTED,2023,1,Q1,UAE,UAE,Dubai BMW,BMW 5 Series,Sedan,Petrol,Corporate Fleet,Corporate Fleet,AED,AED,2,224011.51,4.13,448023.03,OK,112005.76,84122.35,27883.41,52,OK,Female,3.6,OK
BMW-1728,11-07-2030,CORRUPTED,2020,11,Q4,China,China,Beijing Luxury Motors,BMW X3,SUV,Diesel,Individual,Individual,CNY,CNY,1,446175,0.5,446175,OK,56477.85,40867.42,15610.43,59,OK,Female,3.6,OK
BMW-1281,27-05-2030,CORRUPTED,2020,5,Q2,Germany,Germany,Hamburg Drive,BMW X3,SUV,Diesel,Corporate Fleet,Corporate Fleet,EUR,EUR,8,54118.25,7.56,432945.98,OK,432945.98,337206.7,95739.28,26,OK,Female,3.6,OK
BMW-1584,18-04-2030,CORRUPTED,2020,9,Q3,China,China,Shenzhen Auto,BMW 5 Series,Sedan,Hybrid,individual,Individual,CNY,CNY,1,420521.48,5.63,420521.48,OK,53230.57,40612.27,12618.3,43,OK,Prefer not to say,3.6,OK
BMW-4817,08-03-2030,CORRUPTED,2024,4,Q2,China,China,Beijing Luxury Motors,BMW X3,SUV,Petrol,Individual,Individual,CNY,CNY,1,412481.2,2.83,412481.2,OK,52212.81,38687.74,13525.07,42,OK,Male,3.6,OK
BMW-3866,21-01-2030,CORRUPTED,2023,5,Q2,USA,USA,Dallas BMW,BMW X3,SUV,Diesel,lease,Lease,USD,USD,7,57411.44,0.2,401880.08,OK,368697.32,266001.98,102695.34,27,OK,Female,3.6,OK
BMW-2050,19-01-2030,CORRUPTED,2021,4,Q2,USA,USA,Miami Auto Group,BMW 7 Series,Sedan,Diesel,Corporate Fleet,Corporate Fleet,USD,USD,4,100347.15,1.19,401388.59,OK,368246.41,268341.4,99905.01,40,OK,Male,3.6,OK
BMW-1717,04-12-2029,CORRUPTED,2020,11,Q4,China,China,Guangzhou BMW,BMW X3,SUV,Diesel,Individual,Individual,CNY,CNY,1,388433.25,1.83,388433.25,OK,49168.77,36059.92,13108.84,25,OK,Prefer not to say,3.6,OK
BMW-2584,14-11-2029,CORRUPTED,2021,11,Q4,Australia,Australia,Melbourne Auto Group,BMW X3,SUV,Hybrid,Lease,Lease,AUD,AUD,4,95117.51,3.02,380470.05,OK,230587.91,171191.19,59396.72,50,OK,Male,3.6,OK
BMW-2501,18-10-2029,CORRUPTED,2021,10,Q4,Australia,Australia,Sydney BMW,BMW 3 Series,Sedan,Diesel,Corporate Fleet,Corporate Fleet,AUD,AUD,5,74614.35,7.53,373071.74,OK,226104.08,176044.03,50060.06,41,OK,Female,3.6,OK
BMW-3448,08-10-2029,CORRUPTED,2022,12,Q4,Germany,Germany,AutohaUSA Berlin,BMW 5 Series,Sedan,Diesel,corporate fleet,Corporate Fleet,EUR,EUR,6,61724.74,3.53,370348.47,OK,370348.47,276406.98,93941.49,68,OK,Male,3.6,OK
BMW-4799,30-09-2029,CORRUPTED,2024,4,Q2,UK,UK,London BMW Centre,BMW 5 Series,Sedan,Hybrid,Lease,Lease,GBP,GBP,8,45955.79,3.3,367646.31,OK,427495.71,318284.99,109210.71,40,OK,Prefer not to say,3.6,OK
BMW-1704,03-09-2029,CORRUPTED,2020,11,Q4,USA,USA,Chicago Motors,BMW X5,SUV,Diesel,Lease,Lease,USD,USD,5,72150.53,7.12,360752.63,OK,330965.71,256567.32,74398.39,65,OK,Male,3.6,OK
BMW-4405,27-08-2029,CORRUPTED,2023,11,Q4,UAE,UAE,Abu Dhabi Motors,BMW 7 Series,Sedan,Hybrid,Individual,Individual,AED,AED,1,359621.02,4.09,359621.02,OK,89905.26,67493.55,22411.71,70,OK,Female,3.6,OK
BMW-1184,16-08-2029,CORRUPTED,2020,3,Q1,UAE,UAE,Dubai BMW,BMW M3,M Sport,Hybrid,Individual,Individual,AED,AED,1,356660.77,1.5,356660.77,OK,89165.19,65174.17,23991.02,30,OK,Prefer not to say,3.6,OK
BMW-1382,10-08-2029,CORRUPTED,2020,6,Q2,China,China,Shanghai BMW,BMW 3 Series,Sedan,Hybrid,Individual,Individual,CNY,CNY,1,355900.71,3.15,355900.71,OK,45050.72,33491.82,11558.9,58,OK,Prefer not to say,3.6,OK
BMW-3421,21-07-2029,CORRUPTED,2022,11,Q4,China,China,Shenzhen Auto,BMW 3 Series,Sedan,Petrol,individual,Individual,CNY,CNY,1,351219.56,2.13,351219.56,OK,44458.17,32706.87,11751.3,36,OK,Male,3.6,OK
BMW-5328,09-07-2029,CORRUPTED,2024,10,Q4,USA,USA,Miami Auto Group,BMW 5 Series,Sedan,Diesel,Lease,Lease,USD,USD,5,69564.41,0.6,347822.03,OK,319102.78,231137.06,87965.72,41,OK,Female,3.6,OK
BMW-2547,18-06-2029,CORRUPTED,2021,11,Q4,UK,UK,Edinburgh Motors,BMW i7,Electric,Electric,Lease,Lease,GBP,GBP,3,114743.29,3.12,344229.88,OK,400267.3,297458.64,102808.66,25,OK,Male,3.6,OK
BMW-5132,25-05-2029,CORRUPTED,2024,8,Q3,Germany,Germany,BMW Munich HQ,BMW X5,SUV,Petrol,corporate fleet,Corporate Fleet,EUR,EUR,5,67769.9,6.01,338849.51,OK,338849.51,259567.12,79282.38,40,OK,Prefer not to say,3.6,OK
BMW-4911,29-04-2029,CORRUPTED,2024,5,Q2,China,China,Shenzhen Auto,BMW 3 Series,Sedan,Diesel,Individual,Individual,CNY,CNY,1,333387.81,0.06,333387.81,OK,42200.99,30403.51,11797.47,68,OK,Female,3.6,OK
BMW-3023,13-04-2029,CORRUPTED,2022,6,Q2,Germany,Germany,BMW Munich HQ,BMW 3 Series,Sedan,Hybrid,Corporate Fleet,Corporate Fleet,EUR,EUR,7,46758.71,4.34,327310.94,OK,327310.94,246353.38,80957.56,35,OK,Prefer not to say,3.6,OK
BMW-2384,08-04-2029,CORRUPTED,2021,9,Q3,USA,USA,Miami Auto Group,BMW M3,M Sport,Hybrid,Government,Government,USD,USD,4,81645.91,5.76,326583.64,OK,299618.02,228919.08,70698.94,48,OK,Prefer not to say,3.6,OK
BMW-3790,24-10-2028,CORRUPTED,2023,4,Q2,USA,USA,Beverly Hills BMW,BMW 3 Series,Sedan,Hybrid,Lease,Lease,USD,USD,6,47249.25,4.44,283495.49,OK,260087.6,195965.22,64122.38,25,OK,Male,3.6,OK
BMW-4271,30-07-2028,CORRUPTED,2023,10,Q4,Germany,Germany,BMW Munich HQ,BMW i4,Electric,Electric,Corporate Fleet,Corporate Fleet,EUR,EUR,4,63873.44,1.09,255493.75,OK,255493.75,185989.41,69504.34,46,OK,Male,3.6,OK
BMW-4229,29-06-2028,CORRUPTED,2023,9,Q3,UK,UK,Manchester Prestige,BMW 2 Series,Coupe,Petrol,Government,Government,GBP,GBP,7,35462.26,4.72,248235.79,OK,288646.26,218111.54,70534.72,27,OK,Prefer not to say,3.6,OK
BMW-5494,20-04-2028,CORRUPTED,2024,12,Q4,USA,USA,New York BMW,BMW 7 Series,Sedan,Hybrid,Corporate Fleet,Corporate Fleet,USD,USD,2,113049.84,3.66,226099.67,OK,207430.89,155026.88,52404.01,60,OK,Prefer not to say,3.6,OK
BMW-4003,15-01-2028,CORRUPTED,2023,7,Q3,Germany,Germany,BMW Munich HQ,BMW X5,SUV,Petrol,Corporate Fleet,Corporate Fleet,EUR,EUR,3,67550.06,7.24,202650.19,OK,202650.19,157297.59,45352.6,30,OK,Male,3.6,OK
BMW-3989,11-01-2028,CORRUPTED,2023,6,Q2,Australia,Australia,Melbourne Auto Group,BMW M5,M Sport,Diesel,corporate fleet,Corporate Fleet,AUD,AUD,1,202107.5,4.72,202107.5,OK,122489.39,92563.22,29926.17,52,OK,Male,3.6,OK
BMW-5241,27-11-2027,CORRUPTED,2024,9,Q3,USA,USA,Chicago Motors,BMW iX,Electric,Electric,corporate fleet,Corporate Fleet,USD,USD,2,94516.41,7.56,189032.82,OK,173424.61,135074.18,38350.43,65,OK,Prefer not to say,3.6,OK
BMW-1409,21-10-2027,CORRUPTED,2020,7,Q3,Germany,Germany,Stuttgart Motors,BMW 7 Series,Sedan,Hybrid,government,Government,EUR,EUR,2,87470.31,4.99,174940.63,OK,174940.63,132573.85,42366.78,51,OK,Male,3.6,OK
BMW-3589,16-10-2027,CORRUPTED,2023,1,Q1,UAE,UAE,Dubai BMW,BMW 3 Series,Sedan,Petrol,Individual,Individual,AED,AED,1,172656.35,1.24,172656.35,OK,43164.09,31468.2,11695.89,53,OK,Male,3.6,OK
BMW-2736,03-09-2027,CORRUPTED,2022,2,Q1,Germany,Germany,Hamburg Drive,BMW X3,SUV,Petrol,corporate fleet,Corporate Fleet,EUR,EUR,3,53077.04,7.15,159231.11,OK,159231.11,123472.3,35758.81,51,OK,Prefer not to say,3.6,OK
BMW-2648,21-08-2027,CORRUPTED,2021,12,Q4,UAE,UAE,Abu Dhabi Motors,BMW 3 Series,Sedan,Hybrid,Individual,Individual,AED,AED,1,157116.87,7.61,157116.87,OK,39279.22,30609.16,8670.06,53,OK,Female,3.6,OK
BMW-2120,29-07-2027,CORRUPTED,2021,5,Q2,UK,UK,London BMW Centre,BMW 3 Series,Sedan,Hybrid,lease,Lease,GBP,GBP,4,37533.47,1.3,150133.88,OK,174574.28,127350.68,47223.6,26,OK,Male,3.6,OK
BMW-4139,23-07-2027,CORRUPTED,2023,8,Q3,UK,UK,London BMW Centre,BMW iX,Electric,Electric,corporate fleet,Corporate Fleet,GBP,GBP,2,74717.33,5.77,149434.66,OK,173761.23,132775.64,40985.58,57,OK,Prefer not to say,3.6,OK
BMW-3433,21-06-2027,CORRUPTED,2022,11,Q4,Australia,Australia,Sydney BMW,BMW M3,M Sport,Hybrid,Individual,Individual,AUD,AUD,1,142907.89,0.19,142907.89,OK,86610.84,62478.35,24132.5,150,BAD AGE,Female,3.6,OK
BMW-2499,11-06-2027,CORRUPTED,2021,10,Q4,Australia,Australia,Melbourne Auto Group,BMW iX,Electric,Electric,Individual,Individual,AUD,AUD,1,139929.03,5.05,139929.03,OK,84805.47,64304.14,20501.34,31,OK,Female,3.6,OK
BMW-3859,28-03-2027,CORRUPTED,2023,5,Q2,USA,USA,Beverly Hills BMW,BMW M5,M Sport,Hybrid,Individual,Individual,USD,USD,1,125761.82,4.71,125761.82,OK,115377.82,87178.19,28199.63,53,OK,Female,3.6,OK
BMW-1468,21-03-2027,CORRUPTED,2020,8,Q3,Germany,Germany,BMW Munich HQ,BMW i4,Electric,Electric,Lease,Lease,eur,EUR,2,62329.75,0.57,124659.49,OK,124659.49,90269.42,34390.07,54,OK,Male,3.6,OK
BMW-4776,20-03-2027,CORRUPTED,2024,4,Q2,Germany,Germany,Stuttgart Motors,BMW M5,M Sport,Diesel,Individual,Individual,EUR,EUR,1,124638.31,4.69,124638.31,OK,124638.31,94154.45,30483.86,50,OK,Male,3.6,OK
BMW-1560,18-01-2027,CORRUPTED,2020,9,Q3,USA,USA,Beverly Hills BMW,BMW 7 Series,Sedan,Hybrid,Individual,Individual,USD,USD,1,116067.71,0.64,116067.71,OK,106484.14,77158.73,29325.4,41,OK,Prefer not to say,3.6,OK
BMW-3906,17-01-2027,CORRUPTED,2023,5,Q2,Australia,Australia,Sydney BMW,BMW X5,SUV,Petrol,Individual,Individual,AUD,AUD,1,115898.86,4.94,115898.86,OK,70241.74,53204.65,17037.09,37,OK,Male,3.6,OK
BMW-5334,20-11-2026,CORRUPTED,2024,10,Q4,USA,USA,Beverly Hills BMW,BMW X3,SUV,Diesel,Lease,Lease,USD,USD,2,54337.85,6.52,108675.7,OK,99702.47,76796.75,22905.72,41,OK,Prefer not to say,3.6,OK
BMW-2896,07-10-2026,CORRUPTED,2022,4,Q2,UK,UK,Manchester Prestige,BMW M5,M Sport,Hybrid,Individual,Individual,GBP,GBP,1,104356.42,3.56,104356.42,OK,121344.68,90589.38,30755.3,60,OK,Female,3.6,OK
BMW-4276,11-09-2026,CORRUPTED,2023,10,Q4,Germany,Germany,Hamburg Drive,BMW X7,SUV,Diesel,Individual,Individual,EUR,EUR,1,101906.29,6.82,101906.29,OK,101906.29,78746.92,23159.37,32,OK,Prefer not to say,3.6,OK
BMW-1084,03-09-2026,CORRUPTED,2020,2,Q1,USA,USA,New York BMW,BMW iX,Electric,Electric,Individual,Individual,USD,USD,1,101100.08,6.69,101100.08,OK,92752.36,71568.06,21184.3,34,OK,Male,3.6,OK
BMW-4841,11-08-2026,CORRUPTED,2024,4,Q2,Australia,Australia,Melbourne Auto Group,BMW 5 Series,Sedan,Diesel,individual,Individual,AUD,AUD,1,98748.58,4.26,98748.58,OK,59847.63,45006.62,14841.01,34,OK,Male,3.6,OK
BMW-5525,26-07-2026,CORRUPTED,2024,12,Q4,UK,UK,London BMW Centre,BMW M5,M Sport,Diesel,Individual,Individual,GBP,GBP,1,97235.15,3.66,97235.15,OK,113064.12,84497.15,28566.98,-5,BAD AGE,Male,3.6,OK
BMW-1276,19-06-2026,CORRUPTED,2020,5,Q2,Germany,Germany,Hamburg Drive,BMW 7 Series,Sedan,Hybrid,individual,Individual,EUR,EUR,1,94877.81,3.37,94877.81,OK,94877.81,70695.05,24182.76,64,OK,Prefer not to say,3.6,OK
BMW-2807,21-05-2026,CORRUPTED,2022,3,Q1,USA,USA,Chicago Motors,BMW 7 Series,Sedan,Diesel,individual,Individual,USD,USD,1,93379.25,7.58,93379.25,OK,85669.04,66741.36,18927.67,66,OK,Prefer not to say,3.6,OK
BMW-3754,20-04-2026,CORRUPTED,2023,3,Q1,Australia,Australia,Melbourne Auto Group,BMW 5 Series,Sedan,Diesel,Corporate Fleet,Corporate Fleet,AUD,AUD,1,91434.91,0.21,91434.91,OK,55415.1,39983.14,15431.95,40,OK,Prefer not to say,3.6,OK
BMW-4721,11-04-2026,CORRUPTED,2024,3,Q1,USA,USA,Miami Auto Group,BMW M3,M Sport,Diesel,individual,Individual,USD,USD,1,91040.5,2.49,91040.5,OK,83523.39,61669.72,21853.67,39,OK,Female,3.6,OK
BMW-5127,06-01-2026,CORRUPTED,2024,8,Q3,Germany,Germany,Hamburg Drive,BMW M3,M Sport,Hybrid,Individual,Individual,EUR,EUR,1,84009.35,0.57,84009.35,OK,84009.35,60831.81,23177.54,39,OK,Female,3.6,OK
BMW-4457,30-12-2025,CORRUPTED,2023,12,Q4,USA,USA,Chicago Motors,BMW X5,SUV,Hybrid,lease,Lease,USD,USD,1,83546.41,3.35,83546.41,OK,76648.08,57101.58,19546.5,64,OK,Female,3.6,OK
BMW-4446,06-11-2025,CORRUPTED,2023,12,Q4,USA,USA,Miami Auto Group,BMW i4,Electric,Electric,Corporate Fleet,Corporate Fleet,USD,USD,1,80568.76,0.03,80568.76,OK,73916.29,53237.97,20678.33,34,OK,Prefer not to say,3.6,OK
BMW-1861,18-10-2025,CORRUPTED,2021,1,Q1,USA,USA,Dallas BMW,BMW X5,SUV,Diesel,Individual,Individual,USD,USD,1,79165.74,5.03,79165.74,OK,72629.12,55061.11,17568,44,OK,Female,3.6,OK
BMW-3015,23-09-2025,CORRUPTED,2022,6,Q2,Germany,Germany,Stuttgart Motors,BMW X5,SUV,Hybrid,Individual,Individual,EUR,EUR,1,77781.87,6.01,77781.87,OK,77781.87,59581.61,18200.26,47,OK,Prefer not to say,3.6,OK
BMW-4224,16-09-2025,CORRUPTED,2023,9,Q3,UK,UK,Manchester Prestige,BMW 7 Series,Sedan,Diesel,Individual,Individual,GBP,GBP,1,77340.79,6.12,77340.79,OK,89931.15,68972.14,20959.01,61,OK,Prefer not to say,3.6,OK
BMW-3302,10-09-2025,CORRUPTED,2022,10,Q4,Germany,Germany,Stuttgart Motors,BMW 2 Series,Coupe,Diesel,Lease,Lease,EUR,EUR,2,38596.42,1.36,77192.83,OK,77192.83,56345.83,20847,34,OK,Prefer not to say,3.6,OK
BMW-2322,19-08-2025,CORRUPTED,2021,8,Q3,UK,UK,Manchester Prestige,BMW 7 Series,Sedan,Hybrid,Individual,Individual,GBP,GBP,1,76246.16,3.49,76246.16,OK,88658.32,66142.34,22515.98,49,OK,Prefer not to say,3.6,OK
BMW-4102,29-07-2025,CORRUPTED,2023,8,Q3,Germany,Germany,BMW Munich HQ,BMW X5,SUV,Hybrid,Individual,Individual,EUR,EUR,1,75245.76,1.77,75245.76,OK,75245.76,55154.7,20091.06,41,OK,Female,3.6,OK
BMW-1916,28-07-2025,CORRUPTED,2021,2,Q1,USA,USA,Dallas BMW,BMW X5,SUV,Hybrid,Individual,Individual,USD,USD,1,75180.62,0.25,75180.62,OK,68973.04,49787.03,19186.02,29,OK,Male,3.6,OK
BMW-5386,03-06-2025,CORRUPTED,2024,11,Q4,Germany,Germany,Stuttgart Motors,BMW i4,Electric,Electric,Individual,Individual,EUR,EUR,1,71679.2,2.15,71679.2,OK,71679.2,52743.54,18935.66,33,OK,Female,3.6,OK
BMW-1364,21-05-2025,CORRUPTED,2020,6,Q2,UK,UK,Manchester Prestige,BMW iX,Electric,Electric,individual,Individual,GBP,GBP,1,71107.73,4.94,71107.73,OK,82683.4,62623.89,20059.51,44,OK,Female,3.6,OK
BMW-3410,05-05-2025,CORRUPTED,2022,11,Q4,UK,UK,Edinburgh Motors,BMW iX,Electric,Electric,Individual,Individual,GBP,GBP,1,69991.34,6.84,69991.34,OK,81385.28,62901.95,18483.33,68,OK,Female,3.6,OK
BMW-3605,01-05-2025,CORRUPTED,2023,2,Q1,Germany,Germany,BMW Munich HQ,BMW i4,Electric,Electric,Individual,Individual,EUR,EUR,1,69749.33,6.68,69749.33,OK,69749.33,53815.37,15933.96,40,OK,Female,3.6,OK
BMW-2585,24-04-2025,CORRUPTED,2021,11,Q4,Australia,Australia,Melbourne Auto Group,BMW 3 Series,Sedan,Diesel,individual,Individual,AUD,AUD,1,69408.01,6.08,69408.01,OK,42065.46,32246.48,9818.98,61,OK,Prefer not to say,3.6,OK
BMW-1530,06-04-2025,CORRUPTED,2020,8,Q3,Australia,Australia,Melbourne Auto Group,BMW 2 Series,Coupe,Diesel,Individual,Individual,AUD,AUD,1,68260.81,4.87,68260.81,OK,41370.19,31310.81,10059.37,47,OK,Female,3.6,OK
BMW-2430,03-04-2025,CORRUPTED,2021,9,Q3,Australia,Australia,Sydney BMW,BMW 3 Series,Sedan,Hybrid,Individual,Individual,AUD,AUD,1,68078.3,5.55,68078.3,OK,41259.58,31451.52,9808.06,48,OK,Prefer not to say,3.6,OK
BMW-1539,18-03-2025,CORRUPTED,2020,9,Q3,Germany,Germany,AutohaUSA Berlin,BMW i4,Electric,Electric,Individual,Individual,EUR,EUR,1,67379.23,1.64,67379.23,OK,67379.23,49321.45,18057.78,41,OK,Prefer not to say,3.6,OK
BMW-3310,25-02-2025,CORRUPTED,2022,10,Q4,USA,USA,Beverly Hills BMW,BMW i4,Electric,Electric,Individual,Individual,USD,USD,1,66465.86,3.81,66465.86,OK,60977.86,45644.46,15333.39,59,OK,Female,3.6,OK
BMW-3526,19-02-2025,CORRUPTED,2023,1,Q1,Germany,Germany,Hamburg Drive,BMW X5,SUV,Petrol,Individual,Individual,EUR,EUR,1,66203.64,5.32,66203.64,OK,66203.64,50344.15,15859.48,55,OK,Prefer not to say,3.6,OK
BMW-4038,12-02-2025,CORRUPTED,2023,7,Q3,USA,USA,Beverly Hills BMW,BMW 5 Series,Sedan,Diesel,individual,Individual,USD,USD,1,65791.79,0.8,65791.79,OK,60359.44,43810.08,16549.36,61,OK,Prefer not to say,3.6,OK
BMW-4362,10-02-2025,CORRUPTED,2023,11,Q4,USA,USA,Beverly Hills BMW,BMW 5 Series,Sedan,Hybrid,Individual,Individual,USD,USD,1,65744.77,6.6,65744.77,OK,60316.3,46496.29,13820.01,46,OK,Female,3.6,OK
BMW-2086,11-01-2025,CORRUPTED,2021,4,Q2,Australia,Australia,Melbourne Auto Group,BMW 2 Series,Coupe,Hybrid,Individual,Individual,AUD,AUD,1,64419.63,6.24,64419.63,OK,39042.2,29980.76,9061.45,62,OK,Male,3.6,OK
BMW-3074,19-10-2024,CORRUPTED,2022,6,Q2,Australia,Australia,Sydney BMW,BMW 2 Series,Coupe,Petrol,Individual,Individual,AUD,AUD,1,61364.29,5.18,61364.29,OK,37190.48,28240.78,8949.7,44,OK,Male,3.6,OK
BMW-4802,12-10-2024,CORRUPTED,2024,4,Q2,UK,UK,Edinburgh Motors,BMW X5,SUV,Diesel,Individual,Individual,GBP,GBP,1,61182.62,0.58,61182.62,OK,71142.58,51518.99,19623.59,52,OK,Prefer not to say,3.6,OK
BMW-4137,26-08-2024,CORRUPTED,2023,8,Q3,UK,UK,Edinburgh Motors,BMW X5,SUV,Petrol,Individual,Individual,GBP,GBP,1,59330.57,1.03,59330.57,OK,68989.03,50189.81,18799.22,59,OK,Male,3.6,OK
BMW-3043,07-08-2024,CORRUPTED,2022,6,Q2,UK,UK,Edinburgh Motors,BMW X5,SUV,Diesel,Individual,Individual,GBP,GBP,1,58708.68,0.98,58708.68,OK,68265.91,49640.12,18625.79,43,OK,Prefer not to say,3.6,OK
BMW-2614,04-08-2024,CORRUPTED,2021,12,Q4,USA,USA,Beverly Hills BMW,BMW X3,SUV,Petrol,Individual,Individual,USD,USD,1,58576.51,5.14,58576.51,OK,53739.92,40790.37,12949.55,43,OK,Prefer not to say,3.6,OK
BMW-1610,12-06-2024,CORRUPTED,2020,10,Q4,Germany,Germany,Hamburg Drive,BMW 5 Series,Sedan,Petrol,Individual,Individual,EUR,EUR,1,57378.93,3.65,57378.93,OK,57378.93,42877.82,14501.11,67,OK,Female,3.6,OK
BMW-5045,29-05-2024,CORRUPTED,2024,7,Q3,Germany,Germany,BMW Munich HQ,BMW 5 Series,Sedan,Hybrid,Individual,Individual,EUR,EUR,1,56917.26,2.54,56917.26,OK,56917.26,42049.44,14867.82,43,OK,Male,3.6,OK
BMW-2443,01-05-2024,CORRUPTED,2021,10,Q4,Germany,Germany,AutohaUSA Berlin,BMW 5 Series,Sedan,Hybrid,individual,Individual,EUR,EUR,1,55942.42,4.36,55942.42,OK,55942.42,42116.26,13826.17,-5,BAD AGE,Male,3.6,OK
BMW-5506,25-03-2024,CORRUPTED,2024,12,Q4,USA,USA,Chicago Motors,BMW X3,SUV,Petrol,Individual,Individual,USD,USD,1,54655.88,4.35,54655.88,OK,50143.01,37744.8,12398.22,66,OK,Prefer not to say,3.6,OK
BMW-4617,16-03-2024,CORRUPTED,2024,2,Q1,Germany,Germany,Stuttgart Motors,BMW 5 Series,Sedan,Petrol,Individual,Individual,EUR,EUR,1,54409.09,5.67,54409.09,OK,54409.09,41530.57,12878.52,61,OK,Prefer not to say,3.6,OK
BMW-3249,28-01-2024,CORRUPTED,2022,9,Q3,USA,USA,New York BMW,BMW X3,SUV,Hybrid,individual,Individual,USD,USD,1,52971.71,6.89,52971.71,OK,48597.9,37579.12,11018.77,45,OK,Male,3.6,OK
BMW-4293,18-01-2024,CORRUPTED,2023,10,Q4,USA,USA,Beverly Hills BMW,BMW 3 Series,Sedan,Petrol,Individual,Individual,USD,USD,1,52462.83,1.74,52462.83,OK,48131.04,35268.67,12862.37,42,OK,Female,3.6,OK
BMW-1203,03-01-2024,CORRUPTED,2020,4,Q2,Germany,Germany,Hamburg Drive,BMW X3,SUV,Diesel,Individual,Individual,EUR,EUR,1,51952.1,6.1,51952.1,OK,51952.1,39835.33,12116.76,43,OK,Male,3.6,OK
BMW-3042,29-11-2023,CORRUPTED,2022,6,Q2,UK,UK,Manchester Prestige,BMW X3,SUV,Petrol,individual,Individual,GBP,GBP,1,50193.75,1.32,50193.75,OK,58364.83,42583.16,15781.67,31,OK,Female,3.6,OK
BMW-4432,27-10-2023,CORRUPTED,2023,12,Q4,Germany,Germany,Stuttgart Motors,BMW X3,SUV,Petrol,Individual,Individual,EUR,EUR,1,48861.16,7.75,48861.16,OK,48861.16,38135.9,10725.26,-5,BAD AGE,Prefer not to say,3.6,OK
BMW-1496,18-09-2023,CORRUPTED,2020,8,Q3,UK,UK,Manchester Prestige,BMW X3,SUV,Petrol,Individual,Individual,GBP,GBP,1,47421.15,0.04,47421.15,OK,55140.88,39718.05,15422.83,30,OK,Female,3.6,OK
BMW-1078,16-08-2023,CORRUPTED,2020,2,Q1,Germany,Germany,BMW Munich HQ,BMW X3,SUV,Hybrid,individual,Individual,EUR,EUR,1,46511.94,6.58,46511.94,OK,46511.94,35847.66,10664.28,50,OK,Prefer not to say,3.6,OK
BMW-2822,10-08-2023,CORRUPTED,2022,3,Q1,UK,UK,London BMW Centre,BMW X3,SUV,Petrol,Individual,Individual,GBP,GBP,1,46106.13,1.26,46106.13,OK,53611.78,39092.65,14519.13,30,OK,Prefer not to say,3.6,OK
BMW-4540,18-07-2023,CORRUPTED,2024,1,Q1,USA,USA,Chicago Motors,BMW 3 Series,Sedan,Diesel,Individual,Individual,USD,USD,1,45340.24,3.56,45340.24,OK,41596.55,31056.2,10540.36,33,OK,Female,3.6,OK
BMW-4536,14-07-2023,CORRUPTED,2024,1,Q1,USA,USA,Dallas BMW,BMW 3 Series,Sedan,Hybrid,individual,Individual,USD,USD,1,45188.98,6.92,45188.98,OK,41457.78,32068.18,9389.6,70,OK,Prefer not to say,3.6,OK
BMW-2823,30-06-2023,CORRUPTED,2022,3,Q1,UK,UK,Edinburgh Motors,BMW 5 Series,Sedan,Diesel,corporate fleet,Corporate Fleet,GBP,GBP,1,44636.14,7.43,44636.14,OK,51902.49,40368.38,11534.11,35,OK,Female,3.6,OK
BMW-2053,06-06-2023,CORRUPTED,2021,4,Q2,USA,USA,Miami Auto Group,BMW 3 Series,Sedan,Petrol,corporate fleet,Corporate Fleet,USD,USD,1,43961.59,5.13,43961.59,OK,40331.73,30609.75,9721.98,56,OK,Male,3.6,OK
BMW-3532,14-05-2023,CORRUPTED,2023,1,Q1,Germany,Germany,AutohaUSA Berlin,BMW 3 Series,Sedan,Diesel,Individual,Individual,EUR,EUR,1,42759.96,1.3,42759.96,OK,42759.96,31191.15,11568.81,63,OK,Male,3.6,OK
BMW-2181,11-05-2023,CORRUPTED,2021,6,Q2,USA,USA,Miami Auto Group,BMW 3 Series,Sedan,Hybrid,Individual,Individual,USD,USD,1,42657.24,4.68,42657.24,OK,39135.09,29560.28,9574.81,44,OK,Female,3.6,OK
BMW-2956,30-04-2023,CORRUPTED,2022,5,Q2,USA,USA,Dallas BMW,BMW 2 Series,Coupe,Hybrid,Individual,Individual,USD,USD,1,42057.12,3.23,42057.12,OK,38584.52,28707.88,9876.64,65,OK,Male,3.6,OK
BMW-5469,18-04-2023,CORRUPTED,2024,12,Q4,Germany,Germany,Stuttgart Motors,BMW 3 Series,Sedan,Petrol,Individual,Individual,EUR,EUR,1,41708.13,4.29,41708.13,OK,41708.13,31375.37,10332.76,27,OK,Prefer not to say,3.6,OK
BMW-1691,12-04-2023,CORRUPTED,2020,11,Q4,USA,USA,Beverly Hills BMW,BMW 2 Series,Coupe,Diesel,individual,Individual,USD,USD,1,41401.66,7.73,41401.66,OK,37983.18,29638.46,8344.72,68,OK,Male,3.6,OK
BMW-2616,29-03-2023,CORRUPTED,2021,12,Q4,USA,USA,New York BMW,BMW 2 Series,Coupe,Petrol,Individual,Individual,USD,USD,1,40844.54,0.58,40844.54,OK,37472.05,27137.32,10334.73,39,OK,Male,3.6,OK
BMW-1972,03-01-2023,CORRUPTED,2021,3,Q1,Germany,Germany,Stuttgart Motors,BMW 2 Series,Coupe,Hybrid,Individual,Individual,EUR,EUR,1,35900.29,6.78,35900.29,OK,35900.29,27729.63,8170.66,57,OK,Female,3.6,OK
BMW-1030,02-01-2023,CORRUPTED,2020,1,Q1,UK,UK,Edinburgh Motors,BMW 3 Series,Sedan,Petrol,Government,Government,Gbp,GBP,1,35859.27,6.04,35859.27,OK,41696.83,31953.09,9743.74,46,OK,Male,3.6,OK
BMW-4626,30-12-2022,CORRUPTED,2024,2,Q1,Germany,Germany,BMW Munich HQ,BMW 2 Series,Coupe,Hybrid,Individual,Individual,EUR,EUR,1,35661.91,4.71,35661.91,OK,35661.91,26946.37,8715.54,43,OK,Male,3.6,OK
BMW-3278,28-11-2022,CORRUPTED,2022,9,Q3,China,China,Guangzhou BMW,BMW iX,Electric,Electric,Corporate Fleet,Corporate Fleet,CNY,CNY,3,644881.79,3.98,19346.4537,OK,244891.82,183632.9,61258.92,56,OK,Male,3.6,OK
BMW-4312,24-11-2022,CORRUPTED,2023,10,Q4,China,China,Guangzhou BMW,BMW X7,SUV,Hybrid,Lease,Lease,CNY,CNY,1,807671.47,7.12,8076.7147,OK,102236.89,79256.29,22980.61,41,OK,Prefer not to say,3.6,OK
BMW-2069,19-11-2022,CORRUPTED,2021,4,Q2,China,China,Shenzhen Auto,BMW iX,Electric,Electric,individual,Individual,CNY,CNY,1,646150.65,5.54,6461.5065,OK,81791.22,62342.74,19448.48,28,OK,Prefer not to say,3.6,OK
BMW-4486,05-11-2022,CORRUPTED,2023,12,Q4,China,China,Guangzhou BMW,BMW X3,SUV,Hybrid,Individual,Individual,CNY,CNY,1,380255.89,2.59,3802.5589,OK,48133.66,35577.99,12555.67,66,OK,Female,3.6,OK
BMW-3498,04-11-2022,CORRUPTED,2022,12,Q4,China,China,Beijing Luxury Motors,BMW X3,SUV,Diesel,Individual,Individual,CNY,CNY,1,378165.21,4.87,3781.6521,OK,47869.01,36230.86,11638.16,57,OK,Female,3.6,OK
BMW-2462,15-09-2022,CORRUPTED,2021,10,Q4,USA,USA,Chicago Motors,BMW 2 Series,Coupe,Hybrid,Corporate Fleet,Corporate Fleet,USD,USD,2,44303.52,2.15,-88607.04,BAD REVENUE,81290.86,59812.49,21478.38,35,OK,Male,3.6,OK
BMW-5191,01-09-2022,CORRUPTED,2024,8,Q3,Australia,Australia,Sydney BMW,BMW iX,Electric,Electric,corporate fleet,Corporate Fleet,AUD,AUD,3,142678.07,6.33,-428034.22,BAD REVENUE,259414.68,199402.19,60012.49,64,OK,Prefer not to say,3.6,OK
BMW-4396,02-02-2035,CORRUPTED,2023,11,Q4,India,India,Delhi Prestige Auto,BMW X5,SUV,Petrol,Government,Government,INR,INR,7,6679683.14,5.74,46757781.99,OK,513821.78,392487.44,121334.34,69,OK,Male,3.7,OK
BMW-1450,28-01-2035,CORRUPTED,2020,7,Q3,India,India,Bangalore Motors,BMW iX,Electric,Electric,Corporate Fleet,Corporate Fleet,INR,INR,6,7189355.52,5.56,43136133.1,OK,474023.44,361391.25,112632.19,56,OK,Male,3.7,OK
BMW-3825,20-01-2035,CORRUPTED,2023,4,Q2,India,India,Mumbai BMW,BMW M5,M Sport,Petrol,Corporate Fleet,Corporate Fleet,INR,INR,4,9753855.67,6.36,39015422.66,OK,428740.91,329667.9,99073.01,43,OK,Female,3.7,OK
BMW-1520,11-01-2035,CORRUPTED,2020,8,Q3,India,India,Delhi Prestige Auto,BMW 7 Series,Sedan,Petrol,Corporate Fleet,Corporate Fleet,INR,INR,4,8444682.7,5.84,33778730.78,OK,371194.84,283824.47,87370.37,38,OK,Female,3.7,OK
BMW-1954,08-01-2035,CORRUPTED,2021,2,Q1,India,India,Bangalore Motors,BMW M5,M Sport,Petrol,Corporate Fleet,Corporate Fleet,INR,INR,3,11018457.02,5.02,33055371.07,OK,363245.84,275356.11,87889.73,40,OK,Prefer not to say,3.7,OK
BMW-2642,04-01-2035,CORRUPTED,2021,12,Q4,India,India,Delhi Prestige Auto,BMW X5,SUV,Petrol,Corporate Fleet,Corporate Fleet,INR,INR,5,6217179.83,6.26,31085899.13,OK,341603.29,262388.8,79214.49,67,OK,Female,3.7,OK
BMW-2573,18-12-2034,CORRUPTED,2021,11,Q4,India,India,Delhi Prestige Auto,BMW 3 Series,Sedan,Hybrid,Lease,Lease,INR,INR,7,3700793.1,5.11,25905551.69,OK,284676.39,216013.08,68663.31,35,OK,Male,3.7,OK
BMW-2207,14-11-2034,CORRUPTED,2021,6,Q2,India,India,Bangalore Motors,BMW 2 Series,Coupe,Hybrid,Corporate Fleet,Corporate Fleet,INR,INR,5,3198827.84,3.89,15994139.19,OK,175759.77,131668.12,44091.65,60,OK,Female,3.7,OK
BMW-3348,04-11-2034,CORRUPTED,2022,10,Q4,India,India,Delhi Prestige Auto,BMW X5,SUV,Diesel,Corporate Fleet,Corporate Fleet,INR,INR,2,6753098.13,4.88,13506196.26,OK,148419.74,112339.39,36080.35,30,OK,Female,3.7,OK
BMW-1590,14-10-2034,CORRUPTED,2020,9,Q3,India,India,Mumbai BMW,BMW 2 Series,Coupe,Petrol,Corporate Fleet,Corporate Fleet,INR,INR,3,3701532.86,6.85,11104598.58,OK,122028.56,94317.1,27711.45,49,OK,Prefer not to say,3.7,OK
BMW-5098,12-10-2034,CORRUPTED,2024,7,Q3,India,India,Mumbai BMW,BMW M5,M Sport,Diesel,Individual,Individual,INR,INR,1,11006625.45,5.98,11006625.45,OK,120951.93,92619.62,28332.31,65,OK,Male,3.7,OK
BMW-2438,10-10-2034,CORRUPTED,2021,9,Q3,South Africa,South Africa,Cape Town BMW,BMW i4,Electric,Electric,Corporate Fleet,Corporate Fleet,ZAR,ZAR,8,1341181.41,1.07,10729451.29,OK,536472.56,390423.23,146049.34,59,OK,Prefer not to say,3.7,OK
BMW-4686,15-09-2034,CORRUPTED,2024,2,Q1,South Africa,South Africa,Johannesburg Motors,BMW X5,SUV,Hybrid,Corporate Fleet,Corporate Fleet,ZAR,ZAR,7,1368119.93,1.52,9576839.53,OK,478841.98,350078.92,128763.06,65,OK,Female,3.7,OK
BMW-4424,14-09-2034,CORRUPTED,2023,11,Q4,South Africa,South Africa,Johannesburg Motors,BMW X5,SUV,Petrol,government,Government,ZAR,ZAR,6,1569015.17,2.21,9414091.05,OK,470704.55,346551.64,124152.91,-5,BAD AGE,Female,3.7,OK
BMW-5550,05-09-2034,CORRUPTED,2024,12,Q4,India,India,Mumbai BMW,BMW 7 Series,Sedan,Hybrid,Individual,Individual,INR,INR,1,8831350.51,3.57,8831350.51,OK,97047.81,72464.48,24583.32,29,OK,Prefer not to say,3.7,OK
BMW-2359,20-08-2034,CORRUPTED,2021,8,Q3,South Africa,South Africa,Johannesburg Motors,BMW X3,SUV,Diesel,Government,Government,ZAR,ZAR,7,1151969.89,1.45,8063789.23,OK,403189.46,294553.48,108635.98,58,OK,Prefer not to say,3.7,OK
BMW-4158,02-07-2034,CORRUPTED,2023,8,Q3,India,India,Delhi Prestige Auto,BMW X5,SUV,Hybrid,Corporate Fleet,Corporate Fleet,INR,INR,1,6772242.97,7.79,6772242.97,OK,74420.25,58111.78,16308.47,36,OK,Male,3.7,OK
BMW-1181,23-06-2034,CORRUPTED,2020,3,Q1,India,India,Delhi Prestige Auto,BMW i4,Electric,Electric,Individual,Individual,INR,INR,1,6637245.79,0.64,6637245.79,OK,72936.77,52853.72,20083.04,39,OK,Female,3.7,OK
BMW-2209,21-06-2034,CORRUPTED,2021,6,Q2,India,India,Delhi Prestige Auto,BMW i4,Electric,Electric,Individual,Individual,INR,INR,1,6493921.14,2.42,6493921.14,OK,71361.77,52654.57,18707.2,48,OK,Prefer not to say,3.7,OK
BMW-4608,02-06-2034,CORRUPTED,2024,1,Q1,South Africa,South Africa,Johannesburg Motors,BMW 3 Series,Sedan,Petrol,Corporate Fleet,Corporate Fleet,ZAR,ZAR,7,847410.75,1.99,5931875.23,OK,296593.76,217886.03,78707.73,29,OK,Prefer not to say,3.7,OK
BMW-2902,19-05-2034,CORRUPTED,2022,4,Q2,China,China,Guangzhou BMW,BMW X7,SUV,Diesel,Government,Government,CNY,CNY,7,811567.88,4.85,5680975.13,OK,719110.78,544140.28,174970.49,42,OK,Female,3.7,OK
BMW-3298,05-05-2034,CORRUPTED,2022,9,Q3,South Africa,South Africa,Johannesburg Motors,BMW 3 Series,Sedan,Diesel,Lease,Lease,ZAR,ZAR,6,914626.18,6.84,5487757.06,OK,274387.85,212057.5,62330.36,55,OK,Female,3.7,OK
BMW-3566,12-04-2034,CORRUPTED,2023,1,Q1,China,China,Shanghai BMW,BMW X5,SUV,Petrol,Corporate Fleet,Corporate Fleet,CNY,CNY,8,643111.97,1.44,5144895.78,OK,651252.63,475769.1,175483.53,42,OK,Female,3.7,OK
BMW-5283,04-04-2034,CORRUPTED,2024,9,Q3,China,China,Shenzhen Auto,BMW iX,Electric,Electric,Corporate Fleet,Corporate Fleet,CNY,CNY,7,713015.39,6.76,4991107.72,OK,631785.79,487857.34,143928.45,63,OK,Male,3.7,OK
BMW-3828,01-04-2034,CORRUPTED,2023,4,Q2,India,India,Mumbai BMW,BMW X3,SUV,Petrol,Individual,Individual,INR,INR,1,4977382.57,3.47,4977382.57,OK,54696.51,40796.97,13899.54,45,OK,Female,3.7,OK
BMW-3133,26-03-2034,CORRUPTED,2022,7,Q3,China,China,Shenzhen Auto,BMW 7 Series,Sedan,Petrol,Lease,Lease,CNY,CNY,6,820663.73,4.31,4923982.4,OK,623288.91,468990.15,154298.76,55,OK,Male,3.7,OK
BMW-2366,12-02-2034,CORRUPTED,2021,8,Q3,South Africa,South Africa,Cape Town BMW,BMW X3,SUV,Diesel,Corporate Fleet,Corporate Fleet,ZAR,ZAR,4,1088483.17,3.35,4353932.69,OK,217696.63,162182.27,55514.37,32,OK,Male,3.7,OK
BMW-4828,22-01-2034,CORRUPTED,2024,4,Q2,India,India,Mumbai BMW,BMW 3 Series,Sedan,Diesel,Individual,Individual,INR,INR,1,3942609.29,3.35,3942609.29,OK,43325.38,32276.01,11049.37,70,OK,Prefer not to say,3.7,OK
BMW-4586,14-01-2034,CORRUPTED,2024,1,Q1,India,India,Bangalore Motors,BMW 3 Series,Sedan,Hybrid,Individual,Individual,INR,INR,1,3853411.15,0.56,3853411.15,OK,42345.18,30661.54,11683.63,35,OK,Male,3.7,OK
BMW-2569,28-12-2033,CORRUPTED,2021,11,Q4,India,India,Bangalore Motors,BMW 3 Series,Sedan,Diesel,Individual,Individual,INR,INR,1,3660726.78,3.34,3660726.78,OK,40227.77,29966.02,10261.75,51,OK,Prefer not to say,3.7,OK
BMW-1589,17-12-2033,CORRUPTED,2020,9,Q3,India,India,Bangalore Motors,BMW 3 Series,Sedan,Diesel,Individual,Individual,INR,INR,1,3569898.13,4.66,3569898.13,OK,39229.65,29626.68,9602.97,62,OK,Female,3.7,OK
BMW-3277,08-12-2033,CORRUPTED,2022,9,Q3,China,China,Guangzhou BMW,BMW X5,SUV,Diesel,lease,Lease,CNY,CNY,6,584655.14,7.58,3507930.86,OK,444041.88,345921.92,98119.96,63,OK,Prefer not to say,3.7,OK
BMW-3492,19-11-2033,CORRUPTED,2022,12,Q4,China,China,Shenzhen Auto,BMW i4,Electric,Electric,Lease,Lease,CNY,CNY,7,483590.09,2.91,3385130.63,OK,428497.55,317754.06,110743.49,32,OK,Male,3.7,OK
BMW-1165,17-10-2033,CORRUPTED,2020,3,Q1,China,China,Beijing Luxury Motors,BMW 5 Series,Sedan,Petrol,Corporate Fleet,Corporate Fleet,CNY,CNY,6,496422.69,1.48,2978536.14,OK,377029.89,275528.79,101501.1,34,OK,Prefer not to say,3.7,OK
BMW-2981,09-10-2033,CORRUPTED,2022,5,Q2,China,China,Beijing Luxury Motors,BMW X7,SUV,Petrol,Lease,Lease,CNY,CNY,4,726845.96,1.35,2907383.84,OK,368023.27,268599.61,99423.66,33,OK,Female,3.7,OK
BMW-3677,29-09-2033,CORRUPTED,2023,2,Q1,South Africa,South Africa,Johannesburg Motors,BMW X5,SUV,Diesel,Corporate Fleet,Corporate Fleet,ZAR,ZAR,2,1412928.41,0.23,2825856.81,OK,141292.84,101962.97,39329.87,54,OK,Prefer not to say,3.7,OK
BMW-4414,02-09-2033,CORRUPTED,2023,11,Q4,South Africa,South Africa,Cape Town BMW,BMW i7,Electric,Electric,Individual,Individual,ZAR,ZAR,1,2542776.18,0.03,2542776.18,OK,127138.81,91565.66,35573.15,34,OK,Female,3.7,OK
BMW-2777,10-08-2033,CORRUPTED,2022,2,Q1,UAE,UAE,Abu Dhabi Motors,BMW 7 Series,Sedan,Diesel,Corporate Fleet,Corporate Fleet,AED,AED,6,405373.47,3.82,2432240.83,OK,608060.21,455178.28,152881.92,50,OK,Female,3.7,OK
BMW-3440,26-07-2033,CORRUPTED,2022,11,Q4,South Africa,South Africa,Cape Town BMW,BMW i7,Electric,Electric,Individual,Individual,ZAR,ZAR,1,2299313.58,2.02,2299313.58,OK,114965.68,84481.23,30484.45,66,OK,Male,3.7,OK
BMW-2065,10-07-2033,CORRUPTED,2021,4,Q2,China,China,Guangzhou BMW,BMW X3,SUV,Diesel,lease,Lease,CNY,CNY,5,445332.63,5.39,2226663.16,OK,281856.1,214499.43,67356.66,40,OK,Female,3.7,OK
BMW-5566,18-06-2033,CORRUPTED,2024,12,Q4,South Africa,South Africa,Cape Town BMW,BMW M5,M Sport,Hybrid,Individual,Individual,ZAR,ZAR,1,2128393.87,6.36,2128393.87,OK,106419.69,81825.99,24593.7,50,OK,Female,3.7,OK
BMW-4064,09-06-2033,CORRUPTED,2023,7,Q3,China,China,Shanghai BMW,BMW X3,SUV,Hybrid,Corporate Fleet,Corporate Fleet,CNY,CNY,5,413875.7,6.36,2069378.5,OK,261946.65,201413.77,60532.88,62,OK,Prefer not to say,3.7,OK
BMW-3813,07-05-2033,CORRUPTED,2023,4,Q2,China,China,Beijing Luxury Motors,BMW X3,SUV,Diesel,Lease,Lease,CNY,CNY,5,383593.09,1.94,1917965.46,OK,242780.44,178257.63,64522.81,65,OK,Prefer not to say,3.7,OK
BMW-2510,26-04-2033,CORRUPTED,2021,10,Q4,South Africa,South Africa,Cape Town BMW,BMW 7 Series,Sedan,Diesel,individual,Individual,ZAR,ZAR,1,1869123.59,6.36,1869123.59,OK,93456.18,71859.34,21596.84,65,OK,Male,3.7,OK
BMW-5180,04-04-2033,CORRUPTED,2024,8,Q3,China,China,Beijing Luxury Motors,BMW 5 Series,Sedan,Petrol,Lease,Lease,CNY,CNY,4,448499.13,1.04,1793996.54,OK,227088.17,165230.12,61858.05,59,OK,Prefer not to say,3.7,OK
BMW-3981,03-04-2033,CORRUPTED,2023,6,Q2,UAE,UAE,Dubai BMW,BMW 5 Series,Sedan,Diesel,Corporate Fleet,Corporate Fleet,AED,AED,8,222841.87,7.34,1782734.99,OK,445683.75,346312.31,99371.44,29,OK,Female,3.7,OK
BMW-4654,28-03-2033,CORRUPTED,2024,2,Q1,China,China,Shanghai BMW,BMW 2 Series,Coupe,Petrol,Corporate Fleet,Corporate Fleet,CNY,CNY,6,294453.87,0.38,1766723.25,OK,223635.85,161636.05,61999.8,28,OK,Male,3.7,OK
BMW-3804,07-03-2033,CORRUPTED,2023,4,Q2,China,China,Shenzhen Auto,BMW X3,SUV,Petrol,Government,Government,CNY,CNY,4,425281.54,0.57,1701126.17,OK,215332.43,155927.59,59404.83,36,OK,Prefer not to say,3.7,OK
BMW-1377,18-02-2033,CORRUPTED,2020,6,Q2,China,China,Guangzhou BMW,BMW 3 Series,Sedan,Petrol,Corporate Fleet,Corporate Fleet,CNY,CNY,5,328356.54,6.95,1641782.7,OK,207820.6,160798.51,47022.09,41,OK,Prefer not to say,3.7,OK
BMW-1830,15-02-2033,CORRUPTED,2020,12,Q4,South Africa,South Africa,Johannesburg Motors,BMW iX,Electric,Electric,Individual,Individual,ZAR,ZAR,1,1620631.85,2.41,1620631.85,OK,81031.59,59782.53,21249.06,25,OK,Male,3.7,OK
BMW-2855,06-02-2033,CORRUPTED,2022,3,Q1,South Africa,South Africa,Johannesburg Motors,BMW X5,SUV,Hybrid,Individual,Individual,ZAR,ZAR,1,1579177.11,3.26,1579177.11,OK,78958.86,58768.78,20190.08,68,OK,Female,3.7,OK
BMW-4594,01-02-2033,CORRUPTED,2024,1,Q1,UAE,UAE,Dubai BMW,BMW i7,Electric,Electric,Government,Government,AED,AED,3,522112.65,1.35,1566337.94,OK,391584.48,285794.93,105789.56,50,OK,Male,3.7,OK
BMW-2848,05-01-2033,CORRUPTED,2022,3,Q1,UAE,UAE,Abu Dhabi Motors,BMW 7 Series,Sedan,Hybrid,Corporate Fleet,Corporate Fleet,AED,AED,4,362848.82,6.12,1451395.28,OK,362848.82,278284.54,84564.28,28,OK,Female,3.7,OK
BMW-2415,13-11-2032,CORRUPTED,2021,9,Q3,China,China,Guangzhou BMW,BMW M3,M Sport,Diesel,Government,Government,CNY,CNY,2,645959.63,5.5,1291919.26,OK,163534.08,124600.24,38933.85,56,OK,Prefer not to say,3.7,OK
BMW-4593,10-09-2032,CORRUPTED,2024,1,Q1,UAE,UAE,Abu Dhabi Motors,BMW X3,SUV,Hybrid,Corporate Fleet,Corporate Fleet,AED,AED,5,217309.68,0.32,1086548.39,OK,271637.1,196203.51,75433.59,49,OK,Male,3.7,OK
BMW-5346,22-07-2032,CORRUPTED,2024,10,Q4,China,China,Guangzhou BMW,BMW i7,Electric,Electric,Individual,Individual,CNY,CNY,1,984568.08,3.51,984568.08,OK,124628.87,92999.8,31629.07,31,OK,Male,3.7,OK
BMW-4091,14-04-2032,CORRUPTED,2023,7,Q3,South Africa,South Africa,Johannesburg Motors,BMW 2 Series,Coupe,Petrol,Individual,Individual,ZAR,ZAR,1,850646.27,2.45,850646.27,OK,42532.31,31391.75,11140.56,56,OK,Female,3.7,OK
BMW-1673,02-04-2032,CORRUPTED,2020,10,Q4,South Africa,South Africa,Cape Town BMW,BMW 2 Series,Coupe,Diesel,Corporate Fleet,Corporate Fleet,ZAR,ZAR,1,835266.51,3.24,835266.51,OK,41763.33,31076.74,10686.59,67,OK,Prefer not to say,3.7,OK
BMW-4754,14-03-2032,CORRUPTED,2024,3,Q1,China,China,Shenzhen Auto,BMW X3,SUV,Hybrid,Corporate Fleet,Corporate Fleet,CNY,CNY,2,403629.41,5.51,807258.82,OK,102184.66,77867.1,24317.56,26,OK,Male,3.7,OK
BMW-3998,08-03-2032,CORRUPTED,2023,6,Q2,South Africa,South Africa,Cape Town BMW,BMW 2 Series,Coupe,Hybrid,Individual,Individual,ZAR,ZAR,1,801950.91,7.12,801950.91,OK,40097.55,31083.28,9014.27,39,OK,Prefer not to say,3.7,OK
BMW-2828,05-03-2032,CORRUPTED,2022,3,Q1,China,China,Shanghai BMW,BMW X3,SUV,Diesel,Corporate Fleet,Corporate Fleet,CNY,CNY,2,399205.22,2,798410.44,OK,101064.61,74254.48,26810.13,39,OK,Male,3.7,OK
BMW-1173,09-02-2032,CORRUPTED,2020,3,Q1,China,China,Shenzhen Auto,BMW X7,SUV,Hybrid,Individual,Individual,CNY,CNY,1,778667.13,0.96,778667.13,OK,98565.46,71653.64,26911.82,43,OK,Female,3.7,OK
BMW-2137,16-01-2032,CORRUPTED,2021,5,Q2,China,China,Shenzhen Auto,BMW iX,Electric,Electric,Lease,Lease,CNY,CNY,1,753159.32,3.07,753159.32,OK,95336.62,70813.31,24523.31,54,OK,Male,3.7,OK
BMW-2791,02-01-2032,CORRUPTED,2022,3,Q1,Germany,Germany,BMW Munich HQ,BMW X7,SUV,Hybrid,Corporate Fleet,Corporate Fleet,EUR,EUR,8,92271.65,6.14,738173.24,OK,738173.24,566239.78,171933.46,27,OK,Prefer not to say,3.7,OK
BMW-2025,26-10-2031,CORRUPTED,2021,3,Q1,Australia,Australia,Melbourne Auto Group,BMW iX,Electric,Electric,Corporate Fleet,Corporate Fleet,AUD,AUD,5,138446.09,5.37,692230.43,OK,419533.6,319201.29,100332.3,56,OK,Female,3.7,OK
BMW-1342,24-10-2031,CORRUPTED,2020,6,Q2,Germany,Germany,Hamburg Drive,BMW iX,Electric,Electric,government,Government,EUR,EUR,8,86436.06,5.85,691488.5,OK,691488.5,528822.18,162666.32,47,OK,Male,3.7,OK
BMW-1803,02-09-2031,CORRUPTED,2020,12,Q4,China,China,Guangzhou BMW,BMW iX,Electric,Electric,Corporate Fleet,Corporate Fleet,CNY,CNY,1,654837.88,3.86,654837.88,OK,82890.87,62080.41,20810.46,31,OK,Female,3.7,OK
BMW-3558,27-08-2031,CORRUPTED,2023,1,Q1,China,China,Shenzhen Auto,BMW iX,Electric,Electric,Lease,Lease,CNY,CNY,1,651469.5,5.5,651469.5,OK,82464.49,62832.55,19631.94,44,OK,Prefer not to say,3.7,OK
BMW-1254,15-08-2031,CORRUPTED,2020,4,Q2,UAE,UAE,Dubai BMW,BMW iX,Electric,Electric,Corporate Fleet,Corporate Fleet,AED,AED,2,320132.55,4.83,640265.11,OK,160066.28,121090.6,38975.67,33,OK,Male,3.7,OK
BMW-2699,17-07-2031,CORRUPTED,2022,1,Q1,China,China,Guangzhou BMW,BMW X5,SUV,Diesel,Individual,Individual,CNY,CNY,1,621091.43,1.5,621091.43,OK,78619.17,57465.05,21154.12,34,OK,Male,3.7,OK
BMW-4661,08-07-2031,CORRUPTED,2024,2,Q1,China,China,Shanghai BMW,BMW M3,M Sport,Diesel,Individual,Individual,CNY,CNY,1,616936.42,1.69,616936.42,OK,78093.22,57191.96,20901.26,53,OK,Prefer not to say,3.7,OK
BMW-2149,25-06-2031,CORRUPTED,2021,5,Q2,Australia,Australia,Sydney BMW,BMW X7,SUV,Diesel,Corporate Fleet,Corporate Fleet,AUD,AUD,4,152742.06,1.48,610968.25,OK,370283.79,270615.43,99668.36,64,OK,Prefer not to say,3.7,OK
BMW-3476,31-05-2031,CORRUPTED,2022,12,Q4,USA,USA,Chicago Motors,BMW X5,SUV,Diesel,Corporate Fleet,Corporate Fleet,USD,USD,8,74720.91,7.59,597767.32,OK,548410.38,427298.72,121111.67,60,OK,Prefer not to say,3.7,OK
BMW-1564,18-05-2031,CORRUPTED,2020,9,Q3,UK,UK,London BMW Centre,BMW iX,Electric,Electric,lease,Lease,gbp,GBP,8,73820.41,1.14,590563.28,OK,686701.49,500105.14,186596.34,41,OK,Female,3.7,OK
BMW-1032,11-05-2031,CORRUPTED,2020,1,Q1,China,China,Shanghai BMW,BMW X5,SUV,Hybrid,Individual,Individual,CNY,CNY,1,586892.65,7.17,586892.65,OK,74290.21,57619.54,16670.67,28,OK,Prefer not to say,3.7,OK
BMW-5332,01-05-2031,CORRUPTED,2024,10,Q4,USA,USA,Beverly Hills BMW,BMW X5,SUV,Diesel,Lease,Lease,USD,USD,8,72707.3,5.84,581658.44,OK,533631.6,408025.28,125606.32,56,OK,Female,3.7,OK
BMW-2162,18-04-2031,CORRUPTED,2021,6,Q2,Germany,Germany,Hamburg Drive,BMW X5,SUV,Hybrid,Government,Government,EUR,EUR,8,71720.2,3.28,573761.58,OK,573761.58,427106.24,146655.33,51,OK,Male,3.7,OK
BMW-4005,01-03-2031,CORRUPTED,2023,7,Q3,Germany,Germany,BMW Munich HQ,BMW X5,SUV,Petrol,Corporate Fleet,Corporate Fleet,EUR,EUR,8,69305.63,5.38,554445.07,OK,554445.07,421883.77,132561.3,28,OK,Female,3.7,OK
BMW-4017,26-02-2031,CORRUPTED,2023,7,Q3,Germany,Germany,AutohaUSA Berlin,BMW M3,M Sport,Hybrid,Lease,Lease,EUR,EUR,6,91963.13,2.47,551778.81,OK,551778.81,407328.89,144449.91,39,OK,Female,3.7,OK
BMW-3419,29-01-2031,CORRUPTED,2022,11,Q4,China,China,Beijing Luxury Motors,BMW X5,SUV,Petrol,Corporate Fleet,Corporate Fleet,CNY,CNY,1,528718.08,2.64,528718.08,OK,66926.34,49491.22,17435.12,63,OK,Prefer not to say,3.7,OK
BMW-1510,24-01-2031,CORRUPTED,2020,8,Q3,China,China,Beijing Luxury Motors,BMW i4,Electric,Electric,Individual,Individual,CNY,CNY,1,526745.67,1.18,526745.67,OK,66676.67,48580.26,18096.4,52,OK,Male,3.7,OK
BMW-4531,14-01-2031,CORRUPTED,2024,1,Q1,USA,USA,Chicago Motors,BMW 5 Series,Sedan,Hybrid,Corporate Fleet,Corporate Fleet,USD,USD,8,65197.17,4.65,521577.33,OK,478511.31,361326.12,117185.19,63,OK,Female,3.7,OK
BMW-3646,05-01-2031,CORRUPTED,2023,2,Q1,China,China,Beijing Luxury Motors,BMW X5,SUV,Petrol,Individual,Individual,CNY,CNY,1,517359.39,4.9,517359.39,OK,65488.53,49580.43,15908.1,37,OK,Prefer not to say,3.7,OK
BMW-3267,26-12-2030,CORRUPTED,2022,9,Q3,China,China,Beijing Luxury Motors,BMW i4,Electric,Electric,individual,Individual,CNY,CNY,1,513495.27,6.62,513495.27,OK,64999.4,50115.87,14883.53,58,OK,Male,3.7,OK
BMW-4723,25-12-2030,CORRUPTED,2024,3,Q1,USA,USA,Dallas BMW,BMW i4,Electric,Electric,Lease,Lease,USD,USD,8,64091.81,5.38,512734.46,OK,470398.59,357958.02,112440.57,49,OK,Male,3.7,OK
BMW-4678,07-12-2030,CORRUPTED,2024,2,Q1,UAE,UAE,Abu Dhabi Motors,BMW 2 Series,Coupe,Diesel,lease,Lease,AED,AED,3,168614.73,2.03,505844.19,OK,126461.05,92943.09,33517.96,27,OK,Male,3.7,OK
BMW-1438,16-10-2030,CORRUPTED,2020,7,Q3,China,China,Guangzhou BMW,BMW 5 Series,Sedan,Hybrid,Individual,Individual,CNY,CNY,1,481644.99,6.45,481644.99,OK,60967.72,46922.01,14045.71,28,OK,Female,3.7,OK
BMW-4888,14-08-2030,CORRUPTED,2024,5,Q2,UK,UK,Manchester Prestige,BMW X5,SUV,Diesel,Lease,Lease,GBP,GBP,8,57390.78,2.46,459126.27,OK,533867.76,394093.48,139774.28,62,OK,Prefer not to say,3.7,OK
BMW-4357,25-07-2030,CORRUPTED,2023,11,Q4,USA,USA,Beverly Hills BMW,BMW X3,SUV,Petrol,Corporate Fleet,Corporate Fleet,USD,USD,8,56366.97,1.39,450935.72,OK,413702.5,302079.36,111623.13,39,OK,Prefer not to say,3.7,OK
BMW-2114,12-07-2030,CORRUPTED,2021,5,Q2,USA,USA,Dallas BMW,BMW X3,SUV,Hybrid,corporate fleet,Corporate Fleet,USD,USD,8,55783,7.75,446264.04,OK,409416.55,319560.47,89856.08,41,OK,Female,3.7,OK
BMW-3286,06-06-2030,CORRUPTED,2022,9,Q3,UAE,UAE,Abu Dhabi Motors,BMW i7,Electric,Electric,Individual,Individual,AED,AED,1,435735.48,5.79,435735.48,OK,108933.87,83251.52,25682.35,57,OK,Prefer not to say,3.7,OK
BMW-4665,21-05-2030,CORRUPTED,2024,2,Q1,China,China,Shenzhen Auto,BMW X3,SUV,Diesel,individual,Individual,CNY,CNY,1,430944.18,2.81,430944.18,OK,54549.9,40409.72,14140.18,41,OK,Prefer not to say,3.7,OK
BMW-4684,13-05-2030,CORRUPTED,2024,2,Q1,Australia,Australia,Melbourne Auto Group,BMW X3,SUV,Diesel,Lease,Lease,AUD,AUD,5,85749.98,6.15,428749.89,OK,259848.42,199344.4,60504.02,49,OK,Male,3.7,OK
BMW-5530,21-04-2030,CORRUPTED,2024,12,Q4,China,China,Shanghai BMW,BMW X3,SUV,Petrol,Individual,Individual,CNY,CNY,1,421057.5,6.66,421057.5,OK,53298.42,41113,12185.42,45,OK,Female,3.7,OK
BMW-4023,23-03-2030,CORRUPTED,2023,7,Q3,USA,USA,New York BMW,BMW X5,SUV,Petrol,Corporate Fleet,Corporate Fleet,USD,USD,5,83142.53,5.49,415712.63,OK,381387.73,290540.66,90847.08,36,OK,Male,3.7,OK
BMW-3650,11-03-2030,CORRUPTED,2023,2,Q1,China,China,Shenzhen Auto,BMW X3,SUV,Hybrid,government,Government,CNY,CNY,1,413366.42,5.77,413366.42,OK,52324.86,39979.32,12345.54,29,OK,Male,3.7,OK
BMW-1010,08-02-2030,CORRUPTED,2020,1,Q1,Germany,Germany,AutohaUSA Berlin,BMW 7 Series,Sedan,Petrol,Corporate Fleet,Corporate Fleet,EUR,EUR,4,101573.85,6.47,406295.38,OK,406295.38,312759.38,93536,27,OK,Female,3.7,OK
BMW-5179,01-02-2030,CORRUPTED,2024,8,Q3,China,China,Shanghai BMW,BMW X3,SUV,Diesel,Individual,Individual,CNY,CNY,1,404733.19,1.77,404733.19,OK,51232.05,37551.8,13680.25,64,OK,Male,3.7,OK
BMW-4153,20-01-2030,CORRUPTED,2023,8,Q3,China,China,Shenzhen Auto,BMW X3,SUV,Diesel,Individual,Individual,CNY,CNY,1,401500.25,7.42,401500.25,OK,50822.82,39526.8,11296.02,27,OK,Male,3.7,OK
BMW-1948,02-01-2030,CORRUPTED,2021,2,Q1,China,China,Guangzhou BMW,BMW X3,SUV,Hybrid,Lease,Lease,CNY,CNY,1,396443.04,2.23,396443.04,OK,50182.66,36955.3,13227.36,54,OK,Male,3.7,OK
BMW-2755,29-12-2029,CORRUPTED,2022,2,Q1,USA,USA,Dallas BMW,BMW 5 Series,Sedan,Diesel,Lease,Lease,USD,USD,7,56485.99,7.69,395401.9,OK,362754.03,282948.27,79805.76,26,OK,Female,3.7,OK
BMW-3593,18-12-2029,CORRUPTED,2023,1,Q1,Australia,Australia,Sydney BMW,BMW M3,M Sport,Petrol,Corporate Fleet,Corporate Fleet,AUD,AUD,3,130616.77,5.77,391850.31,OK,237485.04,181450.42,56034.62,35,OK,Female,3.7,OK
BMW-2403,01-11-2029,CORRUPTED,2021,9,Q3,UK,UK,London BMW Centre,BMW M5,M Sport,Petrol,Corporate Fleet,Corporate Fleet,GBP,GBP,4,94332.85,3.08,377331.42,OK,438757.46,325931.44,112826.03,29,OK,Female,3.7,OK
BMW-3002,26-09-2029,CORRUPTED,2022,5,Q2,UAE,UAE,Abu Dhabi Motors,BMW 7 Series,Sedan,Diesel,Individual,Individual,AED,AED,1,366593.06,2.56,366593.06,OK,91648.26,67718.11,23930.15,35,OK,Male,3.7,OK
BMW-2698,24-08-2029,CORRUPTED,2022,1,Q1,China,China,Guangzhou BMW,BMW 3 Series,Sedan,Petrol,Individual,Individual,CNY,CNY,1,358032.43,5.82,358032.43,OK,45320.56,34646.28,10674.28,38,OK,Female,3.7,OK
BMW-2831,21-08-2029,CORRUPTED,2022,3,Q1,China,China,Guangzhou BMW,BMW 3 Series,Sedan,Diesel,Individual,Individual,CNY,CNY,1,357055.37,4.41,357055.37,OK,45196.88,34041.46,11155.42,58,OK,Male,3.7,OK
BMW-4122,17-07-2029,CORRUPTED,2023,8,Q3,USA,USA,Dallas BMW,BMW X3,SUV,Hybrid,corporate fleet,Corporate Fleet,USD,USD,6,58377.73,1.73,350266.35,OK,321345.28,235450.11,85895.17,35,OK,Prefer not to say,3.7,OK
BMW-2923,14-06-2029,CORRUPTED,2022,4,Q2,UAE,UAE,Abu Dhabi Motors,BMW iX,Electric,Electric,corporate fleet,Corporate Fleet,AED,AED,1,343198.9,6.8,343198.9,OK,85799.72,66280.77,19518.95,29,OK,Prefer not to say,3.7,OK
BMW-4558,10-06-2029,CORRUPTED,2024,1,Q1,UK,UK,London BMW Centre,BMW X3,SUV,Diesel,Lease,Lease,GBP,GBP,7,48914.07,0.73,342398.49,OK,398137.78,288759.03,109378.75,62,OK,Prefer not to say,3.7,OK
BMW-1099,11-05-2029,CORRUPTED,2020,2,Q1,UK,UK,Edinburgh Motors,BMW X3,SUV,Diesel,Corporate Fleet,Corporate Fleet,GBP,GBP,8,42020.35,2.55,336162.84,OK,390887.02,288808.48,102078.54,44,OK,Female,3.7,OK
BMW-2175,09-04-2029,CORRUPTED,2021,6,Q2,USA,USA,Beverly Hills BMW,BMW X5,SUV,Hybrid,Government,Government,USD,USD,4,81664.24,2.09,326656.98,OK,299685.3,220377.77,79307.53,55,OK,Prefer not to say,3.7,OK
BMW-3219,25-03-2029,CORRUPTED,2022,8,Q3,UAE,UAE,Dubai BMW,BMW X5,SUV,Petrol,Corporate Fleet,Corporate Fleet,AED,AED,1,324257.36,2.02,324257.36,OK,81064.34,59570.42,21493.92,37,OK,Male,3.7,OK
BMW-3163,15-03-2029,CORRUPTED,2022,8,Q3,Germany,Germany,AutohaUSA Berlin,BMW X5,SUV,Hybrid,lease,Lease,EUR,EUR,5,64225.96,6.54,321129.8,OK,321129.8,247379.78,73750.02,37,OK,Female,3.7,OK
BMW-3210,10-03-2029,CORRUPTED,2022,8,Q3,China,China,Shenzhen Auto,BMW 3 Series,Sedan,Hybrid,Individual,Individual,CNY,CNY,1,320124.88,1.04,320124.88,OK,40522.14,29483.37,11038.77,29,OK,Male,3.7,OK
BMW-1680,18-02-2029,CORRUPTED,2020,11,Q4,Germany,Germany,Stuttgart Motors,BMW 2 Series,Coupe,Diesel,corporate fleet,Corporate Fleet,EUR,EUR,8,39595.48,1.14,316763.83,OK,316763.83,230706.96,86056.87,40,OK,Female,3.7,OK
BMW-4126,04-02-2029,CORRUPTED,2023,8,Q3,USA,USA,Beverly Hills BMW,BMW X5,SUV,Diesel,Lease,Lease,USD,USD,4,77955.46,2.37,311821.85,OK,286075.09,210966.6,75108.49,63,OK,Female,3.7,OK
BMW-3270,29-01-2029,CORRUPTED,2022,9,Q3,China,China,Shanghai BMW,BMW 3 Series,Sedan,Petrol,Individual,Individual,CNY,CNY,1,309998.57,5.75,309998.57,OK,39240.33,29976.32,9264,32,OK,Female,3.7,OK
BMW-2636,04-01-2029,CORRUPTED,2021,12,Q4,China,China,Guangzhou BMW,BMW 2 Series,Coupe,Diesel,Individual,Individual,CNY,CNY,1,303921.01,5.22,303921.01,OK,38471.01,29225.22,9245.79,49,OK,Prefer not to say,3.7,OK
BMW-4325,29-12-2028,CORRUPTED,2023,10,Q4,UAE,UAE,Dubai BMW,BMW X5,SUV,Petrol,Individual,Individual,AED,AED,1,302226.87,6.07,302226.87,OK,75556.72,57914.86,17641.86,52,OK,Prefer not to say,3.7,OK
BMW-3131,02-12-2028,CORRUPTED,2022,7,Q3,China,China,Beijing Luxury Motors,BMW 2 Series,Coupe,Petrol,individual,Individual,CNY,CNY,1,296739.21,7.77,296739.21,OK,37561.93,29322.1,8239.82,65,OK,Male,3.7,OK
BMW-3749,26-11-2028,CORRUPTED,2023,3,Q1,UAE,UAE,Dubai BMW,BMW X5,SUV,Petrol,Individual,Individual,AED,AED,1,294307.44,6.16,294307.44,OK,73576.86,56450.36,17126.5,38,OK,Male,3.7,OK
BMW-4194,21-11-2028,CORRUPTED,2023,9,Q3,Germany,Germany,Hamburg Drive,BMW 7 Series,Sedan,Diesel,Corporate Fleet,Corporate Fleet,EUR,EUR,3,97711.89,4.38,293135.68,OK,293135.68,220720.61,72415.06,64,OK,Male,3.7,OK
BMW-2047,19-11-2028,CORRUPTED,2021,4,Q2,USA,USA,Miami Auto Group,BMW 2 Series,Coupe,Hybrid,Lease,Lease,USD,USD,7,41860.77,2.68,293025.38,OK,268830.63,198878.47,69952.16,65,OK,Male,3.7,OK
BMW-2738,07-11-2028,CORRUPTED,2022,2,Q1,Germany,Germany,Stuttgart Motors,BMW 2 Series,Coupe,Diesel,Lease,Lease,EUR,EUR,8,36064.86,2.77,288518.89,OK,288518.89,213640.8,74878.08,65,OK,Female,3.7,OK
BMW-1289,29-10-2028,CORRUPTED,2020,5,Q2,USA,USA,Miami Auto Group,BMW i4,Electric,Electric,Corporate Fleet,Corporate Fleet,USD,USD,4,71362.75,4.74,285451.01,OK,261881.66,197944.32,63937.34,60,OK,Female,3.7,OK
BMW-2395,08-10-2028,CORRUPTED,2021,9,Q3,USA,USA,Miami Auto Group,BMW 2 Series,Coupe,Petrol,Corporate Fleet,Corporate Fleet,USD,USD,7,39538.15,1.24,276767.07,OK,253914.74,185106.84,68807.9,54,OK,Male,3.7,OK
BMW-1631,26-09-2028,CORRUPTED,2020,10,Q4,USA,USA,Chicago Motors,BMW iX,Electric,Electric,Government,Government,USD,USD,3,90791.25,5.42,272373.75,OK,249884.17,190220.8,59663.37,66,OK,Male,3.7,OK
BMW-3761,13-08-2028,CORRUPTED,2023,4,Q2,Germany,Germany,BMW Munich HQ,BMW 3 Series,Sedan,Diesel,Lease,Lease,EUR,EUR,6,43351.6,2.65,260109.58,OK,260109.58,192367.13,67742.45,30,OK,Prefer not to say,3.7,OK
BMW-2385,02-08-2028,CORRUPTED,2021,9,Q3,USA,USA,Dallas BMW,BMW M3,M Sport,Diesel,Corporate Fleet,Corporate Fleet,USD,USD,3,85465,0.17,256395,OK,235224.77,169658.36,65566.42,52,OK,Female,3.7,OK
BMW-5112,04-07-2028,CORRUPTED,2024,7,Q3,Australia,Australia,Sydney BMW,BMW X3,SUV,Diesel,Corporate Fleet,Corporate Fleet,AUD,AUD,3,83130.24,3.01,249390.73,OK,151145.89,112203.45,38942.44,60,OK,Prefer not to say,3.7,OK
BMW-1925,05-06-2028,CORRUPTED,2021,2,Q1,USA,USA,New York BMW,BMW 3 Series,Sedan,Hybrid,Lease,Lease,USD,USD,5,47872.78,2.15,239363.91,OK,219599.92,161583.56,58016.36,69,OK,Female,3.7,OK
BMW-1682,04-06-2028,CORRUPTED,2020,11,Q4,Germany,Germany,AutohaUSA Berlin,BMW 3 Series,Sedan,Petrol,Corporate Fleet,Corporate Fleet,EUR,EUR,6,39885.56,5.04,239313.38,OK,239313.38,181443.99,57869.39,47,OK,Prefer not to say,3.7,OK
BMW-1420,31-05-2028,CORRUPTED,2020,7,Q3,USA,USA,Beverly Hills BMW,BMW X3,SUV,Petrol,Corporate Fleet,Corporate Fleet,USD,USD,4,59406.98,0.54,237627.93,OK,218007.27,157818.88,60188.39,29,OK,Male,3.7,OK
BMW-2687,15-05-2028,CORRUPTED,2022,1,Q1,USA,USA,Miami Auto Group,BMW i7,Electric,Electric,corporate fleet,Corporate Fleet,USD,USD,2,116682.65,7.47,233365.29,OK,214096.6,166598.21,47498.39,59,OK,Female,3.7,OK
BMW-1288,26-04-2028,CORRUPTED,2020,5,Q2,USA,USA,Chicago Motors,BMW 2 Series,Coupe,Diesel,Lease,Lease,USD,USD,6,37972.49,6.53,227834.94,OK,209022.88,161004.71,48018.17,68,OK,Prefer not to say,3.7,OK
BMW-1055,17-03-2028,CORRUPTED,2020,1,Q1,UAE,UAE,Abu Dhabi Motors,BMW 5 Series,Sedan,Petrol,Individual,Individual,AED,AED,1,217796.47,1.29,217796.47,OK,54449.12,39714.27,14734.84,42,OK,Female,3.7,OK
BMW-5223,22-02-2028,CORRUPTED,2024,9,Q3,Germany,Germany,AutohaUSA Berlin,BMW X5,SUV,Petrol,Lease,Lease,EUR,EUR,3,70567.76,1.95,211703.27,OK,211703.27,155453.92,56249.35,59,OK,Male,3.7,OK
BMW-1957,14-02-2028,CORRUPTED,2021,2,Q1,UAE,UAE,Abu Dhabi Motors,BMW X3,SUV,Hybrid,Individual,Individual,AED,AED,1,210375.76,3.44,210375.76,OK,52593.94,39216.64,13377.3,32,OK,Female,3.7,OK
BMW-5101,09-02-2028,CORRUPTED,2024,7,Q3,UAE,UAE,Abu Dhabi Motors,BMW X3,SUV,Hybrid,individual,Individual,AED,AED,1,207941.67,5.62,207941.67,OK,51985.42,39658.77,12326.65,36,OK,Male,3.7,OK
BMW-1017,29-01-2028,CORRUPTED,2020,1,Q1,USA,USA,Dallas BMW,BMW iX,Electric,Electric,corporate fleet,Corporate Fleet,USD,USD,2,102786.59,2.85,205573.19,OK,188599.26,139780.85,48818.41,52,OK,Male,3.7,OK
BMW-4675,23-01-2028,CORRUPTED,2024,2,Q1,UAE,UAE,Abu Dhabi Motors,BMW X3,SUV,Hybrid,Government,Government,AED,AED,1,204080.95,6.32,204080.95,OK,51020.24,39214.21,11806.03,66,OK,Prefer not to say,3.7,OK
BMW-1071,10-01-2028,CORRUPTED,2020,2,Q1,Germany,Germany,Hamburg Drive,BMW i4,Electric,Electric,Lease,Lease,EUR,EUR,3,67267.61,6.94,201802.84,OK,201802.84,156127.98,45674.85,55,OK,Female,3.7,OK
BMW-5507,17-12-2027,CORRUPTED,2024,12,Q4,USA,USA,Chicago Motors,BMW 3 Series,Sedan,Diesel,lease,Lease,USD,USD,4,48798.2,1.36,195192.81,OK,179075.97,130710.48,48365.49,68,OK,Male,3.7,OK
BMW-1820,12-12-2027,CORRUPTED,2020,12,Q4,UAE,UAE,Dubai BMW,BMW X3,SUV,Diesel,individual,Individual,AED,AED,1,194234.12,1.99,194234.12,OK,48558.53,35670.93,12887.6,35,OK,Prefer not to say,3.7,OK
BMW-2597,07-11-2027,CORRUPTED,2021,12,Q4,Germany,Germany,Stuttgart Motors,BMW 5 Series,Sedan,Petrol,Corporate Fleet,Corporate Fleet,EUR,EUR,3,60979.72,0.62,182939.17,OK,182939.17,132537.77,50401.41,54,OK,Male,3.7,OK
BMW-1191,25-10-2027,CORRUPTED,2020,3,Q1,Australia,Australia,Sydney BMW,BMW 7 Series,Sedan,Hybrid,Individual,Individual,AUD,AUD,1,175743.94,1.45,175743.94,OK,106511.48,77816.5,28694.98,36,OK,Male,3.7,OK
BMW-4326,18-10-2027,CORRUPTED,2023,10,Q4,UAE,UAE,Dubai BMW,BMW 3 Series,Sedan,Petrol,individual,Individual,AED,AED,1,173013.43,0.82,173013.43,OK,43253.36,31401.21,11852.15,51,OK,Prefer not to say,3.7,OK
BMW-3356,17-10-2027,CORRUPTED,2022,10,Q4,UAE,UAE,Abu Dhabi Motors,BMW 3 Series,Sedan,Diesel,Corporate Fleet,Corporate Fleet,AED,AED,1,172937.84,5.89,172937.84,OK,43234.46,33077.13,10157.33,54,OK,Male,3.7,OK
BMW-3993,23-08-2027,CORRUPTED,2023,6,Q2,Australia,Australia,Sydney BMW,BMW iX,Electric,Electric,individual,Individual,AUD,AUD,1,158047.33,3.01,158047.33,OK,95786.26,71103.22,24683.04,29,OK,Prefer not to say,3.7,OK
BMW-1262,13-08-2027,CORRUPTED,2020,4,Q2,Australia,Australia,Sydney BMW,BMW X7,SUV,Petrol,Individual,Individual,AUD,AUD,1,154747.13,4.72,154747.13,OK,93786.14,70872.51,22913.63,62,OK,Male,3.7,OK
BMW-2449,19-07-2027,CORRUPTED,2021,10,Q4,Germany,Germany,AutohaUSA Berlin,BMW X3,SUV,Diesel,Corporate Fleet,Corporate Fleet,EUR,EUR,3,49375.83,7.54,148127.5,OK,148127.5,115353.94,32773.56,39,OK,Prefer not to say,3.7,OK
BMW-4933,18-07-2027,CORRUPTED,2024,5,Q2,UAE,UAE,Dubai BMW,BMW 2 Series,Coupe,Diesel,Individual,Individual,AED,AED,1,148124.64,6.35,148124.64,OK,37031.16,28469.31,8561.85,46,OK,Prefer not to say,3.7,OK
BMW-2548,07-07-2027,CORRUPTED,2021,11,Q4,UK,UK,Edinburgh Motors,BMW M3,M Sport,Petrol,Corporate Fleet,Corporate Fleet,GBP,GBP,2,73090.96,5.48,146181.93,OK,169978.98,129477.38,40501.6,47,OK,Female,3.7,OK
BMW-5389,25-06-2027,CORRUPTED,2024,11,Q4,Germany,Germany,Hamburg Drive,BMW X3,SUV,Petrol,Corporate Fleet,Corporate Fleet,eur,EUR,3,48016.27,6.26,144048.81,OK,144048.81,110642.43,33406.38,29,OK,Prefer not to say,3.7,OK
BMW-4360,31-05-2027,CORRUPTED,2023,11,Q4,USA,USA,Chicago Motors,BMW i7,Electric,Electric,Individual,Individual,USD,USD,1,136954.84,3.48,136954.84,OK,125646.65,93727.17,31919.47,25,OK,Prefer not to say,3.7,OK
BMW-2387,23-04-2027,CORRUPTED,2021,9,Q3,USA,USA,Chicago Motors,BMW M5,M Sport,Hybrid,Individual,Individual,USD,USD,1,129539.76,0.22,129539.76,OK,118843.81,85753.51,33090.31,48,OK,Female,3.7,OK
BMW-1825,17-04-2027,CORRUPTED,2020,12,Q4,Australia,Australia,Melbourne Auto Group,BMW X5,SUV,Diesel,Individual,Individual,AUD,AUD,1,128437.64,4.68,128437.64,OK,77841,58794.51,19046.49,58,OK,Prefer not to say,3.7,OK
BMW-1747,16-03-2027,CORRUPTED,2020,11,Q4,Australia,Australia,Melbourne Auto Group,BMW X5,SUV,Petrol,individual,Individual,AUD,AUD,1,124435.99,7.61,124435.99,OK,75415.75,58770.25,16645.51,70,OK,Male,3.7,OK
BMW-5324,09-03-2027,CORRUPTED,2024,10,Q4,USA,USA,Chicago Motors,BMW 2 Series,Coupe,Petrol,Corporate Fleet,Corporate Fleet,USD,USD,3,40939.72,1.25,122819.17,OK,112678.14,82159.09,30519.05,52,OK,Prefer not to say,3.7,OK
BMW-2897,16-02-2027,CORRUPTED,2022,4,Q2,UK,UK,London BMW Centre,BMW 3 Series,Sedan,Petrol,corporate fleet,Corporate Fleet,GBP,GBP,3,40084.69,0,120254.06,OK,139830.31,100681.06,39149.25,44,OK,Male,3.7,OK
BMW-2606,15-02-2027,CORRUPTED,2021,12,Q4,USA,USA,Chicago Motors,BMW M5,M Sport,Hybrid,Individual,Individual,USD,USD,1,120000.31,2.41,120000.31,OK,110092.03,81223.26,28868.77,37,OK,Female,3.7,OK
BMW-3619,04-02-2027,CORRUPTED,2023,2,Q1,USA,USA,Dallas BMW,BMW M5,M Sport,Diesel,Individual,Individual,USD,USD,1,118946.68,3.88,118946.68,OK,109125.4,81744.22,27381.18,25,OK,Prefer not to say,3.7,OK
BMW-2811,29-12-2026,CORRUPTED,2022,3,Q1,USA,USA,Chicago Motors,BMW 7 Series,Sedan,Petrol,Individual,Individual,USD,USD,1,112933.46,1.09,112933.46,OK,103608.68,75421.87,28186.81,67,OK,Prefer not to say,3.7,OK
BMW-3784,14-12-2026,CORRUPTED,2023,4,Q2,USA,USA,Chicago Motors,BMW 7 Series,Sedan,Petrol,individual,Individual,USD,USD,1,111369.59,4.29,111369.59,OK,102173.94,76864.6,25309.34,29,OK,Female,3.7,OK
BMW-1851,08-12-2026,CORRUPTED,2021,1,Q1,USA,USA,New York BMW,BMW X3,SUV,Hybrid,Corporate Fleet,Corporate Fleet,USD,USD,2,55508.53,1.76,111017.06,OK,101850.51,74643.43,27207.08,54,OK,Prefer not to say,3.7,OK
BMW-1333,02-12-2026,CORRUPTED,2020,6,Q2,Germany,Germany,BMW Munich HQ,BMW 5 Series,Sedan,Diesel,Lease,Lease,EUR,EUR,2,55136.36,0.63,110272.72,OK,110272.72,79898.62,30374.1,37,OK,Male,3.7,OK
BMW-5425,16-11-2026,CORRUPTED,2024,11,Q4,UK,UK,Manchester Prestige,BMW M5,M Sport,Petrol,individual,Individual,GBP,GBP,1,108305.37,1.65,108305.37,OK,125936.48,92196.93,33739.54,57,OK,Male,3.7,OK
BMW-3025,20-10-2026,CORRUPTED,2022,6,Q2,USA,USA,Miami Auto Group,BMW iX,Electric,Electric,Individual,Individual,USD,USD,1,105641.79,1.67,105641.79,OK,96919.08,70966.31,25952.76,69,OK,Prefer not to say,3.7,OK
BMW-4649,26-09-2026,CORRUPTED,2024,2,Q1,UK,UK,London BMW Centre,BMW i7,Electric,Electric,Individual,Individual,Gbp,GBP,1,103377.96,6.71,103377.96,OK,120206.93,92769.36,27437.58,65,OK,Male,3.7,OK
BMW-3921,20-09-2026,CORRUPTED,2023,6,Q2,Germany,Germany,AutohaUSA Berlin,BMW 2 Series,Coupe,Hybrid,Corporate Fleet,Corporate Fleet,EUR,EUR,3,34308.25,5.37,102924.76,OK,102924.76,78307.89,24616.87,47,OK,Female,3.7,OK
BMW-2753,15-09-2026,CORRUPTED,2022,2,Q1,USA,USA,Miami Auto Group,BMW X3,SUV,Petrol,Lease,Lease,USD,USD,2,51080.54,6.62,102161.07,OK,93725.75,72267.09,21458.66,70,OK,Prefer not to say,3.7,OK
BMW-5232,07-08-2026,CORRUPTED,2024,9,Q3,USA,USA,Dallas BMW,BMW 7 Series,Sedan,Petrol,Individual,Individual,USD,USD,1,98419.49,3.18,98419.49,OK,90293.11,67148.85,23144.27,53,OK,Female,3.7,OK
BMW-4255,04-08-2026,CORRUPTED,2023,9,Q3,Australia,Australia,Sydney BMW,BMW X3,SUV,Diesel,individual,Individual,AUD,AUD,1,98081.74,0.57,98081.74,OK,59443.48,43046.25,16397.22,69,OK,Female,3.7,OK
BMW-4025,30-07-2026,CORRUPTED,2023,7,Q3,USA,USA,Dallas BMW,BMW M3,M Sport,Petrol,Individual,Individual,USD,USD,1,97563.02,0.88,97563.02,OK,89507.35,65020.49,24486.87,31,OK,Male,3.7,OK
BMW-1324,29-07-2026,CORRUPTED,2020,5,Q2,Australia,Australia,Sydney BMW,BMW 5 Series,Sedan,Petrol,Individual,Individual,AUD,AUD,1,97560.48,1.6,97560.48,OK,59127.56,43265.91,15861.65,63,OK,Prefer not to say,3.7,OK
BMW-2885,15-06-2026,CORRUPTED,2022,4,Q2,USA,USA,New York BMW,BMW iX,Electric,Electric,Individual,Individual,USD,USD,1,94802.87,3.07,94802.87,OK,86975.11,64602.34,22372.76,49,OK,Female,3.7,OK
BMW-1609,27-05-2026,CORRUPTED,2020,10,Q4,Germany,Germany,Stuttgart Motors,BMW iX,Electric,Electric,Individual,Individual,EUR,EUR,1,93730.25,0.92,93730.25,OK,93730.25,68109.6,25620.65,29,OK,Prefer not to say,3.7,OK
BMW-2761,12-05-2026,CORRUPTED,2022,2,Q1,USA,USA,Miami Auto Group,BMW M3,M Sport,Hybrid,Individual,Individual,USD,USD,1,92573.74,2.43,92573.74,OK,84930.04,62675.44,22254.6,31,OK,Prefer not to say,3.7,OK
BMW-4936,15-04-2026,CORRUPTED,2024,5,Q2,Australia,Australia,Sydney BMW,BMW 5 Series,Sedan,Petrol,Individual,Individual,AUD,AUD,1,91135.98,1.48,91135.98,OK,55233.93,40367.74,14866.18,33,OK,Prefer not to say,3.7,OK
BMW-1419,08-04-2026,CORRUPTED,2020,7,Q3,USA,USA,New York BMW,BMW M3,M Sport,Hybrid,Individual,Individual,USD,USD,1,90750.08,0.56,90750.08,OK,83256.96,60279.8,22977.16,69,OK,Male,3.7,OK
BMW-4193,05-04-2026,CORRUPTED,2023,9,Q3,Germany,Germany,BMW Munich HQ,BMW 7 Series,Sedan,Hybrid,Individual,Individual,EUR,EUR,1,90366.68,3.01,90366.68,OK,90366.68,67086.37,23280.31,26,OK,Prefer not to say,3.7,OK
BMW-2450,24-02-2026,CORRUPTED,2021,10,Q4,Germany,Germany,Stuttgart Motors,BMW iX,Electric,Electric,individual,Individual,EUR,EUR,1,87040.27,6.68,87040.27,OK,87040.27,67154.79,19885.48,56,OK,Male,3.7,OK
BMW-1617,09-01-2026,CORRUPTED,2020,10,Q4,Germany,Germany,AutohaUSA Berlin,BMW 3 Series,Sedan,Diesel,Lease,Lease,EUR,EUR,2,42032.98,0.09,84065.95,OK,84065.95,60584.23,23481.73,59,OK,Prefer not to say,3.7,OK
BMW-2042,24-12-2025,CORRUPTED,2021,4,Q2,Germany,Germany,Hamburg Drive,BMW 2 Series,Coupe,Hybrid,Lease,Lease,EUR,EUR,2,41684.04,3,83368.07,OK,83368.07,61880.04,21488.04,62,OK,Male,3.7,OK
BMW-2331,17-12-2025,CORRUPTED,2021,8,Q3,UK,UK,Manchester Prestige,BMW X7,SUV,Petrol,Individual,Individual,GBP,GBP,1,83129.34,6.15,83129.34,OK,96662.02,74157.31,22504.71,28,OK,Female,3.7,OK
BMW-3304,24-11-2025,CORRUPTED,2022,10,Q4,Germany,Germany,Stuttgart Motors,BMW X5,SUV,Diesel,Individual,Individual,EUR,EUR,1,81217.89,1.01,81217.89,OK,81217.89,59074.09,22143.79,61,OK,Female,3.7,OK
BMW-4979,21-11-2025,CORRUPTED,2024,6,Q2,USA,USA,Beverly Hills BMW,BMW X5,SUV,Petrol,Individual,Individual,USD,USD,1,81198.28,7.64,81198.28,OK,74493.83,58069.16,16424.68,36,OK,Prefer not to say,3.7,OK
BMW-2038,16-11-2025,CORRUPTED,2021,4,Q2,Germany,Germany,Hamburg Drive,BMW 2 Series,Coupe,Diesel,Corporate Fleet,Corporate Fleet,EUR,EUR,2,40496.07,0.09,80992.14,OK,80992.14,58367.11,22625.02,56,OK,Male,3.7,OK
BMW-4269,04-11-2025,CORRUPTED,2023,10,Q4,Germany,Germany,AutohaUSA Berlin,BMW iX,Electric,Electric,Corporate Fleet,Corporate Fleet,EUR,EUR,1,80424,6.1,80424,OK,80424,61665.55,18758.45,57,OK,Female,3.7,OK
BMW-4838,20-09-2025,CORRUPTED,2024,4,Q2,Australia,Australia,Sydney BMW,BMW X3,SUV,Hybrid,Corporate Fleet,Corporate Fleet,AUD,AUD,1,77688.25,7.03,77688.25,OK,47083.79,36465.37,10618.42,33,OK,Male,3.7,OK
BMW-4304,07-09-2025,CORRUPTED,2023,10,Q4,UK,UK,Manchester Prestige,BMW iX,Electric,Electric,Individual,Individual,GBP,GBP,1,76979.22,6.58,76979.22,OK,89510.72,68986.61,20524.11,44,OK,Prefer not to say,3.7,OK
BMW-1868,27-08-2025,CORRUPTED,2021,1,Q1,UK,UK,Edinburgh Motors,BMW 3 Series,Sedan,Diesel,Lease,Lease,GBP,GBP,2,38256.95,2.57,76513.89,OK,88969.64,65747.39,23222.25,43,OK,Male,3.7,OK
BMW-4961,20-07-2025,CORRUPTED,2024,6,Q2,Germany,Germany,BMW Munich HQ,BMW X5,SUV,Hybrid,Individual,Individual,EUR,EUR,1,74770.97,3.66,74770.97,OK,74770.97,55878.01,18892.96,47,OK,Male,3.7,OK
BMW-3533,12-06-2025,CORRUPTED,2023,1,Q1,Germany,Germany,Stuttgart Motors,BMW X5,SUV,Hybrid,Individual,Individual,EUR,EUR,1,72464.31,4.5,72464.31,OK,72464.31,54633.65,17830.67,59,OK,Female,3.7,OK
BMW-1411,04-06-2025,CORRUPTED,2020,7,Q3,Germany,Germany,Hamburg Drive,BMW i4,Electric,Electric,Individual,Individual,EUR,EUR,1,71701.18,1.73,71701.18,OK,71701.18,52535.78,19165.4,51,OK,Female,3.7,OK
BMW-2800,26-05-2025,CORRUPTED,2022,3,Q1,USA,USA,Beverly Hills BMW,BMW 5 Series,Sedan,Hybrid,Individual,Individual,USD,USD,1,71260.94,1.6,71260.94,OK,65377.01,47839.03,17537.98,32,OK,Female,3.7,OK
BMW-1478,10-03-2025,CORRUPTED,2020,8,Q3,USA,USA,Chicago Motors,BMW i4,Electric,Electric,Individual,Individual,USD,USD,1,66747.51,7.42,66747.51,OK,61236.25,47626.18,13610.06,40,OK,Prefer not to say,3.7,OK
BMW-5139,07-03-2025,CORRUPTED,2024,8,Q3,USA,USA,Dallas BMW,BMW 5 Series,Sedan,Hybrid,Individual,Individual,USD,USD,1,66692.61,0.51,66692.61,OK,61185.88,44280.55,16905.33,63,OK,Female,3.7,OK
BMW-2612,24-02-2025,CORRUPTED,2021,12,Q4,USA,USA,Chicago Motors,BMW 5 Series,Sedan,Diesel,Individual,Individual,USD,USD,1,66427.47,1.68,66427.47,OK,60942.63,44628.88,16313.75,54,OK,Male,3.7,OK
BMW-3243,26-01-2025,CORRUPTED,2022,9,Q3,Germany,Germany,Hamburg Drive,BMW i4,Electric,Electric,individual,Individual,EUR,EUR,1,64943.46,3.24,64943.46,OK,64943.46,48327.5,16615.96,65,OK,Female,3.7,OK
BMW-3945,19-01-2025,CORRUPTED,2023,6,Q2,USA,USA,Dallas BMW,BMW 5 Series,Sedan,Petrol,individual,Individual,USD,USD,1,64624.54,7.32,64624.54,OK,59288.57,46060.01,13228.56,47,OK,Female,3.7,OK
BMW-2045,17-12-2024,CORRUPTED,2021,4,Q2,USA,USA,Chicago Motors,BMW X3,SUV,Hybrid,individual,Individual,USD,USD,1,63290.37,0.67,63290.37,OK,58064.56,42087.72,15976.85,54,OK,Prefer not to say,3.7,OK
BMW-3113,15-12-2024,CORRUPTED,2022,7,Q3,USA,USA,Beverly Hills BMW,BMW 5 Series,Sedan,Petrol,individual,Individual,USD,USD,1,63216.64,4.41,63216.64,OK,57996.92,43686.37,14310.55,34,OK,Prefer not to say,3.7,OK
BMW-4977,26-10-2024,CORRUPTED,2024,6,Q2,USA,USA,Dallas BMW,BMW X3,SUV,Petrol,Individual,Individual,USD,USD,1,61473.14,5.68,61473.14,OK,56397.38,43051.95,13345.43,44,OK,Female,3.7,OK
BMW-5410,21-10-2024,CORRUPTED,2024,11,Q4,USA,USA,Beverly Hills BMW,BMW X3,SUV,Diesel,Individual,Individual,USD,USD,1,61380.88,4.15,61380.88,OK,56312.73,42302.46,14010.28,61,OK,Male,3.7,OK
BMW-3309,25-08-2024,CORRUPTED,2022,10,Q4,USA,USA,New York BMW,BMW 5 Series,Sedan,Hybrid,Individual,Individual,USD,USD,1,59285.71,4.05,59285.71,OK,54390.56,40815.95,13574.61,62,OK,Female,3.7,OK
BMW-3630,10-08-2024,CORRUPTED,2023,2,Q1,UK,UK,London BMW Centre,BMW X5,SUV,Diesel,Individual,Individual,GBP,GBP,1,58821.87,2.08,58821.87,OK,68397.53,50293.17,18104.36,35,OK,Prefer not to say,3.7,OK
BMW-3693,17-07-2024,CORRUPTED,2023,3,Q1,Germany,Germany,Stuttgart Motors,BMW 5 Series,Sedan,Hybrid,Corporate Fleet,Corporate Fleet,EUR,EUR,1,58234.59,2.48,58234.59,OK,58234.59,42995.7,15238.89,59,OK,Prefer not to say,3.7,OK
BMW-5521,19-06-2024,CORRUPTED,2024,12,Q4,UK,UK,Edinburgh Motors,BMW i4,Electric,Electric,Individual,Individual,GBP,GBP,1,57517.14,6.66,57517.14,OK,66880.4,51589.71,15290.69,0,BAD AGE,Female,3.7,OK
BMW-1687,19-05-2024,CORRUPTED,2020,11,Q4,Germany,Germany,BMW Munich HQ,BMW X3,SUV,Petrol,Individual,Individual,EUR,EUR,1,56639.12,3.47,56639.12,OK,56639.12,42246.34,14392.78,67,OK,Female,3.7,OK
BMW-5481,02-05-2024,CORRUPTED,2024,12,Q4,Germany,Germany,Hamburg Drive,BMW X3,SUV,Petrol,Individual,Individual,EUR,EUR,1,55968.61,3.87,55968.61,OK,55968.61,41918.84,14049.77,59,OK,Male,3.7,OK
BMW-1100,22-04-2024,CORRUPTED,2020,2,Q1,UK,UK,Edinburgh Motors,BMW 5 Series,Sedan,Petrol,Individual,Individual,GBP,GBP,1,55710.56,0.19,55710.56,OK,64779.72,46728.4,18051.33,59,OK,Prefer not to say,3.7,OK
BMW-3089,20-04-2024,CORRUPTED,2022,7,Q3,Germany,Germany,AutohaUSA Berlin,BMW X3,SUV,Petrol,individual,Individual,EUR,EUR,1,55564.08,1.76,55564.08,OK,55564.08,40721.94,14842.14,60,OK,Male,3.7,OK
BMW-5056,19-04-2024,CORRUPTED,2024,7,Q3,USA,USA,Dallas BMW,BMW X3,SUV,Petrol,Individual,Individual,USD,USD,1,55549.13,3.74,55549.13,OK,50962.51,38119.64,12842.87,41,OK,Male,3.7,OK
BMW-2789,31-03-2024,CORRUPTED,2022,3,Q1,Germany,Germany,BMW Munich HQ,BMW 5 Series,Sedan,Diesel,Individual,Individual,EUR,EUR,1,55003.43,6.85,55003.43,OK,55003.43,42513.54,12489.89,37,OK,Male,3.7,OK
BMW-4956,23-03-2024,CORRUPTED,2024,6,Q2,Germany,Germany,BMW Munich HQ,BMW X3,SUV,Diesel,Lease,Lease,EUR,EUR,1,54649.44,0.35,54649.44,OK,54649.44,39484.13,15165.31,70,OK,Prefer not to say,3.7,OK
BMW-4696,19-03-2024,CORRUPTED,2024,3,Q1,Germany,Germany,Hamburg Drive,BMW X3,SUV,Hybrid,individual,Individual,EUR,EUR,1,54427.6,1.5,54427.6,OK,54427.6,39783.61,14644,28,OK,Prefer not to say,3.7,OK
BMW-3029,11-03-2024,CORRUPTED,2022,6,Q2,USA,USA,Beverly Hills BMW,BMW X3,SUV,Petrol,Individual,Individual,USD,USD,1,54241.65,5.3,54241.65,OK,49762.98,37834.17,11928.81,28,OK,Prefer not to say,3.7,OK
BMW-2955,16-02-2024,CORRUPTED,2022,5,Q2,USA,USA,New York BMW,BMW X3,SUV,Petrol,individual,Individual,USD,USD,1,53464.98,3.52,53464.98,OK,49050.44,36603.18,12447.26,55,OK,Female,3.7,OK
BMW-4861,10-02-2024,CORRUPTED,2024,5,Q2,Germany,Germany,AutohaUSA Berlin,BMW 5 Series,Sedan,Diesel,Individual,Individual,EUR,EUR,1,53256.62,4.4,53256.62,OK,53256.62,40111.24,13145.38,60,OK,Prefer not to say,3.7,OK
BMW-3379,07-02-2024,CORRUPTED,2022,11,Q4,Germany,Germany,AutohaUSA Berlin,BMW 5 Series,Sedan,Hybrid,Individual,Individual,eur,EUR,1,53195.01,7.38,53195.01,OK,53195.01,41352.2,11842.81,32,OK,Female,3.7,OK
BMW-2972,29-10-2023,CORRUPTED,2022,5,Q2,UK,UK,Edinburgh Motors,BMW 5 Series,Sedan,Petrol,Individual,Individual,GBP,GBP,1,48867.1,0.37,48867.1,OK,56822.21,41065.36,15756.85,47,OK,Prefer not to say,3.7,OK
BMW-3478,19-10-2023,CORRUPTED,2022,12,Q4,UK,UK,Edinburgh Motors,BMW 5 Series,Sedan,Hybrid,Individual,Individual,GBP,GBP,1,48683.38,0.84,48683.38,OK,56608.59,41101.73,15506.85,37,OK,Female,3.7,OK
BMW-1924,29-09-2023,CORRUPTED,2021,2,Q1,USA,USA,Dallas BMW,BMW 3 Series,Sedan,Petrol,Individual,Individual,USD,USD,1,47867.52,0.57,47867.52,OK,43915.15,31799.62,12115.53,56,OK,Male,3.7,OK
BMW-1765,25-09-2023,CORRUPTED,2020,12,Q4,USA,USA,Dallas BMW,BMW 3 Series,Sedan,Hybrid,Individual,Individual,USD,USD,1,47730.29,5.94,47730.29,OK,43789.25,33517.59,10271.66,34,OK,Female,3.7,OK
BMW-1543,19-08-2023,CORRUPTED,2020,9,Q3,Germany,Germany,AutohaUSA Berlin,BMW 3 Series,Sedan,Hybrid,Individual,Individual,eur,EUR,1,46571.83,4.31,46571.83,OK,46571.83,35041.89,11529.94,-5,BAD AGE,Female,3.7,OK
BMW-3392,03-08-2023,CORRUPTED,2022,11,Q4,USA,USA,Beverly Hills BMW,BMW 3 Series,Sedan,Hybrid,Individual,Individual,USD,USD,1,45855.01,4.61,45855.01,OK,42068.82,31753.79,10315.02,60,OK,Female,3.7,OK
BMW-2532,09-06-2023,CORRUPTED,2021,11,Q4,USA,USA,New York BMW,BMW 2 Series,Coupe,Diesel,Individual,Individual,USD,USD,1,44039.97,5.35,44039.97,OK,40403.64,30736.29,9667.35,41,OK,Female,3.7,OK
BMW-4800,21-04-2023,CORRUPTED,2024,4,Q2,UK,UK,Edinburgh Motors,BMW X3,SUV,Diesel,Individual,Individual,Gbp,GBP,1,41741.82,3.24,41741.82,OK,48537,36117.5,12419.5,45,OK,Female,3.7,OK
BMW-3378,15-04-2023,CORRUPTED,2022,11,Q4,Germany,Germany,AutohaUSA Berlin,BMW 3 Series,Sedan,Hybrid,Corporate Fleet,Corporate Fleet,EUR,EUR,1,41553.44,4.6,41553.44,OK,41553.44,31362.53,10190.91,31,OK,Female,3.7,OK
BMW-3446,26-03-2023,CORRUPTED,2022,12,Q4,Germany,Germany,Stuttgart Motors,BMW 2 Series,Coupe,Petrol,Individual,Individual,EUR,EUR,1,40648.26,6.04,40648.26,OK,40648.26,31148.27,9499.99,49,OK,Female,3.7,OK
BMW-2297,06-03-2023,CORRUPTED,2021,8,Q3,Germany,Germany,AutohaUSA Berlin,BMW 2 Series,Coupe,Petrol,individual,Individual,eur,EUR,1,39590.25,1.63,39590.25,OK,39590.25,28978.05,10612.2,40,OK,Prefer not to say,3.7,OK
BMW-4610,05-03-2023,CORRUPTED,2024,2,Q1,Germany,Germany,Stuttgart Motors,BMW 2 Series,Coupe,Diesel,Individual,Individual,EUR,EUR,1,39587.86,0.11,39587.86,OK,39587.86,28534.44,11053.42,64,OK,Female,3.7,OK
BMW-2330,13-02-2023,CORRUPTED,2021,8,Q3,UK,UK,London BMW Centre,BMW 3 Series,Sedan,Diesel,individual,Individual,GBP,GBP,1,38075.48,0.6,38075.48,OK,44273.81,32069.29,12204.52,46,OK,Male,3.7,OK
BMW-4895,24-01-2023,CORRUPTED,2024,5,Q2,UK,UK,Manchester Prestige,BMW 3 Series,Sedan,Diesel,individual,Individual,GBP,GBP,1,36899.41,6.39,36899.41,OK,42906.29,32999.68,9906.61,52,OK,Prefer not to say,3.7,OK
BMW-4014,21-01-2023,CORRUPTED,2023,7,Q3,Germany,Germany,BMW Munich HQ,BMW 2 Series,Coupe,Petrol,individual,Individual,EUR,EUR,1,36775.79,7.52,36775.79,OK,36775.79,28632.45,8143.34,35,OK,Male,3.7,OK
BMW-2695,12-01-2023,CORRUPTED,2022,1,Q1,UK,UK,London BMW Centre,BMW 3 Series,Sedan,Hybrid,individual,Individual,GBP,GBP,1,36384.35,0.64,36384.35,OK,42307.38,30657.68,11649.7,53,OK,Prefer not to say,3.7,OK
BMW-2549,07-12-2022,CORRUPTED,2021,11,Q4,UK,UK,Edinburgh Motors,BMW 2 Series,Coupe,Petrol,Individual,Individual,GBP,GBP,1,31802.9,3.29,31802.9,OK,36980.12,27531.19,9448.93,41,OK,Male,3.7,OK
BMW-3088,07-10-2022,CORRUPTED,2022,7,Q3,Germany,Germany,BMW Munich HQ,BMW X3,SUV,Diesel,Individual,Individual,EUR,EUR,1,53775.32,5.67,537.7532,OK,53775.32,41047.01,12728.31,53,OK,Female,3.7,OK
BMW-4557,28-09-2022,CORRUPTED,2024,1,Q1,UK,UK,Manchester Prestige,BMW 2 Series,Coupe,Petrol,Individual,Individual,GBP,GBP,1,33149.36,1.51,331.4936,OK,38545.77,28178.82,10366.95,60,OK,Male,3.7,OK
BMW-3830,07-09-2022,CORRUPTED,2023,4,Q2,Australia,Australia,Sydney BMW,BMW 5 Series,Sedan,Hybrid,Corporate Fleet,Corporate Fleet,AUD,AUD,3,101738.83,2.76,-305216.48,BAD REVENUE,184979.68,136959.29,48020.39,39,OK,Female,3.7,OK
BMW-5567,26-08-2022,CORRUPTED,2024,12,Q4,South Africa,South Africa,Johannesburg Motors,BMW 3 Series,Sedan,Diesel,individual,Individual,ZAR,ZAR,1,872327.2,0.06,-872327.2,BAD REVENUE,43616.36,31421.7,12194.66,66,OK,Female,3.7,OK
BMW-3576,24-08-2022,CORRUPTED,2023,1,Q1,China,China,Beijing Luxury Motors,BMW 3 Series,Sedan,Diesel,corporate fleet,Corporate Fleet,CNY,CNY,3,324775.92,7.44,-974327.75,BAD REVENUE,123332.63,95940.13,27392.49,31,OK,Female,3.7,OK
BMW-4672,13-08-2022,CORRUPTED,2024,2,Q1,India,India,Delhi Prestige Auto,BMW M5,M Sport,Petrol,Corporate Fleet,Corporate Fleet,INR,INR,5,10726946.23,0.08,-53634731.13,BAD REVENUE,589392.65,424688.38,164704.27,60,OK,Male,3.7,OK
BMW-2492,21-01-2035,CORRUPTED,2021,10,Q4,India,India,Delhi Prestige Auto,BMW X5,SUV,Hybrid,Corporate Fleet,Corporate Fleet,INR,INR,6,6519880.45,1.51,39119282.71,OK,429882.23,314249.12,115633.11,69,OK,Prefer not to say,3.8,OK
BMW-5182,24-12-2034,CORRUPTED,2024,8,Q3,India,India,Mumbai BMW,BMW 5 Series,Sedan,Petrol,Corporate Fleet,Corporate Fleet,INR,INR,5,5515593.95,6.23,27577969.76,OK,303054.61,232694.36,70360.25,31,OK,Prefer not to say,3.8,OK
BMW-4591,17-12-2034,CORRUPTED,2024,1,Q1,India,India,Mumbai BMW,BMW X3,SUV,Petrol,Government,Government,INR,INR,5,5173573.05,4.47,25867865.26,OK,284262.26,214241.41,70020.85,66,OK,Female,3.8,OK
BMW-2006,09-12-2034,CORRUPTED,2021,3,Q1,India,India,Mumbai BMW,BMW i7,Electric,Electric,Corporate Fleet,Corporate Fleet,INR,INR,2,11734185.11,5.47,23468370.22,OK,257894.18,196430.38,61463.8,42,OK,Prefer not to say,3.8,OK
BMW-5007,08-11-2034,CORRUPTED,2024,6,Q2,India,India,Mumbai BMW,BMW X3,SUV,Petrol,Lease,Lease,INR,INR,3,4829661.04,5.35,14488983.12,OK,159219.59,121119.98,38099.61,40,OK,Male,3.8,OK
BMW-5300,26-09-2034,CORRUPTED,2024,9,Q3,South Africa,South Africa,Johannesburg Motors,BMW i4,Electric,Electric,Government,Government,ZAR,ZAR,8,1266494.95,5.24,10131959.56,OK,506597.98,384904.85,121693.13,65,OK,Prefer not to say,3.8,OK
BMW-3507,23-09-2034,CORRUPTED,2022,12,Q4,India,India,Delhi Prestige Auto,BMW X7,SUV,Hybrid,Individual,Individual,INR,INR,1,10080298.34,0.93,10080298.34,OK,110772.51,80501.17,30271.34,33,OK,Prefer not to say,3.8,OK
BMW-2210,24-08-2034,CORRUPTED,2021,6,Q2,India,India,Bangalore Motors,BMW iX,Electric,Electric,Individual,Individual,INR,INR,1,8271780.02,6.86,8271780.02,OK,90898.68,70265.77,20632.91,59,OK,Female,3.8,OK
BMW-5446,23-08-2034,CORRUPTED,2024,11,Q4,India,India,Mumbai BMW,BMW 3 Series,Sedan,Diesel,Lease,Lease,INR,INR,2,4120969.28,5.63,8241938.55,OK,90570.75,69103.53,21467.22,28,OK,Prefer not to say,3.8,OK
BMW-4402,10-08-2034,CORRUPTED,2023,11,Q4,India,India,Mumbai BMW,BMW iX,Electric,Electric,individual,Individual,INR,INR,1,7724503.58,5.65,7724503.58,OK,84884.65,64779.28,20105.37,41,OK,Female,3.8,OK
BMW-1950,29-07-2034,CORRUPTED,2021,2,Q1,India,India,Bangalore Motors,BMW M3,M Sport,Hybrid,individual,Individual,INR,INR,1,7384387.65,6.76,7384387.65,OK,81147.12,62662.52,18484.6,58,OK,Male,3.8,OK
BMW-4589,16-07-2034,CORRUPTED,2024,1,Q1,India,India,Mumbai BMW,BMW X5,SUV,Hybrid,Individual,Individual,INR,INR,1,6888593.4,6.89,6888593.4,OK,75698.83,58537.89,17160.94,59,OK,Prefer not to say,3.8,OK
BMW-5546,23-05-2034,CORRUPTED,2024,12,Q4,India,India,Mumbai BMW,BMW 5 Series,Sedan,Diesel,Individual,Individual,INR,INR,1,5745515.76,0.97,5745515.76,OK,63137.54,45903.55,17233.98,43,OK,Male,3.8,OK
BMW-3499,24-04-2034,CORRUPTED,2022,12,Q4,China,China,Shanghai BMW,BMW M3,M Sport,Petrol,Lease,Lease,CNY,CNY,8,656748.01,4.26,5253984.1,OK,665061.28,500142.6,164918.67,39,OK,Male,3.8,OK
BMW-4423,21-04-2034,CORRUPTED,2023,11,Q4,South Africa,South Africa,Cape Town BMW,BMW X3,SUV,Petrol,Corporate Fleet,Corporate Fleet,ZAR,ZAR,5,1042395.39,0.26,5211976.97,OK,260598.85,188120,72478.85,35,OK,Prefer not to say,3.8,OK
BMW-4078,02-04-2034,CORRUPTED,2023,7,Q3,India,India,Mumbai BMW,BMW X3,SUV,Diesel,Individual,Individual,INR,INR,1,4979625.46,3.27,4979625.46,OK,54721.16,40731.46,13989.7,48,OK,Male,3.8,OK
BMW-1116,30-03-2034,CORRUPTED,2020,2,Q1,India,India,Delhi Prestige Auto,BMW X3,SUV,Diesel,Individual,Individual,INR,INR,1,4958119,4.95,4958119,OK,54484.82,41270.19,13214.63,30,OK,Prefer not to say,3.8,OK
BMW-3970,12-03-2034,CORRUPTED,2023,6,Q2,India,India,Mumbai BMW,BMW 5 Series,Sedan,Diesel,individual,Individual,INR,INR,1,4680525.23,7.56,4680525.23,OK,51434.34,40062.02,11372.32,50,OK,Female,3.8,OK
BMW-3274,27-02-2034,CORRUPTED,2022,9,Q3,China,China,Shenzhen Auto,BMW i4,Electric,Electric,corporate fleet,Corporate Fleet,CNY,CNY,8,558180.47,3.47,4465443.74,OK,565246.04,421605.99,143640.05,54,OK,Male,3.8,OK
BMW-2266,24-02-2034,CORRUPTED,2021,7,Q3,India,India,Delhi Prestige Auto,BMW X3,SUV,Petrol,Individual,Individual,INR,INR,1,4439949.07,3.02,4439949.07,OK,48790.65,36222.8,12567.85,59,OK,Female,3.8,OK
BMW-5186,16-02-2034,CORRUPTED,2024,8,Q3,India,India,Bangalore Motors,BMW 3 Series,Sedan,Petrol,Individual,Individual,INR,INR,1,4403565.02,0.2,4403565.02,OK,48390.82,34912.75,13478.08,28,OK,Male,3.8,OK
BMW-3145,14-02-2034,CORRUPTED,2022,7,Q3,India,India,Mumbai BMW,BMW X3,SUV,Petrol,Individual,Individual,INR,INR,1,4369737.31,7.49,4369737.31,OK,48019.09,37372.58,10646.51,66,OK,Prefer not to say,3.8,OK
BMW-1534,19-01-2034,CORRUPTED,2020,8,Q3,South Africa,South Africa,Johannesburg Motors,BMW 2 Series,Coupe,Diesel,Lease,Lease,ZAR,ZAR,5,785121.64,1.33,3925608.19,OK,196280.41,143221.29,53059.12,34,OK,Prefer not to say,3.8,OK
BMW-2910,12-01-2034,CORRUPTED,2022,4,Q2,China,China,Beijing Luxury Motors,BMW iX,Electric,Electric,Lease,Lease,CNY,CNY,6,641642.64,7.1,3849855.86,OK,487323.53,377697.03,109626.5,55,OK,Prefer not to say,3.8,OK
BMW-2271,06-01-2034,CORRUPTED,2021,7,Q3,India,India,Mumbai BMW,BMW 3 Series,Sedan,Diesel,Individual,Individual,INR,INR,1,3785337.76,5.02,3785337.76,OK,41597.12,31533.32,10063.79,69,OK,Prefer not to say,3.8,OK
BMW-4816,04-01-2034,CORRUPTED,2024,4,Q2,China,China,Shenzhen Auto,BMW M3,M Sport,Diesel,corporate fleet,Corporate Fleet,CNY,CNY,6,626552.38,4.79,3759314.26,OK,475862.56,359841.44,116021.12,39,OK,Male,3.8,OK
BMW-3337,31-12-2033,CORRUPTED,2022,10,Q4,China,China,Beijing Luxury Motors,BMW i4,Electric,Electric,Corporate Fleet,Corporate Fleet,CNY,CNY,7,528285.01,7.84,3697995.07,OK,468100.64,365718.57,102382.07,25,OK,Prefer not to say,3.8,OK
BMW-4750,07-12-2033,CORRUPTED,2024,3,Q1,China,China,Shenzhen Auto,BMW 5 Series,Sedan,Petrol,Government,Government,CNY,CNY,8,438113.92,2.87,3504911.38,OK,443659.67,328857.3,114802.37,51,OK,Female,3.8,OK
BMW-2705,02-12-2033,CORRUPTED,2022,1,Q1,China,China,Guangzhou BMW,BMW i4,Electric,Electric,Corporate Fleet,Corporate Fleet,CNY,CNY,6,574552.55,2.15,3447315.28,OK,436369.02,321085.15,115283.88,37,OK,Prefer not to say,3.8,OK
BMW-4670,22-11-2033,CORRUPTED,2024,2,Q1,India,India,Mumbai BMW,BMW 2 Series,Coupe,Hybrid,Individual,Individual,INR,INR,1,3392563.27,0.91,3392563.27,OK,37280.92,27087.61,10193.31,50,OK,Prefer not to say,3.8,OK
BMW-1583,25-10-2033,CORRUPTED,2020,9,Q3,China,China,Guangzhou BMW,BMW X3,SUV,Diesel,Corporate Fleet,Corporate Fleet,CNY,CNY,8,384526.78,6.98,3076214.24,OK,389394.21,301408.25,87985.96,31,OK,Prefer not to say,3.8,OK
BMW-1240,22-09-2033,CORRUPTED,2020,4,Q2,China,China,Shanghai BMW,BMW X3,SUV,Diesel,corporate fleet,Corporate Fleet,CNY,CNY,7,394541.67,7.14,2761791.69,OK,349593.88,271065.39,78528.5,53,OK,Female,3.8,OK
BMW-2824,06-09-2033,CORRUPTED,2022,3,Q1,China,China,Guangzhou BMW,BMW 3 Series,Sedan,Diesel,Corporate Fleet,Corporate Fleet,CNY,CNY,7,374012.18,2.76,2618085.25,OK,331403.2,245395.39,86007.81,54,OK,Prefer not to say,3.8,OK
BMW-4850,27-08-2033,CORRUPTED,2024,4,Q2,South Africa,South Africa,Johannesburg Motors,BMW M5,M Sport,Diesel,Individual,Individual,ZAR,ZAR,1,2514374.17,1.37,2514374.17,OK,125718.71,91771.1,33947.61,39,OK,Female,3.8,OK
BMW-4249,26-08-2033,CORRUPTED,2023,9,Q3,UAE,UAE,Abu Dhabi Motors,BMW i7,Electric,Electric,Lease,Lease,AED,AED,5,502479.88,4.22,2512399.42,OK,628099.85,472149,155950.86,64,OK,Female,3.8,OK
BMW-1876,21-08-2033,CORRUPTED,2021,1,Q1,China,China,Shanghai BMW,BMW X3,SUV,Hybrid,Corporate Fleet,Corporate Fleet,CNY,CNY,6,415037.29,5.94,2490223.76,OK,315218.2,241284.65,73933.55,62,OK,Female,3.8,OK
BMW-2027,13-08-2033,CORRUPTED,2021,3,Q1,South Africa,South Africa,Cape Town BMW,BMW i7,Electric,Electric,individual,Individual,ZAR,ZAR,1,2453638.59,5.5,2453638.59,OK,122681.93,93476.26,29205.67,49,OK,Female,3.8,OK
BMW-3801,02-07-2033,CORRUPTED,2023,4,Q2,China,China,Shenzhen Auto,BMW X5,SUV,Diesel,Government,Government,CNY,CNY,4,548948.79,2.28,2195795.15,OK,277948.75,204797.03,73151.72,65,OK,Female,3.8,OK
BMW-1507,30-06-2033,CORRUPTED,2020,8,Q3,China,China,Beijing Luxury Motors,BMW 2 Series,Coupe,Diesel,Corporate Fleet,Corporate Fleet,CNY,CNY,7,313162.75,0.62,2192139.27,OK,277485.98,201029.19,76456.8,68,OK,Female,3.8,OK
BMW-3821,14-05-2033,CORRUPTED,2023,4,Q2,China,China,Beijing Luxury Motors,BMW iX,Electric,Electric,Lease,Lease,CNY,CNY,3,655576.37,4.21,1966729.12,OK,248953.05,187130.25,61822.8,48,OK,Female,3.8,OK
BMW-3651,23-04-2033,CORRUPTED,2023,2,Q1,China,China,Guangzhou BMW,BMW 3 Series,Sedan,Petrol,Corporate Fleet,Corporate Fleet,CNY,CNY,5,369552.71,4.94,1847763.57,OK,233894.12,177156.09,56738.03,26,OK,Prefer not to say,3.8,OK
BMW-4170,22-03-2033,CORRUPTED,2023,8,Q3,Australia,Australia,Sydney BMW,BMW i7,Electric,Electric,corporate fleet,Corporate Fleet,AUD,AUD,8,219388.51,1.51,1755108.05,OK,1063701.85,777645.49,286056.36,33,OK,Male,3.8,OK
BMW-5025,21-03-2033,CORRUPTED,2024,6,Q2,South Africa,South Africa,Cape Town BMW,BMW iX,Electric,Electric,individual,Individual,ZAR,ZAR,1,1750948.92,2.18,1750948.92,OK,87547.45,64439.82,23107.63,47,OK,Female,3.8,OK
BMW-5436,12-02-2033,CORRUPTED,2024,11,Q4,China,China,Shanghai BMW,BMW 2 Series,Coupe,Petrol,Corporate Fleet,Corporate Fleet,CNY,CNY,6,268248.26,6.62,1609489.56,OK,203732.86,157080.21,46652.65,47,OK,Prefer not to say,3.8,OK
BMW-4660,07-02-2033,CORRUPTED,2024,2,Q1,China,China,Beijing Luxury Motors,BMW X3,SUV,Diesel,Corporate Fleet,Corporate Fleet,CNY,CNY,4,396202.43,6.89,1584809.72,OK,200608.83,155131.68,45477.15,56,OK,Prefer not to say,3.8,OK
BMW-1519,26-01-2033,CORRUPTED,2020,8,Q3,China,China,Shanghai BMW,BMW i4,Electric,Electric,Government,Government,CNY,CNY,3,514214.33,3.86,1542642.99,OK,195271.27,146245.89,49025.38,53,OK,Female,3.8,OK
BMW-4514,21-12-2032,CORRUPTED,2023,12,Q4,South Africa,South Africa,Johannesburg Motors,BMW i4,Electric,Electric,Individual,Individual,ZAR,ZAR,1,1413264.55,5.27,1413264.55,OK,70663.23,53708.32,16954.91,42,OK,Prefer not to say,3.8,OK
BMW-5568,14-12-2032,CORRUPTED,2024,12,Q4,South Africa,South Africa,Cape Town BMW,BMW i4,Electric,Electric,Individual,Individual,ZAR,ZAR,1,1381887.7,2.15,1381887.7,OK,69094.38,50840.7,18253.69,43,OK,Prefer not to say,3.8,OK
BMW-3840,23-10-2032,CORRUPTED,2023,4,Q2,South Africa,South Africa,Johannesburg Motors,BMW 5 Series,Sedan,Diesel,Individual,Individual,ZAR,ZAR,1,1245119,4.19,1245119,OK,62255.95,46786.54,15469.41,35,OK,Male,3.8,OK
BMW-4751,15-10-2032,CORRUPTED,2024,3,Q1,China,China,Beijing Luxury Motors,BMW M3,M Sport,Diesel,Government,Government,CNY,CNY,2,614621.28,3.91,1229242.56,OK,155600.32,116593.53,39006.79,27,OK,Prefer not to say,3.8,OK
BMW-5451,14-10-2032,CORRUPTED,2024,11,Q4,UAE,UAE,Abu Dhabi Motors,BMW 3 Series,Sedan,Hybrid,Corporate Fleet,Corporate Fleet,AED,AED,7,174157.09,2.65,1219099.63,OK,304774.91,225415.82,79359.09,50,OK,Prefer not to say,3.8,OK
BMW-2484,03-10-2032,CORRUPTED,2021,10,Q4,China,China,Guangzhou BMW,BMW 2 Series,Coupe,Petrol,Government,Government,CNY,CNY,4,291827.55,7.32,1167310.2,OK,147760.78,114788.79,32972,64,OK,Male,3.8,OK
BMW-4162,20-08-2032,CORRUPTED,2023,8,Q3,UAE,UAE,Dubai BMW,BMW i7,Electric,Electric,Corporate Fleet,Corporate Fleet,AED,AED,2,517586.9,3.63,1035173.8,OK,258793.45,193342.66,65450.79,31,OK,Female,3.8,OK
BMW-3068,13-08-2032,CORRUPTED,2022,6,Q2,UAE,UAE,Dubai BMW,BMW 3 Series,Sedan,Petrol,Corporate Fleet,Corporate Fleet,AED,AED,6,169132.8,6.41,1014796.81,OK,253699.2,195180.64,58518.57,27,OK,Male,3.8,OK
BMW-5492,15-07-2032,CORRUPTED,2024,12,Q4,USA,USA,New York BMW,BMW M5,M Sport,Hybrid,Lease,Lease,USD,USD,8,121344.29,4.56,970754.33,OK,890600.3,671883.44,218716.86,60,OK,Prefer not to say,3.8,OK
BMW-2553,26-06-2032,CORRUPTED,2021,11,Q4,China,China,Shenzhen Auto,BMW M5,M Sport,Diesel,Individual,Individual,CNY,CNY,1,952066.75,2.47,952066.75,OK,120514.78,88969.38,31545.4,57,OK,Female,3.8,OK
BMW-2150,24-06-2032,CORRUPTED,2021,5,Q2,Australia,Australia,Melbourne Auto Group,BMW M3,M Sport,Hybrid,Lease,Lease,AUD,AUD,7,135787.04,5.16,950509.25,OK,576066.21,437355.22,138710.99,37,OK,Female,3.8,OK
BMW-2628,16-06-2032,CORRUPTED,2021,12,Q4,China,China,Shanghai BMW,BMW 3 Series,Sedan,Hybrid,Corporate Fleet,Corporate Fleet,CNY,CNY,3,312736.49,6.38,938209.46,OK,118760.69,91334.24,27426.45,56,OK,Male,3.8,OK
BMW-1308,20-05-2032,CORRUPTED,2020,5,Q2,China,China,Guangzhou BMW,BMW M5,M Sport,Diesel,Individual,Individual,CNY,CNY,1,905098.85,7.46,905098.85,OK,114569.47,89136.22,25433.26,57,OK,Prefer not to say,3.8,OK
BMW-2654,08-02-2032,CORRUPTED,2021,12,Q4,Australia,Australia,Sydney BMW,BMW X5,SUV,Diesel,Corporate Fleet,Corporate Fleet,AUD,AUD,6,129650.72,4.77,777904.34,OK,471457.18,356452.18,115005,64,OK,Prefer not to say,3.8,OK
BMW-3280,22-01-2032,CORRUPTED,2022,9,Q3,China,China,Guangzhou BMW,BMW X7,SUV,Diesel,Individual,Individual,CNY,CNY,1,757201.1,0.07,757201.1,OK,95848.24,69061.79,26786.45,26,OK,Female,3.8,OK
BMW-4058,19-01-2032,CORRUPTED,2023,7,Q3,China,China,Guangzhou BMW,BMW X7,SUV,Hybrid,Individual,Individual,CNY,CNY,1,756130.24,5.82,756130.24,OK,95712.69,73170.44,22542.25,32,OK,Female,3.8,OK
BMW-1312,19-12-2031,CORRUPTED,2020,5,Q2,China,China,Shanghai BMW,BMW iX,Electric,Electric,Individual,Individual,CNY,CNY,1,725769.56,7.75,725769.56,OK,91869.56,71703.87,20165.69,61,OK,Male,3.8,OK
BMW-5034,17-11-2031,CORRUPTED,2024,7,Q3,Germany,Germany,Stuttgart Motors,BMW iX,Electric,Electric,corporate fleet,Corporate Fleet,EUR,EUR,8,88432.17,5.43,707457.38,OK,707457.38,538643.91,168813.47,27,OK,Male,3.8,OK
BMW-2836,16-11-2031,CORRUPTED,2022,3,Q1,China,China,Shenzhen Auto,BMW iX,Electric,Electric,Individual,Individual,CNY,CNY,1,707433.41,3.57,707433.41,OK,89548.53,66859.03,22689.5,59,OK,Female,3.8,OK
BMW-1047,07-11-2031,CORRUPTED,2020,1,Q1,China,China,Shenzhen Auto,BMW M3,M Sport,Diesel,Individual,Individual,CNY,CNY,1,702262.08,0.13,702262.08,OK,88893.93,64088.68,24805.25,33,OK,Prefer not to say,3.8,OK
BMW-1964,09-10-2031,CORRUPTED,2021,2,Q1,Australia,Australia,Melbourne Auto Group,BMW X3,SUV,Diesel,corporate fleet,Corporate Fleet,AUD,AUD,8,85245.43,0.4,681963.45,OK,413311.18,298769.92,114541.27,67,OK,Prefer not to say,3.8,OK
BMW-2466,18-09-2031,CORRUPTED,2021,10,Q4,USA,USA,Miami Auto Group,BMW i7,Electric,Electric,Lease,Lease,USD,USD,5,132490.37,6.57,662451.86,OK,607754,468354.1,139399.9,70,OK,Male,3.8,OK
BMW-3301,02-08-2031,CORRUPTED,2022,10,Q4,Germany,Germany,Stuttgart Motors,BMW X5,SUV,Diesel,Lease,Lease,EUR,EUR,8,78992.27,1.02,631938.17,OK,631938.17,459672.41,172265.75,50,OK,Male,3.8,OK
BMW-3819,15-06-2031,CORRUPTED,2023,4,Q2,China,China,Shenzhen Auto,BMW X5,SUV,Hybrid,individual,Individual,CNY,CNY,1,604192.35,3.89,604192.35,OK,76480.04,57295.14,19184.9,65,OK,Prefer not to say,3.8,OK
BMW-3488,10-06-2031,CORRUPTED,2022,12,Q4,China,China,Shanghai BMW,BMW X5,SUV,Hybrid,Individual,Individual,CNY,CNY,1,602762.51,6.52,602762.51,OK,76299.05,58767.83,17531.22,60,OK,Female,3.8,OK
BMW-4824,06-05-2031,CORRUPTED,2024,4,Q2,China,China,Shenzhen Auto,BMW X5,SUV,Petrol,Individual,Individual,CNY,CNY,1,584633.06,1.19,584633.06,OK,74004.18,53926.2,20077.98,51,OK,Male,3.8,OK
BMW-5173,06-04-2031,CORRUPTED,2024,8,Q3,China,China,Guangzhou BMW,BMW X5,SUV,Diesel,Individual,Individual,CNY,CNY,1,567772.96,1.44,567772.96,OK,71869.99,52504.49,19365.51,44,OK,Male,3.8,OK
BMW-1949,14-03-2031,CORRUPTED,2021,2,Q1,China,China,Guangzhou BMW,BMW i4,Electric,Electric,Individual,Individual,CNY,CNY,1,559537.24,2.29,559537.24,OK,70827.5,52188.65,18638.84,54,OK,Prefer not to say,3.8,OK
BMW-3666,05-03-2031,CORRUPTED,2023,2,Q1,UAE,UAE,Abu Dhabi Motors,BMW i4,Electric,Electric,lease,Lease,AED,AED,2,277505.64,4.43,555011.29,OK,138752.82,104530.92,34221.9,50,OK,Female,3.8,OK
BMW-1471,25-02-2031,CORRUPTED,2020,8,Q3,Germany,Germany,BMW Munich HQ,BMW i7,Electric,Electric,corporate fleet,Corporate Fleet,EUR,EUR,5,110214.79,5.28,551073.95,OK,551073.95,418901.38,132172.57,51,OK,Prefer not to say,3.8,OK
BMW-2622,22-02-2031,CORRUPTED,2021,12,Q4,UK,UK,Edinburgh Motors,BMW M5,M Sport,Hybrid,Lease,Lease,GBP,GBP,6,91220.79,5.03,547324.76,OK,636424.14,482472.79,153951.35,47,OK,Female,3.8,OK
BMW-3279,14-02-2031,CORRUPTED,2022,9,Q3,China,China,Beijing Luxury Motors,BMW i4,Electric,Electric,Individual,Individual,CNY,CNY,1,536792.84,4.27,536792.84,OK,67948.46,51104.97,16843.49,44,OK,Male,3.8,OK
BMW-4820,26-01-2031,CORRUPTED,2024,4,Q2,China,China,Shanghai BMW,BMW i4,Electric,Electric,Individual,Individual,CNY,CNY,1,527439.33,6.81,527439.33,OK,66764.47,51581.16,15183.31,59,OK,Male,3.8,OK
BMW-1195,10-01-2031,CORRUPTED,2020,3,Q1,Australia,Australia,Sydney BMW,BMW 2 Series,Coupe,Hybrid,lease,Lease,AUD,AUD,8,65065.01,4.18,520520.05,OK,315466.7,237055.67,78411.03,69,OK,Female,3.8,OK
BMW-3738,31-12-2030,CORRUPTED,2023,3,Q1,China,China,Shenzhen Auto,BMW X5,SUV,Petrol,Individual,Individual,CNY,CNY,1,515139.18,6.7,515139.18,OK,65207.49,50321.88,14885.61,52,OK,Female,3.8,OK
BMW-1002,16-12-2030,CORRUPTED,2020,1,Q1,Germany,Germany,BMW Munich HQ,BMW X5,SUV,Hybrid,Corporate Fleet,Corporate Fleet,EUR,EUR,7,72691.15,5.66,508838.08,OK,508838.08,388362.52,120475.55,53,OK,Prefer not to say,3.8,OK
BMW-1806,11-12-2030,CORRUPTED,2020,12,Q4,China,China,Guangzhou BMW,BMW X5,SUV,Petrol,individual,Individual,CNY,CNY,1,507175.05,7.61,507175.05,OK,64199.37,50031.65,14167.72,58,OK,Male,3.8,OK
BMW-2719,16-11-2030,CORRUPTED,2022,1,Q1,UAE,UAE,Abu Dhabi Motors,BMW M5,M Sport,Diesel,Individual,Individual,AED,AED,1,497435.96,4.65,497435.96,OK,124358.99,93907.73,30451.26,57,OK,Prefer not to say,3.8,OK
BMW-1031,13-11-2030,CORRUPTED,2020,1,Q1,China,China,Beijing Luxury Motors,BMW 5 Series,Sedan,Petrol,Individual,Individual,CNY,CNY,1,494773.28,4.31,494773.28,OK,62629.53,47126.65,15502.88,36,OK,Female,3.8,OK
BMW-3061,12-11-2030,CORRUPTED,2022,6,Q2,China,China,Beijing Luxury Motors,BMW i4,Electric,Electric,Individual,Individual,CNY,CNY,1,493933.97,1.57,493933.97,OK,62523.29,45736.43,16786.85,34,OK,Female,3.8,OK
BMW-4376,28-09-2030,CORRUPTED,2023,11,Q4,China,China,Shenzhen Auto,BMW i4,Electric,Electric,individual,Individual,CNY,CNY,1,476574.69,6.4,476574.69,OK,60325.91,46405.83,13920.08,60,OK,Male,3.8,OK
BMW-3856,10-09-2030,CORRUPTED,2023,5,Q2,USA,USA,New York BMW,BMW i4,Electric,Electric,Corporate Fleet,Corporate Fleet,USD,USD,6,78411.61,0.64,470469.64,OK,431623.52,312767.99,118855.53,33,OK,Prefer not to say,3.8,OK
BMW-3741,08-09-2030,CORRUPTED,2023,3,Q1,China,China,Shanghai BMW,BMW 5 Series,Sedan,Hybrid,individual,Individual,CNY,CNY,1,468550.98,6.08,468550.98,OK,59310.25,45466.13,13844.12,67,OK,Female,3.8,OK
BMW-4098,27-08-2030,CORRUPTED,2023,8,Q3,Germany,Germany,AutohaUSA Berlin,BMW M3,M Sport,Hybrid,Corporate Fleet,Corporate Fleet,EUR,EUR,6,77543.51,3.16,465261.06,OK,465261.06,345921.18,119339.87,68,OK,Female,3.8,OK
BMW-2769,19-08-2030,CORRUPTED,2022,2,Q1,China,China,Guangzhou BMW,BMW 5 Series,Sedan,Hybrid,individual,Individual,CNY,CNY,1,460153.09,4.03,460153.09,OK,58247.23,43696.83,14550.4,50,OK,Male,3.8,OK
BMW-4777,28-05-2030,CORRUPTED,2024,4,Q2,Germany,Germany,Stuttgart Motors,BMW X3,SUV,Petrol,Lease,Lease,EUR,EUR,8,54143.78,6.69,433150.22,OK,433150.22,334235.76,98914.47,30,OK,Female,3.8,OK
BMW-1244,11-05-2030,CORRUPTED,2020,4,Q2,China,China,Guangzhou BMW,BMW 5 Series,Sedan,Petrol,Individual,Individual,CNY,CNY,1,427199.15,7.59,427199.15,OK,54075.84,42131.38,11944.46,47,OK,Prefer not to say,3.8,OK
BMW-3451,08-05-2030,CORRUPTED,2022,12,Q4,Germany,Germany,AutohaUSA Berlin,BMW X5,SUV,Diesel,Lease,Lease,EUR,EUR,6,71056.31,6.75,426337.86,OK,426337.86,329174.02,97163.84,33,OK,Female,3.8,OK
BMW-3772,23-04-2030,CORRUPTED,2023,4,Q2,Germany,Germany,Stuttgart Motors,BMW X3,SUV,Petrol,Government,Government,EUR,EUR,8,52739.91,5.04,421919.26,OK,421919.26,319905.28,102013.98,54,OK,Female,3.8,OK
BMW-1524,01-04-2030,CORRUPTED,2020,8,Q3,UAE,UAE,Abu Dhabi Motors,BMW 7 Series,Sedan,Hybrid,Individual,Individual,AED,AED,1,417833.54,0.52,417833.54,OK,104458.39,75605.4,28852.99,68,OK,Male,3.8,OK
BMW-1794,19-03-2030,CORRUPTED,2020,12,Q4,UK,UK,London BMW Centre,BMW i4,Electric,Electric,Corporate Fleet,Corporate Fleet,GBP,GBP,7,59312.88,3.24,415190.19,OK,482779.29,359226.44,123552.85,44,OK,Female,3.8,OK
BMW-4996,16-03-2030,CORRUPTED,2024,6,Q2,China,China,Beijing Luxury Motors,BMW X3,SUV,Diesel,Individual,Individual,CNY,CNY,1,414810.41,4.32,414810.41,OK,52507.65,39510.55,12997.1,33,OK,Male,3.8,OK
BMW-1176,13-03-2030,CORRUPTED,2020,3,Q1,China,China,Shanghai BMW,BMW X3,SUV,Diesel,Individual,Individual,CNY,CNY,1,413995.3,4.69,413995.3,OK,52404.47,39589.85,12814.61,41,OK,Female,3.8,OK
BMW-1284,28-02-2030,CORRUPTED,2020,5,Q2,USA,USA,Beverly Hills BMW,BMW 5 Series,Sedan,Petrol,Corporate Fleet,Corporate Fleet,USD,USD,7,58523.62,6.24,409665.35,OK,375839.77,288603.93,87235.84,68,OK,Male,3.8,OK
BMW-1180,09-02-2030,CORRUPTED,2020,3,Q1,China,China,Beijing Luxury Motors,BMW X3,SUV,Diesel,Individual,Individual,CNY,CNY,1,406414.12,0.81,406414.12,OK,51444.83,37344.35,14100.47,31,OK,Female,3.8,OK
BMW-4783,24-01-2030,CORRUPTED,2024,4,Q2,USA,USA,Miami Auto Group,BMW 3 Series,Sedan,Petrol,Government,Government,USD,USD,8,50258.84,3.5,402070.72,OK,368872.22,275227.55,93644.66,59,OK,Male,3.8,OK
BMW-1160,19-12-2029,CORRUPTED,2020,3,Q1,USA,USA,Miami Auto Group,BMW X3,SUV,Hybrid,Corporate Fleet,Corporate Fleet,USD,USD,7,56056.27,5.34,392393.89,OK,359994.4,273819.17,86175.22,34,OK,Female,3.8,OK
BMW-4243,08-12-2029,CORRUPTED,2023,9,Q3,China,China,Shanghai BMW,BMW X3,SUV,Hybrid,Individual,Individual,CNY,CNY,1,389397.12,1.55,389397.12,OK,49290.77,36048.99,13241.78,65,OK,Male,3.8,OK
BMW-1480,07-12-2029,CORRUPTED,2020,8,Q3,USA,USA,New York BMW,BMW X5,SUV,Diesel,Lease,Lease,USD,USD,5,77825.9,7.54,389129.49,OK,356999.54,278014.79,78984.75,56,OK,Male,3.8,OK
BMW-2542,30-11-2029,CORRUPTED,2021,11,Q4,USA,USA,Dallas BMW,BMW X3,SUV,Hybrid,Lease,Lease,USD,USD,7,55245.17,6.22,386716.18,OK,354785.49,272399.36,82386.13,41,OK,Prefer not to say,3.8,OK
BMW-3665,24-11-2029,CORRUPTED,2023,2,Q1,UAE,UAE,Abu Dhabi Motors,BMW X3,SUV,Petrol,Lease,Lease,AED,AED,2,192297.81,7.21,384595.61,OK,96148.9,74607.29,21541.61,26,OK,Prefer not to say,3.8,OK
BMW-3394,05-11-2029,CORRUPTED,2022,11,Q4,USA,USA,Miami Auto Group,BMW iX,Electric,Electric,Corporate Fleet,Corporate Fleet,USD,USD,4,94506.28,1.16,378025.11,OK,346812.03,252629.31,94182.72,50,OK,Prefer not to say,3.8,OK
BMW-1353,20-09-2029,CORRUPTED,2020,6,Q2,USA,USA,Beverly Hills BMW,BMW 3 Series,Sedan,Petrol,corporate fleet,Corporate Fleet,USD,USD,8,45658.53,6.99,365268.23,OK,335108.47,259403.63,75704.84,52,OK,Prefer not to say,3.8,OK
BMW-4057,15-09-2029,CORRUPTED,2023,7,Q3,China,China,Shenzhen Auto,BMW 3 Series,Sedan,Petrol,individual,Individual,CNY,CNY,1,364115.68,6.57,364115.68,OK,46090.59,35518.43,10572.16,33,OK,Female,3.8,OK
BMW-5218,01-09-2029,CORRUPTED,2024,9,Q3,Germany,Germany,BMW Munich HQ,BMW X5,SUV,Petrol,government,Government,EUR,EUR,5,72144.72,0.43,360723.61,OK,360723.61,260834.78,99888.84,33,OK,Prefer not to say,3.8,OK
BMW-2444,18-07-2029,CORRUPTED,2021,10,Q4,Germany,Germany,BMW Munich HQ,BMW 7 Series,Sedan,Petrol,Corporate Fleet,Corporate Fleet,EUR,EUR,4,87650.98,5.53,350603.94,OK,350603.94,267220.54,83383.4,32,OK,Male,3.8,OK
BMW-3335,12-07-2029,CORRUPTED,2022,10,Q4,China,China,Shanghai BMW,BMW 3 Series,Sedan,Diesel,Individual,Individual,CNY,CNY,1,348141.89,5.8,348141.89,OK,44068.59,33682.63,10385.96,63,OK,Prefer not to say,3.8,OK
BMW-3276,31-05-2029,CORRUPTED,2022,9,Q3,China,China,Guangzhou BMW,BMW 3 Series,Sedan,Diesel,Individual,Individual,CNY,CNY,1,340281.54,5.66,340281.54,OK,43073.61,32872.34,10201.27,50,OK,Prefer not to say,3.8,OK
BMW-1580,25-04-2029,CORRUPTED,2020,9,Q3,China,China,Shanghai BMW,BMW 2 Series,Coupe,Diesel,Individual,Individual,CNY,CNY,1,332687.33,2.24,332687.33,OK,42112.32,31015.71,11096.6,60,OK,Prefer not to say,3.8,OK
BMW-3070,05-04-2029,CORRUPTED,2022,6,Q2,Australia,Australia,Sydney BMW,BMW iX,Electric,Electric,Lease,Lease,AUD,AUD,2,163136.33,1.04,326272.66,OK,197741.01,143873.86,53867.15,66,OK,Female,3.8,OK
BMW-1633,07-03-2029,CORRUPTED,2020,10,Q4,USA,USA,Miami Auto Group,BMW X3,SUV,Petrol,Corporate Fleet,Corporate Fleet,USD,USD,6,53285.65,3.88,319713.89,OK,293315.49,219722.76,73592.73,45,OK,Female,3.8,OK
BMW-1643,09-02-2029,CORRUPTED,2020,10,Q4,China,China,Guangzhou BMW,BMW 3 Series,Sedan,Diesel,Individual,Individual,CNY,CNY,1,314705.91,7.73,314705.91,OK,39836.19,31085.37,8750.82,39,OK,Male,3.8,OK
BMW-4758,24-01-2029,CORRUPTED,2024,3,Q1,UAE,UAE,Abu Dhabi Motors,BMW X5,SUV,Diesel,Individual,Individual,AED,AED,1,307613.27,1.17,307613.27,OK,76903.32,56024.16,20879.15,28,OK,Male,3.8,OK
BMW-2721,16-12-2028,CORRUPTED,2022,1,Q1,UAE,UAE,Abu Dhabi Motors,BMW X5,SUV,Diesel,Individual,Individual,AED,AED,1,300904.4,0.93,300904.4,OK,75226.1,54673.43,20552.67,36,OK,Male,3.8,OK
BMW-2353,07-12-2028,CORRUPTED,2021,8,Q3,UAE,UAE,Abu Dhabi Motors,BMW X5,SUV,Diesel,Individual,Individual,AED,AED,1,297931.95,7.08,297931.95,OK,74482.99,57715.08,16767.91,39,OK,Female,3.8,OK
BMW-3710,27-11-2028,CORRUPTED,2023,3,Q1,USA,USA,Miami Auto Group,BMW X5,SUV,Petrol,Corporate Fleet,Corporate Fleet,USD,USD,4,73806.94,1.6,295227.76,OK,270851.15,198179.39,72671.76,57,OK,Prefer not to say,3.8,OK
BMW-1929,22-09-2028,CORRUPTED,2021,2,Q1,USA,USA,Dallas BMW,BMW 3 Series,Sedan,Hybrid,Government,Government,USD,USD,6,45276.83,5.39,271660.95,OK,249230.23,189672.84,59557.39,59,OK,Prefer not to say,3.8,OK
BMW-3102,16-09-2028,CORRUPTED,2022,7,Q3,USA,USA,Miami Auto Group,BMW 3 Series,Sedan,Diesel,Corporate Fleet,Corporate Fleet,USD,USD,6,45166.73,3.25,271000.39,OK,248624.21,185020.1,63604.11,57,OK,Female,3.8,OK
BMW-4352,05-09-2028,CORRUPTED,2023,11,Q4,Germany,Germany,Stuttgart Motors,BMW 3 Series,Sedan,Diesel,Corporate Fleet,Corporate Fleet,EUR,EUR,6,44722.65,4.89,268335.91,OK,268335.91,203136.12,65199.8,64,OK,Prefer not to say,3.8,OK
BMW-4534,16-08-2028,CORRUPTED,2024,1,Q1,USA,USA,Miami Auto Group,BMW M3,M Sport,Hybrid,lease,Lease,USD,USD,3,87002.37,2.67,261007.1,OK,239456.06,177139.29,62316.77,45,OK,Female,3.8,OK
BMW-3685,31-07-2028,CORRUPTED,2023,3,Q1,Germany,Germany,Hamburg Drive,BMW 2 Series,Coupe,Petrol,Corporate Fleet,Corporate Fleet,EUR,EUR,7,36518.45,4.37,255629.15,OK,255629.15,192461.22,63167.94,64,OK,Male,3.8,OK
BMW-2693,19-07-2028,CORRUPTED,2022,1,Q1,UK,UK,Manchester Prestige,BMW X3,SUV,Diesel,Corporate Fleet,Corporate Fleet,GBP,GBP,5,50589.81,1.05,252949.05,OK,294126.81,214007.84,80118.96,56,OK,Male,3.8,OK
BMW-1452,16-07-2028,CORRUPTED,2020,7,Q3,UAE,UAE,Abu Dhabi Motors,BMW 5 Series,Sedan,Hybrid,Corporate Fleet,Corporate Fleet,AED,AED,1,252127.56,3.6,252127.56,OK,63031.89,47076.92,15954.97,25,OK,Prefer not to say,3.8,OK
BMW-4763,03-07-2028,CORRUPTED,2024,3,Q1,Australia,Australia,Melbourne Auto Group,BMW X3,SUV,Petrol,corporate fleet,Corporate Fleet,AUD,AUD,3,82991.84,1.06,248975.53,OK,150894.26,109805.91,41088.35,60,OK,Prefer not to say,3.8,OK
BMW-3290,27-06-2028,CORRUPTED,2022,9,Q3,UAE,UAE,Abu Dhabi Motors,BMW i4,Electric,Electric,individual,Individual,AED,AED,1,247414.48,6.03,247414.48,OK,61853.62,47392.03,14461.59,48,OK,Male,3.8,OK
BMW-1417,24-05-2028,CORRUPTED,2020,7,Q3,USA,USA,Beverly Hills BMW,BMW X3,SUV,Diesel,Government,Government,USD,USD,4,59077.79,2.19,236311.17,OK,216799.24,159595.84,57203.39,33,OK,Prefer not to say,3.8,OK
BMW-3552,22-05-2028,CORRUPTED,2023,1,Q1,UK,UK,Edinburgh Motors,BMW 2 Series,Coupe,Diesel,Lease,Lease,GBP,GBP,7,33610.66,5.89,235274.62,OK,273575.14,209296.39,64278.75,41,OK,Male,3.8,OK
BMW-2949,08-04-2028,CORRUPTED,2022,5,Q2,Germany,Germany,Hamburg Drive,BMW 5 Series,Sedan,Petrol,Corporate Fleet,Corporate Fleet,EUR,EUR,4,55854.49,3.84,223417.94,OK,223417.94,167277.07,56140.88,67,OK,Female,3.8,OK
BMW-3942,07-04-2028,CORRUPTED,2023,6,Q2,USA,USA,Dallas BMW,BMW 2 Series,Coupe,Hybrid,Lease,Lease,USD,USD,5,44668.12,0.35,223340.6,OK,204899.64,148048.53,56851.1,32,OK,Prefer not to say,3.8,OK
BMW-3691,31-03-2028,CORRUPTED,2023,3,Q1,Germany,Germany,Stuttgart Motors,BMW 3 Series,Sedan,Petrol,corporate fleet,Corporate Fleet,eur,EUR,5,44199.32,5.35,220996.59,OK,220996.59,168116.2,52880.39,26,OK,Prefer not to say,3.8,OK
BMW-1894,22-03-2028,CORRUPTED,2021,1,Q1,UAE,UAE,Dubai BMW,BMW 5 Series,Sedan,Hybrid,Individual,Individual,AED,AED,1,218519.85,7.21,218519.85,OK,54629.96,42388.83,12241.14,36,OK,Female,3.8,OK
BMW-3225,19-03-2028,CORRUPTED,2022,9,Q3,Germany,Germany,Hamburg Drive,BMW 5 Series,Sedan,Diesel,Lease,Lease,EUR,EUR,4,54541.9,3.75,218167.59,OK,218167.59,163199.35,54968.23,41,OK,Female,3.8,OK
BMW-5009,12-02-2028,CORRUPTED,2024,6,Q2,UAE,UAE,Dubai BMW,BMW 5 Series,Sedan,Diesel,individual,Individual,AED,AED,1,209698.58,4.87,209698.58,OK,52424.64,39676.63,12748.02,62,OK,Male,3.8,OK
BMW-1005,08-02-2028,CORRUPTED,2020,1,Q1,Germany,Germany,BMW Munich HQ,BMW X7,SUV,Hybrid,corporate fleet,Corporate Fleet,EUR,EUR,2,103919.54,1.12,207839.08,OK,207839.08,151332.94,56506.14,30,OK,Prefer not to say,3.8,OK
BMW-1261,07-02-2028,CORRUPTED,2020,4,Q2,Australia,Australia,Sydney BMW,BMW i7,Electric,Electric,individual,Individual,AUD,AUD,1,207543.72,5.56,207543.72,OK,125784.07,95893.91,29890.17,65,OK,Female,3.8,OK
BMW-2421,02-02-2028,CORRUPTED,2021,9,Q3,UAE,UAE,Abu Dhabi Motors,BMW 5 Series,Sedan,Hybrid,Individual,Individual,AED,AED,1,206835.23,6.75,206835.23,OK,51708.81,39925.51,11783.29,31,OK,Prefer not to say,3.8,OK
BMW-1927,27-01-2028,CORRUPTED,2021,2,Q1,USA,USA,New York BMW,BMW 5 Series,Sedan,Petrol,Corporate Fleet,Corporate Fleet,USD,USD,3,68321.61,2.61,204964.84,OK,188041.14,139018.03,49023.1,56,OK,Prefer not to say,3.8,OK
BMW-2974,25-01-2028,CORRUPTED,2022,5,Q2,UK,UK,Edinburgh Motors,BMW X5,SUV,Hybrid,lease,Lease,gbp,GBP,3,68227.72,3.27,204683.16,OK,238003.67,177158.23,60845.44,35,OK,Male,3.8,OK
BMW-4759,22-01-2028,CORRUPTED,2024,3,Q1,UAE,UAE,Dubai BMW,BMW X3,SUV,Hybrid,Individual,Individual,AED,AED,1,203768.62,1.81,203768.62,OK,50942.15,37355.39,13586.76,61,OK,Prefer not to say,3.8,OK
BMW-2717,28-12-2027,CORRUPTED,2022,1,Q1,UAE,UAE,Abu Dhabi Motors,BMW X3,SUV,Diesel,Individual,Individual,AED,AED,1,198976.91,6.84,198976.91,OK,49744.23,38443.53,11300.69,33,OK,Prefer not to say,3.8,OK
BMW-3372,12-11-2027,CORRUPTED,2022,11,Q4,Germany,Germany,AutohaUSA Berlin,BMW 3 Series,Sedan,Diesel,corporate fleet,Corporate Fleet,EUR,EUR,4,46271.17,3.63,185084.69,OK,185084.69,138286.54,46798.15,58,OK,Female,3.8,OK
BMW-3482,31-10-2027,CORRUPTED,2022,12,Q4,UK,UK,London BMW Centre,BMW X5,SUV,Diesel,Lease,Lease,GBP,GBP,3,59720.2,1.51,179160.59,OK,208326.27,152296.79,56029.48,70,OK,Female,3.8,OK
BMW-2424,08-10-2027,CORRUPTED,2021,9,Q3,UAE,UAE,Dubai BMW,BMW 3 Series,Sedan,Hybrid,Individual,Individual,AED,AED,1,170055.32,1.91,170055.32,OK,42513.83,31206,11307.83,69,OK,Prefer not to say,3.8,OK
BMW-3432,07-10-2027,CORRUPTED,2022,11,Q4,UAE,UAE,Abu Dhabi Motors,BMW 3 Series,Sedan,Petrol,Individual,Individual,AED,AED,1,169707.11,2.24,169707.11,OK,42426.78,31247.56,11179.22,28,OK,Male,3.8,OK
BMW-2600,06-10-2027,CORRUPTED,2021,12,Q4,USA,USA,Beverly Hills BMW,BMW 3 Series,Sedan,Diesel,corporate fleet,Corporate Fleet,USD,USD,4,42351.26,7.01,169405.04,OK,155417.47,120332.86,35084.61,57,OK,Male,3.8,OK
BMW-2250,27-08-2027,CORRUPTED,2021,7,Q3,USA,USA,Beverly Hills BMW,BMW X5,SUV,Petrol,corporate fleet,Corporate Fleet,USD,USD,2,79369.91,1.88,158739.83,OK,145632.87,106862.58,38770.29,999,BAD AGE,Female,3.8,OK
BMW-4511,03-08-2027,CORRUPTED,2023,12,Q4,Australia,Australia,Melbourne Auto Group,BMW iX,Electric,Electric,individual,Individual,AUD,AUD,1,151531.29,1.48,151531.29,OK,91837.14,67116.96,24720.18,63,OK,Male,3.8,OK
BMW-4174,22-07-2027,CORRUPTED,2023,8,Q3,Australia,Australia,Melbourne Auto Group,BMW iX,Electric,Electric,individual,Individual,AUD,AUD,1,148818.38,2.18,148818.38,OK,90192.96,66389.02,23803.94,42,OK,Prefer not to say,3.8,OK
BMW-4959,21-07-2027,CORRUPTED,2024,6,Q2,Germany,Germany,AutohaUSA Berlin,BMW M3,M Sport,Petrol,Corporate Fleet,Corporate Fleet,EUR,EUR,2,74403.92,6.46,148807.84,OK,148807.84,114540.98,34266.86,34,OK,Female,3.8,OK
BMW-4100,17-07-2027,CORRUPTED,2023,8,Q3,Germany,Germany,AutohaUSA Berlin,BMW i4,Electric,Electric,Corporate Fleet,Corporate Fleet,EUR,EUR,2,73996.77,0.92,147993.53,OK,147993.53,107542.9,40450.63,32,OK,Prefer not to say,3.8,OK
BMW-2893,09-07-2027,CORRUPTED,2022,4,Q2,UK,UK,Manchester Prestige,BMW M3,M Sport,Diesel,Corporate Fleet,Corporate Fleet,GBP,GBP,2,73249.45,7.31,146498.89,OK,170347.55,132329.79,38017.76,60,OK,Prefer not to say,3.8,OK
BMW-3151,09-06-2027,CORRUPTED,2022,7,Q3,Australia,Australia,Melbourne Auto Group,BMW M3,M Sport,Hybrid,Corporate Fleet,Corporate Fleet,AUD,AUD,1,139269.2,3.04,139269.2,OK,84405.58,62674.62,21730.95,28,OK,Prefer not to say,3.8,OK
BMW-2243,20-05-2027,CORRUPTED,2021,7,Q3,USA,USA,Chicago Motors,BMW M5,M Sport,Hybrid,Individual,Individual,USD,USD,1,135398.65,2.73,135398.65,OK,124218.94,91947.77,32271.17,65,OK,Prefer not to say,3.8,OK
BMW-1664,22-04-2027,CORRUPTED,2020,10,Q4,Australia,Australia,Sydney BMW,BMW X5,SUV,Petrol,Individual,Individual,AUD,AUD,1,129173.64,5.41,129173.64,OK,78287.06,59593.41,18693.65,45,OK,Female,3.8,OK
BMW-2805,14-04-2027,CORRUPTED,2022,3,Q1,USA,USA,New York BMW,BMW M5,M Sport,Hybrid,Individual,Individual,USD,USD,1,127797.7,5.58,127797.7,OK,117245.6,89409.99,27835.61,51,OK,Male,3.8,OK
BMW-3039,08-03-2027,CORRUPTED,2022,6,Q2,USA,USA,Chicago Motors,BMW X3,SUV,Hybrid,Lease,Lease,USD,USD,2,61363.76,4.15,122727.52,OK,112594.06,84573.94,28020.11,58,OK,Male,3.8,OK
BMW-2035,21-02-2027,CORRUPTED,2021,4,Q2,Germany,Germany,Stuttgart Motors,BMW 5 Series,Sedan,Hybrid,Corporate Fleet,Corporate Fleet,EUR,EUR,2,60343.08,7.41,120686.15,OK,120686.15,93849.91,26836.24,44,OK,Male,3.8,OK
BMW-2797,01-02-2027,CORRUPTED,2022,3,Q1,Germany,Germany,AutohaUSA Berlin,BMW i7,Electric,Electric,Lease,Lease,eur,EUR,1,118430.65,0.3,118430.65,OK,118430.65,85528.6,32902.05,50,OK,Female,3.8,OK
BMW-2249,13-01-2027,CORRUPTED,2021,7,Q3,USA,USA,Miami Auto Group,BMW X3,SUV,Diesel,Corporate Fleet,Corporate Fleet,USD,USD,2,57731.22,0.06,115462.45,OK,105928.85,76311.4,29617.45,57,OK,Prefer not to say,3.8,OK
BMW-2280,10-01-2027,CORRUPTED,2021,7,Q3,Australia,Australia,Melbourne Auto Group,BMW X5,SUV,Hybrid,Individual,Individual,AUD,AUD,1,114912.04,3.09,114912.04,OK,69643.66,51744.65,17899.01,40,OK,Prefer not to say,3.8,OK
BMW-1296,03-12-2026,CORRUPTED,2020,5,Q2,UK,UK,Manchester Prestige,BMW 3 Series,Sedan,Petrol,Corporate Fleet,Corporate Fleet,GBP,GBP,3,36852.01,4.74,110556.04,OK,128553.54,97163.38,31390.16,60,OK,Male,3.8,OK
BMW-1461,26-10-2026,CORRUPTED,2020,7,Q3,Australia,Australia,Sydney BMW,BMW i4,Electric,Electric,Individual,Individual,AUD,AUD,1,106293.06,3.68,106293.06,OK,64420.03,48152.3,16267.74,0,BAD AGE,Prefer not to say,3.8,OK
BMW-1148,15-10-2026,CORRUPTED,2020,3,Q1,USA,USA,Dallas BMW,BMW 7 Series,Sedan,Hybrid,Lease,Lease,USD,USD,1,104954.54,5.63,104954.54,OK,96288.57,73465.83,22822.73,56,OK,Female,3.8,OK
BMW-2757,06-09-2026,CORRUPTED,2022,2,Q1,USA,USA,Beverly Hills BMW,BMW 7 Series,Sedan,Diesel,individual,Individual,USD,USD,1,101727.73,7.55,101727.73,OK,93328.19,72684.09,20644.11,42,OK,Female,3.8,OK
BMW-3616,22-07-2026,CORRUPTED,2023,2,Q1,USA,USA,New York BMW,BMW iX,Electric,Electric,Individual,Individual,USD,USD,1,97002.73,3.87,97002.73,OK,88993.33,66657.6,22335.73,49,OK,Female,3.8,OK
BMW-1901,30-06-2026,CORRUPTED,2021,2,Q1,Germany,Germany,BMW Munich HQ,BMW 7 Series,Sedan,Petrol,Individual,Individual,EUR,EUR,1,95857.49,1.83,95857.49,OK,95857.49,70304.67,25552.82,49,OK,Female,3.8,OK
BMW-4971,08-06-2026,CORRUPTED,2024,6,Q2,USA,USA,Miami Auto Group,BMW M3,M Sport,Diesel,Individual,Individual,USD,USD,1,94340.61,1.53,94340.61,OK,86551.02,63285.22,23265.8,39,OK,Prefer not to say,3.8,OK
BMW-2779,17-05-2026,CORRUPTED,2022,2,Q1,Australia,Australia,Sydney BMW,BMW 5 Series,Sedan,Hybrid,individual,Individual,AUD,AUD,1,93072.63,1.71,93072.63,OK,56407.66,41319.37,15088.28,66,OK,Female,3.8,OK
BMW-5375,07-04-2026,CORRUPTED,2024,10,Q4,Australia,Australia,Melbourne Auto Group,BMW X3,SUV,Petrol,Individual,Individual,AUD,AUD,1,90488.09,2.32,90488.09,OK,54841.26,40423.4,14417.87,37,OK,Male,3.8,OK
BMW-1082,01-04-2026,CORRUPTED,2020,2,Q1,USA,USA,Chicago Motors,BMW iX,Electric,Electric,Individual,Individual,USD,USD,1,90093.07,6.36,90093.07,OK,82654.19,63554,19100.19,26,OK,Prefer not to say,3.8,OK
BMW-3716,23-02-2026,CORRUPTED,2023,3,Q1,UK,UK,Manchester Prestige,BMW X7,SUV,Petrol,Individual,Individual,Gbp,GBP,1,86900.97,0.58,86900.97,OK,101047.64,73177.85,27869.8,42,OK,Prefer not to say,3.8,OK
BMW-1778,13-02-2026,CORRUPTED,2020,12,Q4,USA,USA,New York BMW,BMW X5,SUV,Diesel,Individual,Individual,USD,USD,1,86149.86,2.19,86149.86,OK,79036.57,58182.01,20854.56,55,OK,Prefer not to say,3.8,OK
BMW-4133,08-02-2026,CORRUPTED,2023,8,Q3,USA,USA,Beverly Hills BMW,BMW X5,SUV,Petrol,Individual,Individual,USD,USD,1,85858.15,1.85,85858.15,OK,78768.94,57781.16,20987.78,52,OK,Female,3.8,OK
BMW-3936,29-01-2026,CORRUPTED,2023,6,Q2,USA,USA,New York BMW,BMW M3,M Sport,Petrol,Individual,Individual,USD,USD,1,85353.27,2.12,85353.27,OK,78305.75,57602.14,20703.61,40,OK,Prefer not to say,3.8,OK
BMW-4104,17-01-2026,CORRUPTED,2023,8,Q3,Germany,Germany,Stuttgart Motors,BMW iX,Electric,Electric,Individual,Individual,EUR,EUR,1,84539.82,6.32,84539.82,OK,84539.82,64974.61,19565.21,54,OK,Male,3.8,OK
BMW-5209,11-01-2026,CORRUPTED,2024,9,Q3,Germany,Germany,Stuttgart Motors,BMW M3,M Sport,Hybrid,Individual,Individual,EUR,EUR,1,84233.34,3.05,84233.34,OK,84233.34,62559.17,21674.17,38,OK,Male,3.8,OK
BMW-2609,07-01-2026,CORRUPTED,2021,12,Q4,USA,USA,Dallas BMW,BMW 3 Series,Sedan,Hybrid,Corporate Fleet,Corporate Fleet,USD,USD,2,42023.78,6.69,84047.56,OK,77107.85,59499.04,17608.81,54,OK,Prefer not to say,3.8,OK
BMW-1570,04-12-2025,CORRUPTED,2020,9,Q3,UK,UK,London BMW Centre,BMW iX,Electric,Electric,individual,Individual,GBP,GBP,1,82359.71,1.82,82359.71,OK,95767.1,70228.68,25538.43,61,OK,Prefer not to say,3.8,OK
BMW-2031,13-11-2025,CORRUPTED,2021,4,Q2,Germany,Germany,Hamburg Drive,BMW X5,SUV,Hybrid,individual,Individual,EUR,EUR,1,80783.32,0.67,80783.32,OK,80783.32,58558.1,22225.22,64,OK,Prefer not to say,3.8,OK
BMW-4781,08-11-2025,CORRUPTED,2024,4,Q2,USA,USA,Chicago Motors,BMW M3,M Sport,Diesel,Lease,Lease,USD,USD,1,80606.79,6.31,80606.79,OK,73951.18,56832.79,17118.39,69,OK,Prefer not to say,3.8,OK
BMW-3397,28-09-2025,CORRUPTED,2022,11,Q4,USA,USA,Chicago Motors,BMW X5,SUV,Hybrid,Individual,Individual,USD,USD,1,78066.41,4.82,78066.41,OK,71620.56,54179.59,17440.97,69,OK,Male,3.8,OK
BMW-3603,08-09-2025,CORRUPTED,2023,2,Q1,Germany,Germany,Hamburg Drive,BMW X5,SUV,Petrol,Individual,Individual,EUR,EUR,1,77010.18,4.84,77010.18,OK,77010.18,58267.18,18742.99,70,OK,Female,3.8,OK
BMW-2525,03-09-2025,CORRUPTED,2021,11,Q4,USA,USA,Miami Auto Group,BMW X5,SUV,Petrol,Individual,Individual,USD,USD,1,76761.32,0.07,76761.32,OK,70423.22,50739.71,19683.52,52,OK,Female,3.8,OK
BMW-5499,10-08-2025,CORRUPTED,2024,12,Q4,USA,USA,Chicago Motors,BMW i4,Electric,Electric,Individual,Individual,USD,USD,1,75723.96,5.98,75723.96,OK,69471.52,53199.03,16272.48,37,OK,Male,3.8,OK
BMW-2037,04-07-2025,CORRUPTED,2021,4,Q2,Germany,Germany,Hamburg Drive,BMW X5,SUV,Hybrid,Individual,Individual,EUR,EUR,1,73887.93,0.23,73887.93,OK,73887.93,53321.54,20566.4,62,OK,Male,3.8,OK
BMW-4967,08-06-2025,CORRUPTED,2024,6,Q2,USA,USA,Miami Auto Group,BMW i4,Electric,Electric,Individual,Individual,USD,USD,1,72227.07,7.23,72227.07,OK,66263.36,51426.04,14837.32,68,OK,Female,3.8,OK
BMW-2884,13-05-2025,CORRUPTED,2022,4,Q2,USA,USA,Miami Auto Group,BMW X5,SUV,Diesel,Individual,Individual,USD,USD,1,70620.7,7.47,70620.7,OK,64789.63,50415.53,14374.1,43,OK,Male,3.8,OK
BMW-1161,25-03-2025,CORRUPTED,2020,3,Q1,UK,UK,Manchester Prestige,BMW M3,M Sport,Diesel,Corporate Fleet,Corporate Fleet,GBP,GBP,1,67586.44,0.97,67586.44,OK,78588.88,57135.4,21453.48,48,OK,Male,3.8,OK
BMW-1783,13-03-2025,CORRUPTED,2020,12,Q4,USA,USA,Chicago Motors,BMW 5 Series,Sedan,Hybrid,Individual,Individual,USD,USD,1,67213.05,3.07,67213.05,OK,61663.35,45806.08,15857.27,45,OK,Female,3.8,OK
BMW-1234,26-02-2025,CORRUPTED,2020,4,Q2,UK,UK,Manchester Prestige,BMW M3,M Sport,Petrol,Individual,Individual,GBP,GBP,1,66476.88,5.38,66476.88,OK,77298.69,58816.53,18482.16,29,OK,Female,3.8,OK
BMW-3779,13-02-2025,CORRUPTED,2023,4,Q2,USA,USA,Dallas BMW,BMW 5 Series,Sedan,Diesel,Individual,Individual,USD,USD,1,65892.5,4.38,65892.5,OK,60451.84,45519.97,14931.87,25,OK,Prefer not to say,3.8,OK
BMW-5040,22-01-2025,CORRUPTED,2024,7,Q3,Germany,Germany,Hamburg Drive,BMW 5 Series,Sedan,Diesel,Individual,Individual,EUR,EUR,1,64730.77,1.2,64730.77,OK,64730.77,47170.69,17560.09,32,OK,Prefer not to say,3.8,OK
BMW-1343,03-01-2025,CORRUPTED,2020,6,Q2,Germany,Germany,Hamburg Drive,BMW 5 Series,Sedan,Hybrid,individual,Individual,EUR,EUR,1,64069.05,1.75,64069.05,OK,64069.05,46953.14,17115.91,28,OK,Prefer not to say,3.8,OK
BMW-2581,23-12-2024,CORRUPTED,2021,11,Q4,Australia,Australia,Sydney BMW,BMW 2 Series,Coupe,Hybrid,individual,Individual,AUD,AUD,1,63736.58,2.46,63736.58,OK,38628.23,28512.8,10115.43,54,OK,Female,3.8,OK
BMW-3628,18-12-2024,CORRUPTED,2023,2,Q1,USA,USA,Dallas BMW,BMW 5 Series,Sedan,Hybrid,Individual,Individual,USD,USD,1,63362.65,1.41,63362.65,OK,58130.87,42452.48,15678.39,30,OK,Female,3.8,OK
BMW-1345,16-12-2024,CORRUPTED,2020,6,Q2,USA,USA,New York BMW,BMW 5 Series,Sedan,Petrol,Individual,Individual,USD,USD,1,63221.43,5.75,63221.43,OK,58001.32,44310.4,13690.92,38,OK,Prefer not to say,3.8,OK
BMW-1760,20-11-2024,CORRUPTED,2020,12,Q4,Germany,Germany,Stuttgart Motors,BMW 5 Series,Sedan,Hybrid,individual,Individual,EUR,EUR,1,62445.73,4.31,62445.73,OK,62445.73,46987.38,15458.35,39,OK,Female,3.8,OK
BMW-5477,13-11-2024,CORRUPTED,2024,12,Q4,Germany,Germany,Stuttgart Motors,BMW 5 Series,Sedan,Diesel,individual,Individual,EUR,EUR,1,62161.71,2.28,62161.71,OK,62161.71,45802.4,16359.31,50,OK,Male,3.8,OK
BMW-3399,30-10-2024,CORRUPTED,2022,11,Q4,UK,UK,Edinburgh Motors,BMW X5,SUV,Hybrid,Individual,Individual,GBP,GBP,1,61584.52,4.94,61584.52,OK,71609.9,54237.85,17372.06,53,OK,Prefer not to say,3.8,OK
BMW-4208,16-10-2024,CORRUPTED,2023,9,Q3,USA,USA,Dallas BMW,BMW 5 Series,Sedan,Diesel,Individual,Individual,USD,USD,1,61219.93,7.93,61219.93,OK,56165.08,43923.19,12241.89,36,OK,Male,3.8,OK
BMW-3104,14-10-2024,CORRUPTED,2022,7,Q3,USA,USA,Miami Auto Group,BMW 5 Series,Sedan,Diesel,Individual,Individual,USD,USD,1,61213.11,5.14,61213.11,OK,56158.82,42624.24,13534.57,30,OK,Prefer not to say,3.8,OK
BMW-2747,24-09-2024,CORRUPTED,2022,2,Q1,USA,USA,Dallas BMW,BMW X3,SUV,Hybrid,individual,Individual,USD,USD,1,60407.24,3.03,60407.24,OK,55419.49,41149.54,14269.95,49,OK,Male,3.8,OK
BMW-3718,29-07-2024,CORRUPTED,2023,3,Q1,UK,UK,Edinburgh Motors,BMW i4,Electric,Electric,Individual,Individual,GBP,GBP,1,58474.51,7.1,58474.51,OK,67993.61,52698.03,15295.58,59,OK,Male,3.8,OK
BMW-1858,25-07-2024,CORRUPTED,2021,1,Q1,USA,USA,New York BMW,BMW 5 Series,Sedan,Diesel,Individual,Individual,USD,USD,1,58439.88,5.54,58439.88,OK,53614.57,40865.02,12749.55,29,OK,Female,3.8,OK
BMW-3250,26-06-2024,CORRUPTED,2022,9,Q3,USA,USA,Chicago Motors,BMW 5 Series,Sedan,Hybrid,Individual,Individual,USD,USD,1,57638.72,5.42,57638.72,OK,52879.56,40255.49,12624.07,35,OK,Male,3.8,OK
BMW-3382,10-06-2024,CORRUPTED,2022,11,Q4,USA,USA,Chicago Motors,BMW 5 Series,Sedan,Diesel,Lease,Lease,USD,USD,1,57347.59,7.09,57347.59,OK,52612.47,40772.88,11839.59,25,OK,Female,3.8,OK
BMW-1629,06-06-2024,CORRUPTED,2020,10,Q4,USA,USA,New York BMW,BMW 5 Series,Sedan,Hybrid,Corporate Fleet,Corporate Fleet,USD,USD,1,57261.14,5.17,57261.14,OK,52533.16,39884.54,12648.62,60,OK,Female,3.8,OK
BMW-5048,15-05-2024,CORRUPTED,2024,7,Q3,Germany,Germany,AutohaUSA Berlin,BMW X3,SUV,Hybrid,Individual,Individual,EUR,EUR,1,56537.11,1.21,56537.11,OK,56537.11,41206.08,15331.03,29,OK,Female,3.8,OK
BMW-3013,29-04-2024,CORRUPTED,2022,6,Q2,Germany,Germany,AutohaUSA Berlin,BMW X3,SUV,Diesel,Individual,Individual,EUR,EUR,1,55926.31,5.42,55926.31,OK,55926.31,42576.72,13349.59,69,OK,Male,3.8,OK
BMW-3800,18-04-2024,CORRUPTED,2023,4,Q2,UK,UK,Edinburgh Motors,BMW 5 Series,Sedan,Hybrid,Individual,Individual,GBP,GBP,1,55481.97,1.72,55481.97,OK,64513.91,47263.03,17250.89,44,OK,Prefer not to say,3.8,OK
BMW-4009,18-03-2024,CORRUPTED,2023,7,Q3,Germany,Germany,Hamburg Drive,BMW 5 Series,Sedan,Petrol,individual,Individual,EUR,EUR,1,54427.21,4.88,54427.21,OK,54427.21,41197.6,13229.61,43,OK,Male,3.8,OK
BMW-1470,17-03-2024,CORRUPTED,2020,8,Q3,Germany,Germany,Stuttgart Motors,BMW X3,SUV,Petrol,Individual,Individual,EUR,EUR,1,54416.4,5.29,54416.4,OK,54416.4,41368.61,13047.79,42,OK,Female,3.8,OK
BMW-2233,13-03-2024,CORRUPTED,2021,7,Q3,Germany,Germany,Stuttgart Motors,BMW X3,SUV,Petrol,individual,Individual,EUR,EUR,1,54265.06,3.35,54265.06,OK,54265.06,40425.82,13839.24,37,OK,Female,3.8,OK
BMW-3768,12-03-2024,CORRUPTED,2023,4,Q2,Germany,Germany,Stuttgart Motors,BMW X3,SUV,Petrol,Individual,Individual,EUR,EUR,1,54244.13,0.84,54244.13,OK,54244.13,39386.06,14858.07,54,OK,Female,3.8,OK
BMW-3313,26-02-2024,CORRUPTED,2022,10,Q4,USA,USA,Dallas BMW,BMW X3,SUV,Petrol,individual,Individual,USD,USD,1,53771.23,0.98,53771.23,OK,49331.41,35871.33,13460.08,46,OK,Male,3.8,OK
BMW-4884,24-11-2023,CORRUPTED,2024,5,Q2,USA,USA,Chicago Motors,BMW 3 Series,Sedan,Petrol,individual,Individual,USD,USD,1,49986.1,1.69,49986.1,OK,45858.8,33584.4,12274.4,63,OK,Male,3.8,OK
BMW-2372,05-11-2023,CORRUPTED,2021,9,Q3,Germany,Germany,AutohaUSA Berlin,BMW X3,SUV,Petrol,Individual,Individual,EUR,EUR,1,49284.01,7.73,49284.01,OK,49284.01,38458.75,10825.26,59,OK,Male,3.8,OK
BMW-5487,13-10-2023,CORRUPTED,2024,12,Q4,Germany,Germany,BMW Munich HQ,BMW X3,SUV,Petrol,Individual,Individual,EUR,EUR,1,48391.08,3.76,48391.08,OK,48391.08,36200.98,12190.1,32,OK,Prefer not to say,3.8,OK
BMW-3314,07-07-2023,CORRUPTED,2022,10,Q4,USA,USA,Dallas BMW,BMW 3 Series,Sedan,Petrol,individual,Individual,USD,USD,1,44937.07,3.22,44937.07,OK,41226.67,30669.41,10557.26,25,OK,Male,3.8,OK
BMW-4474,17-06-2023,CORRUPTED,2023,12,Q4,UK,UK,London BMW Centre,BMW X3,SUV,Petrol,Individual,Individual,GBP,GBP,1,44345.74,1.69,44345.74,OK,51564.81,37765.57,13799.24,44,OK,Male,3.8,OK
BMW-2671,20-05-2023,CORRUPTED,2022,1,Q1,Germany,Germany,Hamburg Drive,BMW 3 Series,Sedan,Petrol,Individual,Individual,EUR,EUR,1,43130.56,3.08,43130.56,OK,43130.56,32042.33,11088.24,47,OK,Prefer not to say,3.8,OK
BMW-5149,15-03-2023,CORRUPTED,2024,8,Q3,USA,USA,Chicago Motors,BMW 2 Series,Coupe,Diesel,individual,Individual,USD,USD,1,39966.66,1.68,39966.66,OK,36666.66,26852.1,9814.56,44,OK,Prefer not to say,3.8,OK
BMW-4301,16-02-2023,CORRUPTED,2023,10,Q4,UK,UK,Manchester Prestige,BMW 3 Series,Sedan,Hybrid,Individual,Individual,GBP,GBP,1,38437.11,2.76,38437.11,OK,44694.32,33092.98,11601.34,32,OK,Female,3.8,OK
BMW-3549,08-02-2023,CORRUPTED,2023,1,Q1,USA,USA,Chicago Motors,BMW 2 Series,Coupe,Diesel,Individual,Individual,USD,USD,1,37950.61,3.61,37950.61,OK,34817.07,26006.4,8810.67,33,OK,Female,3.8,OK
BMW-4857,06-02-2023,CORRUPTED,2024,5,Q2,Germany,Germany,BMW Munich HQ,BMW 2 Series,Coupe,Hybrid,Individual,Individual,EUR,EUR,1,37732.85,7.96,37732.85,OK,37732.85,29515.96,8216.9,51,OK,Male,3.8,OK
BMW-4434,28-01-2023,CORRUPTED,2023,12,Q4,Germany,Germany,BMW Munich HQ,BMW 2 Series,Coupe,Diesel,Individual,Individual,EUR,EUR,1,37072.79,0.85,37072.79,OK,37072.79,26921.36,10151.43,61,OK,Prefer not to say,3.8,OK
BMW-1205,15-01-2023,CORRUPTED,2020,4,Q2,Germany,Germany,BMW Munich HQ,BMW 2 Series,Coupe,Hybrid,Individual,Individual,EUR,EUR,1,36556.4,1.83,36556.4,OK,36556.4,26812.35,9744.05,37,OK,Female,3.8,OK
BMW-2865,24-12-2022,CORRUPTED,2022,4,Q2,Germany,Germany,AutohaUSA Berlin,BMW 2 Series,Coupe,Petrol,Individual,Individual,EUR,EUR,1,35266.07,7.47,35266.07,OK,35266.07,27441.07,7825,46,OK,Female,3.8,OK
BMW-4852,19-12-2022,CORRUPTED,2024,5,Q2,Germany,Germany,AutohaUSA Berlin,BMW 2 Series,Coupe,Diesel,individual,Individual,EUR,EUR,1,34605.14,6.32,34605.14,OK,34605.14,26595.19,8009.94,50,OK,Female,3.8,OK
BMW-1867,04-12-2022,CORRUPTED,2021,1,Q1,UK,UK,Manchester Prestige,BMW 2 Series,Coupe,Diesel,Lease,Lease,GBP,GBP,1,31176.48,7.98,31176.48,OK,36251.72,28363.96,7887.76,60,OK,Male,3.8,OK
BMW-5557,12-11-2022,CORRUPTED,2024,12,Q4,UAE,UAE,Dubai BMW,BMW M5,M Sport,Diesel,Individual,Individual,AED,AED,1,488509.2,4.4,4885.092,OK,122127.3,91978.11,30149.19,30,OK,Female,3.8,OK
BMW-4368,07-11-2022,CORRUPTED,2023,11,Q4,UK,UK,Edinburgh Motors,BMW X7,SUV,Petrol,Lease,Lease,GBP,GBP,5,79622.43,2.82,3981.1217,OK,462921.13,342974.41,119946.71,59,OK,Female,3.8,OK
BMW-4469,24-10-2022,CORRUPTED,2023,12,Q4,UK,UK,Edinburgh Motors,BMW 2 Series,Coupe,Petrol,Corporate Fleet,Corporate Fleet,GBP,GBP,4,32691.36,0.37,1307.6545,OK,152052.85,109888.03,42164.82,45,OK,Prefer not to say,3.8,OK
BMW-4697,17-10-2022,CORRUPTED,2024,3,Q1,Germany,Germany,Stuttgart Motors,BMW X5,SUV,Petrol,Individual,Individual,EUR,EUR,1,70467.4,5.98,704.674,OK,70467.4,53964.77,16502.63,69,OK,Prefer not to say,3.8,OK
BMW-5479,08-10-2022,CORRUPTED,2024,12,Q4,Germany,Germany,Hamburg Drive,BMW X3,SUV,Petrol,Individual,Individual,EUR,EUR,1,54691.82,5.29,546.9182,OK,54691.82,41578.1,13113.72,48,OK,Male,3.8,OK
BMW-1877,27-09-2022,CORRUPTED,2021,1,Q1,China,China,Shanghai BMW,BMW 2 Series,Coupe,Hybrid,Individual,Individual,CNY,CNY,1,318331.78,6,-3183.3178,BAD REVENUE,40295.16,30864.32,9430.84,42,OK,Female,3.8,OK
BMW-4274,10-09-2022,CORRUPTED,2023,10,Q4,Germany,Germany,BMW Munich HQ,BMW X7,SUV,Diesel,corporate fleet,Corporate Fleet,EUR,EUR,2,103481.57,2.8,-206963.15,BAD REVENUE,206963.15,153299.07,53664.08,31,OK,Female,3.8,OK
BMW-2967,09-09-2022,CORRUPTED,2022,5,Q2,USA,USA,Miami Auto Group,BMW 2 Series,Coupe,Petrol,Government,Government,USD,USD,5,41587.36,4.48,-207936.78,BAD REVENUE,190767.69,143798.94,46968.75,56,OK,Prefer not to say,3.8,OK
BMW-2231,08-09-2022,CORRUPTED,2021,7,Q3,Germany,Germany,Stuttgart Motors,BMW 5 Series,Sedan,Diesel,Lease,Lease,EUR,EUR,4,59946.92,3.32,-239787.68,BAD REVENUE,239787.68,178578,61209.68,36,OK,Male,3.8,OK
BMW-4923,28-12-2034,CORRUPTED,2024,5,Q2,India,India,Delhi Prestige Auto,BMW 2 Series,Coupe,Hybrid,Corporate Fleet,Corporate Fleet,INR,INR,7,3959858.75,0.39,27719011.22,OK,304604.52,220181.69,84422.82,48,OK,Male,3.9,OK
BMW-3657,16-12-2034,CORRUPTED,2023,2,Q1,India,India,Mumbai BMW,BMW X3,SUV,Diesel,Lease,Lease,INR,INR,5,5145206.71,0.58,25726033.55,OK,282703.67,204741.81,77961.85,51,OK,Female,3.9,OK
BMW-1451,15-12-2034,CORRUPTED,2020,7,Q3,India,India,Bangalore Motors,BMW iX,Electric,Electric,Corporate Fleet,Corporate Fleet,INR,INR,3,8574176.21,0.5,25722528.62,OK,282665.15,204538.19,78126.96,51,OK,Male,3.9,OK
BMW-2640,12-12-2034,CORRUPTED,2021,12,Q4,India,India,Mumbai BMW,BMW X5,SUV,Diesel,Government,Government,INR,INR,4,6181994.96,6.94,24727979.84,OK,271736.04,210251.46,61484.58,70,OK,Prefer not to say,3.9,OK
BMW-2732,05-11-2034,CORRUPTED,2022,1,Q1,South Africa,South Africa,Johannesburg Motors,BMW iX,Electric,Electric,lease,Lease,ZAR,ZAR,7,1938062.93,0.71,13566440.5,OK,678322.02,491885.16,186436.87,70,OK,Prefer not to say,3.9,OK
BMW-4590,02-11-2034,CORRUPTED,2024,1,Q1,India,India,Delhi Prestige Auto,BMW X5,SUV,Diesel,Corporate Fleet,Corporate Fleet,INR,INR,2,6425984.16,0.21,12851968.33,OK,141230.42,101897.53,39332.89,58,OK,Male,3.9,OK
BMW-3141,28-10-2034,CORRUPTED,2022,7,Q3,India,India,Delhi Prestige Auto,BMW 3 Series,Sedan,Diesel,Lease,Lease,INR,INR,3,4076302.87,6.42,12228908.62,OK,134383.61,103394.64,30988.97,42,OK,Female,3.9,OK
BMW-4920,19-10-2034,CORRUPTED,2024,5,Q2,India,India,Bangalore Motors,BMW i7,Electric,Electric,Individual,Individual,INR,INR,1,11665304.07,6.19,11665304.07,OK,128190.15,98383.74,29806.41,50,OK,Female,3.9,OK
BMW-3079,18-10-2034,CORRUPTED,2022,6,Q2,South Africa,South Africa,Johannesburg Motors,BMW M3,M Sport,Hybrid,lease,Lease,ZAR,ZAR,7,1660182.74,5.83,11621279.15,OK,581063.96,444271.35,136792.61,66,OK,Female,3.9,OK
BMW-3010,25-09-2034,CORRUPTED,2022,5,Q2,South Africa,South Africa,Cape Town BMW,BMW 5 Series,Sedan,Diesel,Lease,Lease,ZAR,ZAR,8,1263577.51,4.24,10108620.1,OK,505431,380019.36,125411.64,60,OK,Prefer not to say,3.9,OK
BMW-4673,24-09-2034,CORRUPTED,2024,2,Q1,India,India,Delhi Prestige Auto,BMW M5,M Sport,Hybrid,Individual,Individual,INR,INR,1,10093965.69,0.62,10093965.69,OK,110922.7,80362.51,30560.19,62,OK,Prefer not to say,3.9,OK
BMW-3212,06-09-2034,CORRUPTED,2022,8,Q3,India,India,Mumbai BMW,BMW iX,Electric,Electric,individual,Individual,INR,INR,1,8865070.02,1.97,8865070.02,OK,97418.35,71553.67,25864.68,68,OK,Prefer not to say,3.9,OK
BMW-2571,22-08-2034,CORRUPTED,2021,11,Q4,India,India,Delhi Prestige Auto,BMW X7,SUV,Diesel,Individual,Individual,INR,INR,1,8200777.06,5.76,8200777.06,OK,90118.43,68851.07,21267.36,66,OK,Male,3.9,OK
BMW-2493,05-08-2034,CORRUPTED,2021,10,Q4,India,India,Delhi Prestige Auto,BMW 3 Series,Sedan,Hybrid,Lease,Lease,INR,INR,2,3797873.6,0.84,7595747.21,OK,83469.75,60605.66,22864.09,34,OK,Male,3.9,OK
BMW-1197,09-07-2034,CORRUPTED,2020,3,Q1,South Africa,South Africa,Johannesburg Motors,BMW X3,SUV,Petrol,Corporate Fleet,Corporate Fleet,ZAR,ZAR,6,1139022.31,3.07,6834133.87,OK,341706.69,253824.09,87882.61,35,OK,Male,3.9,OK
BMW-3344,05-07-2034,CORRUPTED,2022,10,Q4,India,India,Bangalore Motors,BMW M3,M Sport,Petrol,Individual,Individual,INR,INR,1,6794212.02,4.92,6794212.02,OK,74661.67,56539.1,18122.57,38,OK,Prefer not to say,3.9,OK
BMW-5005,04-07-2034,CORRUPTED,2024,6,Q2,India,India,Mumbai BMW,BMW X5,SUV,Diesel,Individual,Individual,INR,INR,1,6793295.35,1.57,6793295.35,OK,74651.6,54608.41,20043.19,30,OK,Prefer not to say,3.9,OK
BMW-3826,29-06-2034,CORRUPTED,2023,4,Q2,India,India,Delhi Prestige Auto,BMW X5,SUV,Petrol,Lease,Lease,INR,INR,1,6719543.15,4.7,6719543.15,OK,73841.13,55787.92,18053.21,56,OK,Female,3.9,OK
BMW-4565,08-06-2034,CORRUPTED,2024,1,Q1,China,China,Shanghai BMW,BMW i7,Electric,Electric,Lease,Lease,CNY,CNY,6,1021252.13,2.36,6127512.78,OK,775634.53,571972.67,203661.86,61,OK,Prefer not to say,3.9,OK
BMW-3211,29-05-2034,CORRUPTED,2022,8,Q3,India,India,Mumbai BMW,BMW X5,SUV,Hybrid,Individual,Individual,INR,INR,1,5873081.61,6.9,5873081.61,OK,64539.36,49912,14627.36,66,OK,Male,3.9,OK
BMW-1315,23-04-2034,CORRUPTED,2020,5,Q2,India,India,Bangalore Motors,BMW X3,SUV,Hybrid,Individual,Individual,INR,INR,1,5253635.94,3.41,5253635.94,OK,57732.26,43034.47,14697.79,60,OK,Female,3.9,OK
BMW-1817,18-04-2034,CORRUPTED,2020,12,Q4,India,India,Delhi Prestige Auto,BMW X3,SUV,Hybrid,Individual,Individual,INR,INR,1,5174788.41,3.47,5174788.41,OK,56865.81,42416.14,14449.67,40,OK,Prefer not to say,3.9,OK
BMW-3977,13-04-2034,CORRUPTED,2023,6,Q2,India,India,Delhi Prestige Auto,BMW X3,SUV,Diesel,Individual,Individual,INR,INR,1,5144932.25,3.14,5144932.25,OK,56537.72,42027.7,14510.01,66,OK,Male,3.9,OK
BMW-3584,08-04-2034,CORRUPTED,2023,1,Q1,India,India,Bangalore Motors,BMW 5 Series,Sedan,Diesel,Corporate Fleet,Corporate Fleet,INR,INR,1,5056076.44,7.16,5056076.44,OK,55561.28,43090.85,12470.43,35,OK,Female,3.9,OK
BMW-3909,07-04-2034,CORRUPTED,2023,5,Q2,South Africa,South Africa,Johannesburg Motors,BMW 5 Series,Sedan,Diesel,Government,Government,ZAR,ZAR,4,1261723.49,0.83,5046893.95,OK,252344.7,183213.63,69131.06,34,OK,Male,3.9,OK
BMW-2920,15-03-2034,CORRUPTED,2022,4,Q2,India,India,Delhi Prestige Auto,BMW X3,SUV,Petrol,Individual,Individual,INR,INR,1,4755166.52,4.1,4755166.52,OK,52254.58,39232.05,13022.53,29,OK,Female,3.9,OK
BMW-2227,07-03-2034,CORRUPTED,2021,6,Q2,South Africa,South Africa,Cape Town BMW,BMW X3,SUV,Hybrid,Government,Government,ZAR,ZAR,4,1155791.82,2.95,4623167.28,OK,231158.36,171498.53,59659.84,29,OK,Female,3.9,OK
BMW-1049,01-02-2034,CORRUPTED,2020,1,Q1,India,India,Bangalore Motors,BMW 3 Series,Sedan,Hybrid,Lease,Lease,INR,INR,1,4129313.03,7.02,4129313.03,OK,45377.07,35137.7,10239.36,48,OK,Prefer not to say,3.9,OK
BMW-3336,16-01-2034,CORRUPTED,2022,10,Q4,China,China,Shenzhen Auto,BMW 5 Series,Sedan,Petrol,Lease,Lease,CNY,CNY,8,486844.79,2.49,3894758.31,OK,493007.38,364021.38,128986,44,OK,Prefer not to say,3.9,OK
BMW-4502,15-01-2034,CORRUPTED,2023,12,Q4,India,India,Delhi Prestige Auto,BMW 3 Series,Sedan,Diesel,Individual,Individual,INR,INR,1,3891699.3,4.01,3891699.3,OK,42765.93,32079,10686.93,55,OK,Male,3.9,OK
BMW-1722,05-01-2034,CORRUPTED,2020,11,Q4,China,China,Guangzhou BMW,BMW 7 Series,Sedan,Hybrid,Corporate Fleet,Corporate Fleet,CNY,CNY,5,754018.71,1.8,3770093.57,OK,477227.03,349912.56,127314.47,66,OK,Prefer not to say,3.9,OK
BMW-1246,04-12-2033,CORRUPTED,2020,4,Q2,China,China,Beijing Luxury Motors,BMW X3,SUV,Petrol,government,Government,CNY,CNY,8,434081.37,6.4,3472650.97,OK,439576.07,338131.26,101444.82,33,OK,Male,3.9,OK
BMW-2987,03-12-2033,CORRUPTED,2022,5,Q2,China,China,Shanghai BMW,BMW X5,SUV,Hybrid,Government,Government,CNY,CNY,6,578243.59,7.16,3469461.52,OK,439172.34,340583.37,98588.97,67,OK,Female,3.9,OK
BMW-2785,16-11-2033,CORRUPTED,2022,2,Q1,South Africa,South Africa,Cape Town BMW,BMW X3,SUV,Petrol,Lease,Lease,ZAR,ZAR,3,1113407.03,0.58,3340221.1,OK,167011.06,120943.69,46067.36,42,OK,Prefer not to say,3.9,OK
BMW-4564,22-10-2033,CORRUPTED,2024,1,Q1,China,China,Shenzhen Auto,BMW X5,SUV,Diesel,Lease,Lease,CNY,CNY,5,609236.95,1.23,3046184.75,OK,385593.01,281084.19,104508.82,46,OK,Male,3.9,OK
BMW-5168,14-10-2033,CORRUPTED,2024,8,Q3,China,China,Beijing Luxury Motors,BMW X3,SUV,Hybrid,Lease,Lease,CNY,CNY,7,422224.65,7.4,2955572.56,OK,374123.11,290903.1,83220.01,27,OK,Female,3.9,OK
BMW-5267,01-10-2033,CORRUPTED,2024,9,Q3,China,China,Beijing Luxury Motors,BMW X5,SUV,Hybrid,Corporate Fleet,Corporate Fleet,CNY,CNY,5,565590.1,1.6,2827950.5,OK,357968.42,261935.78,96032.63,67,OK,Male,3.9,OK
BMW-3572,21-09-2033,CORRUPTED,2023,1,Q1,China,China,Shanghai BMW,BMW X3,SUV,Hybrid,Government,Government,CNY,CNY,7,390872.88,1.69,2736110.15,OK,346343.06,253651.85,92691.21,26,OK,Male,3.9,OK
BMW-1239,14-09-2033,CORRUPTED,2020,4,Q2,China,China,Shanghai BMW,BMW X5,SUV,Petrol,Corporate Fleet,Corporate Fleet,CNY,CNY,5,534833.19,4.66,2674165.93,OK,338502.02,255645.61,82856.4,28,OK,Prefer not to say,3.9,OK
BMW-4742,11-08-2033,CORRUPTED,2024,3,Q1,China,China,Beijing Luxury Motors,BMW 7 Series,Sedan,Hybrid,corporate fleet,Corporate Fleet,CNY,CNY,3,811605.07,3.47,2434815.22,OK,308204.46,229876.89,78327.56,69,OK,Female,3.9,OK
BMW-2199,25-07-2033,CORRUPTED,2021,6,Q2,China,China,Guangzhou BMW,BMW 2 Series,Coupe,Diesel,Lease,Lease,CNY,CNY,7,326064.9,5.16,2282454.28,OK,288918.26,219350.19,69568.07,69,OK,Male,3.9,OK
BMW-3599,24-07-2033,CORRUPTED,2023,1,Q1,South Africa,South Africa,Johannesburg Motors,BMW 5 Series,Sedan,Diesel,Corporate Fleet,Corporate Fleet,ZAR,ZAR,2,1141164.67,7.34,2282329.34,OK,114116.47,88671.25,25445.21,56,OK,Prefer not to say,3.9,OK
BMW-1120,04-07-2033,CORRUPTED,2020,2,Q1,UAE,UAE,Abu Dhabi Motors,BMW M3,M Sport,Diesel,Government,Government,AED,AED,6,367756,0.89,2206536,OK,551634,400741.4,150892.61,46,OK,Female,3.9,OK
BMW-3338,08-05-2033,CORRUPTED,2022,10,Q4,China,China,Beijing Luxury Motors,BMW 5 Series,Sedan,Diesel,Government,Government,CNY,CNY,4,480173.22,0.08,1920692.89,OK,243125.68,175186.44,67939.24,25,OK,Female,3.9,OK
BMW-2701,29-03-2033,CORRUPTED,2022,1,Q1,China,China,Shenzhen Auto,BMW 2 Series,Coupe,Petrol,Corporate Fleet,Corporate Fleet,CNY,CNY,6,295516.61,7.21,1773099.68,OK,224443,174161.3,50281.7,43,OK,Male,3.9,OK
BMW-1753,18-03-2033,CORRUPTED,2020,11,Q4,South Africa,South Africa,Cape Town BMW,BMW M3,M Sport,Petrol,Individual,Individual,ZAR,ZAR,1,1735022.58,7.14,1735022.58,OK,86751.13,67263.76,19487.37,50,OK,Prefer not to say,3.9,OK
BMW-5026,10-01-2033,CORRUPTED,2024,6,Q2,South Africa,South Africa,Cape Town BMW,BMW M3,M Sport,Diesel,Individual,Individual,ZAR,ZAR,1,1469324.79,5.76,1469324.79,OK,73466.24,56127.9,17338.34,57,OK,Male,3.9,OK
BMW-4600,09-01-2033,CORRUPTED,2024,1,Q1,UAE,UAE,Abu Dhabi Motors,BMW X5,SUV,Petrol,Lease,Lease,AED,AED,5,293787.77,1.21,1468938.86,OK,367234.72,267649.51,99585.21,28,OK,Female,3.9,OK
BMW-4000,30-12-2032,CORRUPTED,2023,6,Q2,South Africa,South Africa,Cape Town BMW,BMW X5,SUV,Diesel,Individual,Individual,ZAR,ZAR,1,1437903.28,3.87,1437903.28,OK,71895.16,53850.53,18044.64,27,OK,Prefer not to say,3.9,OK
BMW-1943,22-11-2032,CORRUPTED,2021,2,Q1,China,China,Guangzhou BMW,BMW 3 Series,Sedan,Petrol,Corporate Fleet,Corporate Fleet,CNY,CNY,4,326070.07,1.57,1304280.27,OK,165098.77,120768.82,44329.95,52,OK,Prefer not to say,3.9,OK
BMW-5122,17-11-2032,CORRUPTED,2024,7,Q3,South Africa,South Africa,Johannesburg Motors,BMW i4,Electric,Electric,Individual,Individual,ZAR,ZAR,1,1300135.61,0.95,1300135.61,OK,65006.78,47255.68,17751.1,47,OK,Female,3.9,OK
BMW-3891,10-11-2032,CORRUPTED,2023,5,Q2,China,China,Shenzhen Auto,BMW 2 Series,Coupe,Hybrid,Corporate Fleet,Corporate Fleet,CNY,CNY,4,322400.31,5.36,1289601.23,OK,163240.66,124194.22,39046.45,35,OK,Female,3.9,OK
BMW-2999,05-11-2032,CORRUPTED,2022,5,Q2,China,China,Shenzhen Auto,BMW 5 Series,Sedan,Diesel,Corporate Fleet,Corporate Fleet,CNY,CNY,3,428526.5,7.87,1285579.5,OK,162731.58,127173.76,35557.82,56,OK,Male,3.9,OK
BMW-2351,04-11-2032,CORRUPTED,2021,8,Q3,UAE,UAE,Dubai BMW,BMW 3 Series,Sedan,Petrol,Corporate Fleet,Corporate Fleet,AED,AED,7,183392.93,3.4,1283750.5,OK,320937.63,239218.19,81719.44,45,OK,Female,3.9,OK
BMW-4059,06-10-2032,CORRUPTED,2023,7,Q3,China,China,Guangzhou BMW,BMW 2 Series,Coupe,Hybrid,corporate fleet,Corporate Fleet,CNY,CNY,4,296473.9,3.22,1185895.61,OK,150113.37,111682.01,38431.36,69,OK,Female,3.9,OK
BMW-1124,01-10-2032,CORRUPTED,2020,2,Q1,UAE,UAE,Abu Dhabi Motors,BMW X5,SUV,Petrol,Corporate Fleet,Corporate Fleet,AED,AED,4,288445.34,2.29,1153781.36,OK,288445.34,212538.63,75906.71,60,OK,Male,3.9,OK
BMW-2729,17-09-2032,CORRUPTED,2022,1,Q1,South Africa,South Africa,Johannesburg Motors,BMW X3,SUV,Petrol,Individual,Individual,ZAR,ZAR,1,1107551.23,3.96,1107551.23,OK,55377.56,41514.48,13863.08,33,OK,Female,3.9,OK
BMW-5271,11-09-2032,CORRUPTED,2024,9,Q3,China,China,Beijing Luxury Motors,BMW X3,SUV,Diesel,corporate fleet,Corporate Fleet,CNY,CNY,3,363061.26,7.97,1089183.78,OK,137871.36,107864.08,30007.28,34,OK,Prefer not to say,3.9,OK
BMW-4417,30-08-2032,CORRUPTED,2023,11,Q4,South Africa,South Africa,Johannesburg Motors,BMW X3,SUV,Petrol,Individual,Individual,ZAR,ZAR,1,1060689.28,3.55,1060689.28,OK,53034.46,39591.56,13442.9,70,OK,Male,3.9,OK
BMW-3916,23-08-2032,CORRUPTED,2023,5,Q2,South Africa,South Africa,Cape Town BMW,BMW 5 Series,Sedan,Hybrid,Individual,Individual,ZAR,ZAR,1,1042276.98,5.78,1042276.98,OK,52113.85,39823.66,12290.19,60,OK,Prefer not to say,3.9,OK
BMW-3354,16-08-2032,CORRUPTED,2022,10,Q4,UAE,UAE,Abu Dhabi Motors,BMW 2 Series,Coupe,Diesel,Corporate Fleet,Corporate Fleet,AED,AED,7,146108.17,4.16,1022757.17,OK,255689.29,192079.13,63610.16,66,OK,Female,3.9,OK
BMW-5002,31-07-2032,CORRUPTED,2024,6,Q2,China,China,Shenzhen Auto,BMW 3 Series,Sedan,Hybrid,Corporate Fleet,Corporate Fleet,CNY,CNY,3,332153.12,4.62,996459.35,OK,126134.09,95216.77,30917.33,33,OK,Prefer not to say,3.9,OK
BMW-2485,14-07-2032,CORRUPTED,2021,10,Q4,China,China,Beijing Luxury Motors,BMW 5 Series,Sedan,Hybrid,Lease,Lease,CNY,CNY,2,484623.91,4,969247.82,OK,122689.6,92021.95,30667.65,69,OK,Female,3.9,OK
BMW-4150,18-06-2032,CORRUPTED,2023,8,Q3,China,China,Shenzhen Auto,BMW i7,Electric,Electric,Individual,Individual,CNY,CNY,1,939512.77,1.4,939512.77,OK,118925.67,86843.85,32081.81,41,OK,Female,3.9,OK
BMW-2765,30-05-2032,CORRUPTED,2022,2,Q1,China,China,Guangzhou BMW,BMW M5,M Sport,Diesel,individual,Individual,CNY,CNY,1,914389.34,0.9,914389.34,OK,115745.49,84095.9,31649.58,40,OK,Female,3.9,OK
BMW-1033,26-04-2032,CORRUPTED,2020,1,Q1,China,China,Shanghai BMW,BMW 2 Series,Coupe,Petrol,Government,Government,CNY,CNY,3,288663.07,3.42,865989.22,OK,109618.89,81717.78,27901.1,56,OK,Female,3.9,OK
BMW-1740,21-04-2032,CORRUPTED,2020,11,Q4,UAE,UAE,Abu Dhabi Motors,BMW X5,SUV,Diesel,Corporate Fleet,Corporate Fleet,AED,AED,3,287250.29,6.17,861750.88,OK,215437.72,165320.41,50117.31,58,OK,Male,3.9,OK
BMW-1109,08-04-2032,CORRUPTED,2020,2,Q1,China,China,Shanghai BMW,BMW X3,SUV,Hybrid,Corporate Fleet,Corporate Fleet,CNY,CNY,2,421870.73,0.09,843741.45,OK,106802.72,76964.68,29838.03,38,OK,Prefer not to say,3.9,OK
BMW-2147,05-04-2032,CORRUPTED,2021,5,Q2,UAE,UAE,Dubai BMW,BMW 2 Series,Coupe,Petrol,Lease,Lease,AED,AED,5,167934.66,1.16,839673.3,OK,209918.32,152919.05,56999.27,50,OK,Prefer not to say,3.9,OK
BMW-2275,18-03-2032,CORRUPTED,2021,7,Q3,UAE,UAE,Dubai BMW,BMW X3,SUV,Hybrid,Corporate Fleet,Corporate Fleet,AED,AED,4,202501.5,2.4,810006.01,OK,202501.5,149385.1,53116.4,51,OK,Prefer not to say,3.9,OK
BMW-4998,29-02-2032,CORRUPTED,2024,6,Q2,China,China,Shanghai BMW,BMW 7 Series,Sedan,Diesel,Individual,Individual,CNY,CNY,1,795838.29,7.67,795838.29,OK,100739.02,78560.47,22178.55,57,OK,Female,3.9,OK
BMW-3055,27-02-2032,CORRUPTED,2022,6,Q2,China,China,Guangzhou BMW,BMW X7,SUV,Diesel,Individual,Individual,CNY,CNY,1,794534.17,3.52,794534.17,OK,100573.95,75052.12,25521.83,67,OK,Prefer not to say,3.9,OK
BMW-2507,25-01-2032,CORRUPTED,2021,10,Q4,South Africa,South Africa,Johannesburg Motors,BMW 3 Series,Sedan,Hybrid,individual,Individual,ZAR,ZAR,1,760248.2,7.28,760248.2,OK,38012.41,29516.72,8495.69,54,OK,Male,3.9,OK
BMW-4412,11-01-2032,CORRUPTED,2023,11,Q4,Australia,Australia,Melbourne Auto Group,BMW X5,SUV,Diesel,Lease,Lease,AUD,AUD,7,106864.27,5.51,748049.87,OK,453363.56,345468.32,107895.24,51,OK,Female,3.9,OK
BMW-5197,08-12-2031,CORRUPTED,2024,8,Q3,South Africa,South Africa,Johannesburg Motors,BMW 2 Series,Coupe,Diesel,Individual,Individual,ZAR,ZAR,1,721464.45,7.72,721464.45,OK,36073.22,28145.13,7928.1,64,OK,Prefer not to say,3.9,OK
BMW-5348,07-12-2031,CORRUPTED,2024,10,Q4,China,China,Guangzhou BMW,BMW iX,Electric,Electric,Individual,Individual,CNY,CNY,1,720977.63,2.53,720977.63,OK,91262.99,67415.35,23847.64,61,OK,Female,3.9,OK
BMW-4683,28-10-2031,CORRUPTED,2024,2,Q1,Australia,Australia,Sydney BMW,BMW 7 Series,Sedan,Petrol,Corporate Fleet,Corporate Fleet,AUD,AUD,4,173295.12,1.96,693180.48,OK,420109.38,308521.1,111588.28,47,OK,Male,3.9,OK
BMW-4807,09-09-2031,CORRUPTED,2024,4,Q2,China,China,Shanghai BMW,BMW M3,M Sport,Hybrid,Individual,Individual,CNY,CNY,1,657408.91,1.36,657408.91,OK,83216.32,60742.36,22473.95,33,OK,Female,3.9,OK
BMW-5409,30-08-2031,CORRUPTED,2024,11,Q4,USA,USA,Beverly Hills BMW,BMW X5,SUV,Petrol,Lease,Lease,USD,USD,8,81616.59,3.42,652932.76,OK,599020.88,446558.3,152462.58,36,OK,Female,3.9,OK
BMW-1653,12-08-2031,CORRUPTED,2020,10,Q4,China,China,Guangzhou BMW,BMW X5,SUV,Hybrid,Corporate Fleet,Corporate Fleet,CNY,CNY,1,640043.57,1.19,640043.57,OK,81018.17,59035.83,21982.35,67,OK,Female,3.9,OK
BMW-5273,02-07-2031,CORRUPTED,2024,9,Q3,China,China,Shenzhen Auto,BMW X5,SUV,Hybrid,individual,Individual,CNY,CNY,1,614470.85,4.79,614470.85,OK,77781.12,58822.6,18958.52,56,OK,Female,3.9,OK
BMW-2766,22-06-2031,CORRUPTED,2022,2,Q1,China,China,Guangzhou BMW,BMW X5,SUV,Hybrid,individual,Individual,CNY,CNY,1,606799.32,5.09,606799.32,OK,76810.04,58268.42,18541.62,30,OK,Male,3.9,OK
BMW-1827,11-06-2031,CORRUPTED,2020,12,Q4,Australia,Australia,Sydney BMW,BMW X5,SUV,Petrol,Lease,Lease,AUD,AUD,5,120588.53,6.3,602942.65,OK,365419.79,280789.44,84630.34,25,OK,Male,3.9,OK
BMW-1594,03-06-2031,CORRUPTED,2020,9,Q3,Australia,Australia,Sydney BMW,BMW 5 Series,Sedan,Diesel,corporate fleet,Corporate Fleet,AUD,AUD,6,99881.83,0.83,599290.96,OK,363206.64,263707.57,99499.07,33,OK,Prefer not to say,3.9,OK
BMW-1807,24-04-2031,CORRUPTED,2020,12,Q4,China,China,Guangzhou BMW,BMW X5,SUV,Hybrid,Individual,Individual,CNY,CNY,1,578147.72,4.99,578147.72,OK,73183.26,55458.89,17724.36,36,OK,Prefer not to say,3.9,OK
BMW-2412,17-04-2031,CORRUPTED,2021,9,Q3,China,China,Shenzhen Auto,BMW X5,SUV,Diesel,Individual,Individual,CNY,CNY,1,573753.97,3.16,573753.97,OK,72627.08,53995.51,18631.57,53,OK,Male,3.9,OK
BMW-1723,14-04-2031,CORRUPTED,2020,11,Q4,China,China,Shenzhen Auto,BMW X5,SUV,Petrol,Individual,Individual,CNY,CNY,1,572964.4,6.25,572964.4,OK,72527.14,55701.18,16825.95,33,OK,Female,3.9,OK
BMW-2888,08-04-2031,CORRUPTED,2022,4,Q2,UK,UK,Manchester Prestige,BMW i7,Electric,Electric,Corporate Fleet,Corporate Fleet,GBP,GBP,6,94683.75,4.35,568102.51,OK,660584.32,497256.45,163327.86,56,OK,Prefer not to say,3.9,OK
BMW-3639,07-04-2031,CORRUPTED,2023,2,Q1,China,China,Shanghai BMW,BMW X5,SUV,Hybrid,Individual,Individual,CNY,CNY,1,568007.62,0.3,568007.62,OK,71899.7,51924.58,19975.11,48,OK,Female,3.9,OK
BMW-1882,27-03-2031,CORRUPTED,2021,1,Q1,China,China,Shanghai BMW,BMW X5,SUV,Diesel,Corporate Fleet,Corporate Fleet,CNY,CNY,1,564931.41,1.93,564931.41,OK,71510.31,52501.76,19008.55,56,OK,Male,3.9,OK
BMW-3649,08-03-2031,CORRUPTED,2023,2,Q1,China,China,Guangzhou BMW,BMW i4,Electric,Electric,individual,Individual,CNY,CNY,1,555307.45,3.06,555307.45,OK,70292.08,52209.26,18082.83,50,OK,Female,3.9,OK
BMW-1321,23-01-2031,CORRUPTED,2020,5,Q2,Australia,Australia,Sydney BMW,BMW X5,SUV,Petrol,Lease,Lease,AUD,AUD,5,105261.74,7.37,526308.69,OK,318974.97,247926.16,71048.81,68,OK,Prefer not to say,3.9,OK
BMW-4067,20-01-2031,CORRUPTED,2023,7,Q3,China,China,Guangzhou BMW,BMW X5,SUV,Hybrid,Individual,Individual,CNY,CNY,1,525799.85,7.24,525799.85,OK,66556.94,51663.46,14893.49,41,OK,Prefer not to say,3.9,OK
BMW-3374,19-12-2030,CORRUPTED,2022,11,Q4,Germany,Germany,BMW Munich HQ,BMW i4,Electric,Electric,corporate fleet,Corporate Fleet,EUR,EUR,8,63752.62,1.16,510020.92,OK,510020.92,371533.35,138487.57,32,OK,Female,3.9,OK
BMW-4116,18-12-2030,CORRUPTED,2023,8,Q3,USA,USA,New York BMW,BMW i4,Electric,Electric,Corporate Fleet,Corporate Fleet,USD,USD,7,72858.49,7.51,510009.45,OK,467898.58,364232.44,103666.14,52,OK,Female,3.9,OK
BMW-2561,07-11-2030,CORRUPTED,2021,11,Q4,China,China,Shenzhen Auto,BMW 5 Series,Sedan,Diesel,individual,Individual,CNY,CNY,1,492981.02,5.33,492981.02,OK,62402.66,47458.29,14944.37,25,OK,Prefer not to say,3.9,OK
BMW-3053,24-10-2030,CORRUPTED,2022,6,Q2,China,China,Shenzhen Auto,BMW i4,Electric,Electric,Individual,Individual,CNY,CNY,1,485705.8,3.65,485705.8,OK,61481.75,45941.56,15540.19,69,OK,Male,3.9,OK
BMW-1938,13-09-2030,CORRUPTED,2021,2,Q1,China,China,Guangzhou BMW,BMW 5 Series,Sedan,Diesel,Individual,Individual,CNY,CNY,1,471727.62,7.92,471727.62,OK,59712.36,46688.58,13023.77,54,OK,Prefer not to say,3.9,OK
BMW-2255,24-07-2030,CORRUPTED,2021,7,Q3,China,China,Beijing Luxury Motors,BMW 5 Series,Sedan,Hybrid,Individual,Individual,CNY,CNY,1,450747.25,2.56,450747.25,OK,57056.61,42161.45,14895.17,60,OK,Female,3.9,OK
BMW-4081,24-06-2030,CORRUPTED,2023,7,Q3,UAE,UAE,Abu Dhabi Motors,BMW i7,Electric,Electric,Individual,Individual,AED,AED,1,439499.27,5.68,439499.27,OK,109874.82,83874.94,25999.88,41,OK,Prefer not to say,3.9,OK
BMW-4532,07-06-2030,CORRUPTED,2024,1,Q1,USA,USA,Beverly Hills BMW,BMW 5 Series,Sedan,Petrol,Corporate Fleet,Corporate Fleet,USD,USD,7,62254.46,6.75,435781.24,OK,399799.3,308684.03,91115.28,28,OK,Prefer not to say,3.9,OK
BMW-3489,03-06-2030,CORRUPTED,2022,12,Q4,China,China,Shanghai BMW,BMW 5 Series,Sedan,Diesel,individual,Individual,CNY,CNY,1,435194.81,2.33,435194.81,OK,55087.95,40609.44,14478.51,66,OK,Female,3.9,OK
BMW-3105,24-05-2030,CORRUPTED,2022,7,Q3,USA,USA,Dallas BMW,BMW i7,Electric,Electric,lease,Lease,USD,USD,3,143892.73,0.79,431678.19,OK,396035.04,287420.88,108614.16,31,OK,Male,3.9,OK
BMW-1389,09-05-2030,CORRUPTED,2020,6,Q2,China,China,Beijing Luxury Motors,BMW 5 Series,Sedan,Diesel,individual,Individual,CNY,CNY,1,426865.26,4.36,426865.26,OK,54033.58,40675.99,13357.59,39,OK,Female,3.9,OK
BMW-4236,01-05-2030,CORRUPTED,2023,9,Q3,China,China,Shanghai BMW,BMW 5 Series,Sedan,Diesel,individual,Individual,CNY,CNY,1,425030.27,6.32,425030.27,OK,53801.3,41350.54,12450.76,28,OK,Male,3.9,OK
BMW-1189,20-02-2030,CORRUPTED,2020,3,Q1,UAE,UAE,Abu Dhabi Motors,BMW M5,M Sport,Diesel,individual,Individual,AED,AED,1,407759.73,7.92,407759.73,OK,101939.93,79709.49,22230.44,39,OK,Female,3.9,OK
BMW-2772,23-01-2030,CORRUPTED,2022,2,Q1,China,China,Shenzhen Auto,BMW X3,SUV,Petrol,Individual,Individual,CNY,CNY,1,401960.14,3.19,401960.14,OK,50881.03,37840.64,13040.39,33,OK,Male,3.9,OK
BMW-4747,15-01-2030,CORRUPTED,2024,3,Q1,China,China,Beijing Luxury Motors,BMW X3,SUV,Petrol,Individual,Individual,CNY,CNY,1,400684.79,6.63,400684.79,OK,50719.59,39112.98,11606.62,32,OK,Male,3.9,OK
BMW-1789,03-01-2030,CORRUPTED,2020,12,Q4,USA,USA,Beverly Hills BMW,BMW M3,M Sport,Hybrid,Corporate Fleet,Corporate Fleet,USD,USD,4,99116.07,1.26,396464.29,OK,363728.71,265221.65,98507.06,40,OK,Prefer not to say,3.9,OK
BMW-5068,11-12-2029,CORRUPTED,2024,7,Q3,UK,UK,Edinburgh Motors,BMW i4,Electric,Electric,Corporate Fleet,Corporate Fleet,GBP,GBP,7,55860.96,3.12,391026.71,OK,454682.22,337915.18,116767.03,35,OK,Prefer not to say,3.9,OK
BMW-3591,05-12-2029,CORRUPTED,2023,1,Q1,UAE,UAE,Dubai BMW,BMW iX,Electric,Electric,lease,Lease,AED,AED,1,388488.77,1.4,388488.77,OK,97122.19,70918.48,26203.72,36,OK,Male,3.9,OK
BMW-1019,04-11-2029,CORRUPTED,2020,1,Q1,USA,USA,Dallas BMW,BMW i4,Electric,Electric,Corporate Fleet,Corporate Fleet,USD,USD,6,62966.49,7.9,377798.93,OK,346604.53,270946.76,75657.76,35,OK,Prefer not to say,3.9,OK
BMW-4407,20-10-2029,CORRUPTED,2023,11,Q4,UAE,UAE,Abu Dhabi Motors,BMW M3,M Sport,Diesel,Individual,Individual,AED,AED,1,373400.68,0.05,373400.68,OK,93350.17,67245.09,26105.08,30,OK,Female,3.9,OK
BMW-4166,28-09-2029,CORRUPTED,2023,8,Q3,UAE,UAE,Abu Dhabi Motors,BMW iX,Electric,Electric,Individual,Individual,AED,AED,1,367154.01,4.08,367154.01,OK,91788.5,68898.07,22890.43,39,OK,Prefer not to say,3.9,OK
BMW-4748,22-09-2029,CORRUPTED,2024,3,Q1,China,China,Guangzhou BMW,BMW 3 Series,Sedan,Diesel,Individual,Individual,CNY,CNY,1,366052.48,1.68,366052.48,OK,46335.76,33930.22,12405.54,61,OK,Male,3.9,OK
BMW-1987,28-08-2029,CORRUPTED,2021,3,Q1,USA,USA,Beverly Hills BMW,BMW X5,SUV,Petrol,Corporate Fleet,Corporate Fleet,USD,USD,5,71943.72,5.88,359718.6,OK,330017.07,252455.15,77561.91,65,OK,Prefer not to say,3.9,OK
BMW-4993,01-08-2029,CORRUPTED,2024,6,Q2,China,China,Beijing Luxury Motors,BMW 3 Series,Sedan,Petrol,individual,Individual,CNY,CNY,1,353749.59,6.11,353749.59,OK,44778.43,34338.13,10440.3,67,OK,Female,3.9,OK
BMW-2015,26-07-2029,CORRUPTED,2021,3,Q1,UAE,UAE,Abu Dhabi Motors,BMW 7 Series,Sedan,Petrol,Individual,Individual,AED,AED,1,351972.73,3.35,351972.73,OK,87993.18,65553.4,22439.78,55,OK,Prefer not to say,3.9,OK
BMW-1149,22-07-2029,CORRUPTED,2020,3,Q1,USA,USA,New York BMW,BMW iX,Electric,Electric,Corporate Fleet,Corporate Fleet,USD,USD,4,87829.9,2.8,351319.62,OK,322311.58,238760.86,83550.71,37,OK,Prefer not to say,3.9,OK
BMW-5523,15-07-2029,CORRUPTED,2024,12,Q4,UK,UK,London BMW Centre,BMW X3,SUV,Hybrid,Government,Government,GBP,GBP,8,43714.87,1.7,349718.94,OK,406649.93,297861.75,108788.18,54,OK,Male,3.9,OK
BMW-4169,30-06-2029,CORRUPTED,2023,8,Q3,Australia,Australia,Sydney BMW,BMW 7 Series,Sedan,Diesel,Government,Government,AUD,AUD,2,173152.32,3.23,346304.64,OK,209881.6,156165.94,53715.66,35,OK,Male,3.9,OK
BMW-1445,28-06-2029,CORRUPTED,2020,7,Q3,China,China,Shenzhen Auto,BMW 3 Series,Sedan,Petrol,Individual,Individual,CNY,CNY,1,345789.09,0.55,345789.09,OK,43770.77,31687.77,12083,27,OK,Prefer not to say,3.9,OK
BMW-1481,21-06-2029,CORRUPTED,2020,8,Q3,USA,USA,New York BMW,BMW 3 Series,Sedan,Petrol,corporate fleet,Corporate Fleet,USD,USD,8,43086.91,7.1,344695.31,OK,316234.23,245077.9,71156.33,46,OK,Prefer not to say,3.9,OK
BMW-3822,16-05-2029,CORRUPTED,2023,4,Q2,China,China,Shanghai BMW,BMW 3 Series,Sedan,Diesel,Individual,Individual,CNY,CNY,1,337006.62,4.64,337006.62,OK,42659.07,32207.98,10451.09,61,OK,Male,3.9,OK
BMW-3545,13-05-2029,CORRUPTED,2023,1,Q1,USA,USA,New York BMW,BMW X3,SUV,Petrol,Corporate Fleet,Corporate Fleet,USD,USD,6,56093.77,4.42,336562.6,OK,308773.02,232588,76185.02,69,OK,Female,3.9,OK
BMW-5138,05-05-2029,CORRUPTED,2024,8,Q3,USA,USA,New York BMW,BMW 5 Series,Sedan,Petrol,Corporate Fleet,Corporate Fleet,USD,USD,5,67006.47,2.13,335032.35,OK,307369.13,226132.41,81236.72,68,OK,Female,3.9,OK
BMW-5010,03-05-2029,CORRUPTED,2024,6,Q2,UAE,UAE,Abu Dhabi Motors,BMW iX,Electric,Electric,individual,Individual,AED,AED,1,334391.44,6.02,334391.44,OK,83597.86,64045,19552.86,70,OK,Male,3.9,OK
BMW-4345,24-04-2029,CORRUPTED,2023,11,Q4,Germany,Germany,BMW Munich HQ,BMW 5 Series,Sedan,Petrol,Government,Government,EUR,EUR,6,55437.21,2.98,332623.29,OK,332623.29,246832.45,85790.84,27,OK,Male,3.9,OK
BMW-5106,12-04-2029,CORRUPTED,2024,7,Q3,UAE,UAE,Dubai BMW,BMW M3,M Sport,Diesel,Individual,Individual,AED,AED,1,327070.5,3.72,327070.5,OK,81767.63,61145.96,20621.67,68,OK,Male,3.9,OK
BMW-4917,11-04-2029,CORRUPTED,2024,5,Q2,China,China,Guangzhou BMW,BMW 3 Series,Sedan,Hybrid,individual,Individual,CNY,CNY,1,326972.41,5.89,326972.41,OK,41388.91,31664.56,9724.35,38,OK,Prefer not to say,3.9,OK
BMW-4239,19-03-2029,CORRUPTED,2023,9,Q3,China,China,Shanghai BMW,BMW 3 Series,Sedan,Hybrid,Individual,Individual,CNY,CNY,1,322077.55,4,322077.55,OK,40769.31,30578.24,10191.07,59,OK,Prefer not to say,3.9,OK
BMW-2278,12-03-2029,CORRUPTED,2021,7,Q3,UAE,UAE,Abu Dhabi Motors,BMW M3,M Sport,Hybrid,individual,Individual,AED,AED,1,320431.74,6.41,320431.74,OK,80107.94,61626.43,18481.5,37,OK,Female,3.9,OK
BMW-2874,20-02-2029,CORRUPTED,2022,4,Q2,USA,USA,Beverly Hills BMW,BMW 2 Series,Coupe,Hybrid,Corporate Fleet,Corporate Fleet,USD,USD,7,45282.14,3.03,316974.99,OK,290802.75,215913.2,74889.55,58,OK,Female,3.9,OK
BMW-1154,17-02-2029,CORRUPTED,2020,3,Q1,USA,USA,New York BMW,BMW 2 Series,Coupe,Petrol,Corporate Fleet,Corporate Fleet,USD,USD,7,45173.52,3.94,316214.61,OK,290105.15,217436.01,72669.14,60,OK,Female,3.9,OK
BMW-5351,25-12-2028,CORRUPTED,2024,10,Q4,China,China,Guangzhou BMW,BMW 2 Series,Coupe,Diesel,Individual,Individual,CNY,CNY,1,301407.98,5.21,301407.98,OK,38152.91,28980.5,9172.41,51,OK,Male,3.9,OK
BMW-3235,24-12-2028,CORRUPTED,2022,9,Q3,Germany,Germany,Stuttgart Motors,BMW X5,SUV,Diesel,Lease,Lease,EUR,EUR,4,75318.19,5.44,301272.77,OK,301272.77,229396.41,71876.37,37,OK,Female,3.9,OK
BMW-4394,23-11-2028,CORRUPTED,2023,11,Q4,China,China,Shanghai BMW,BMW 2 Series,Coupe,Diesel,Individual,Individual,CNY,CNY,1,293609.82,6.97,293609.82,OK,37165.8,28763.36,8402.45,43,OK,Male,3.9,OK
BMW-5004,11-11-2028,CORRUPTED,2024,6,Q2,China,China,Beijing Luxury Motors,BMW 2 Series,Coupe,Petrol,Individual,Individual,CNY,CNY,1,289675.3,7.64,289675.3,OK,36667.76,28583.71,8084.05,58,OK,Prefer not to say,3.9,OK
BMW-2554,06-11-2028,CORRUPTED,2021,11,Q4,China,China,Shenzhen Auto,BMW 2 Series,Coupe,Hybrid,Individual,Individual,CNY,CNY,1,288403.44,6.16,288403.44,OK,36506.76,28009.66,8497.1,70,OK,Female,3.9,OK
BMW-3327,02-11-2028,CORRUPTED,2022,10,Q4,UK,UK,Manchester Prestige,BMW X3,SUV,Hybrid,Corporate Fleet,Corporate Fleet,GBP,GBP,7,41082.44,4.59,287577.09,OK,334391.96,252356.34,82035.62,45,OK,Prefer not to say,3.9,OK
BMW-3237,01-10-2028,CORRUPTED,2022,9,Q3,Germany,Germany,AutohaUSA Berlin,BMW X3,SUV,Petrol,Corporate Fleet,Corporate Fleet,EUR,EUR,5,55094.46,4.33,275472.28,OK,275472.28,207318.34,68153.94,68,OK,Prefer not to say,3.9,OK
BMW-1290,04-09-2028,CORRUPTED,2020,5,Q2,USA,USA,Miami Auto Group,BMW 5 Series,Sedan,Hybrid,Corporate Fleet,Corporate Fleet,USD,USD,4,66900.36,0.73,267601.44,OK,245505.91,178067.52,67438.39,70,OK,Female,3.9,OK
BMW-3941,03-09-2028,CORRUPTED,2023,6,Q2,USA,USA,Dallas BMW,BMW 2 Series,Coupe,Hybrid,corporate fleet,Corporate Fleet,USD,USD,7,38218.71,5.68,267530.95,OK,245441.24,187365.89,58075.35,40,OK,Prefer not to say,3.9,OK
BMW-5190,28-08-2028,CORRUPTED,2024,8,Q3,UAE,UAE,Abu Dhabi Motors,BMW i4,Electric,Electric,Individual,Individual,AED,AED,1,265360.86,7.59,265360.86,OK,66340.21,51685.82,14654.4,44,OK,Male,3.9,OK
BMW-3551,23-08-2028,CORRUPTED,2023,1,Q1,UK,UK,Edinburgh Motors,BMW X5,SUV,Diesel,Lease,Lease,GBP,GBP,4,65832.37,3.7,263329.49,OK,306197.08,228929.13,77267.94,37,OK,Prefer not to say,3.9,OK
BMW-1406,09-07-2028,CORRUPTED,2020,7,Q3,Germany,Germany,BMW Munich HQ,BMW i4,Electric,Electric,corporate fleet,Corporate Fleet,EUR,EUR,4,62585.44,6.72,250341.76,OK,250341.76,193228.91,57112.85,62,OK,Prefer not to say,3.9,OK
BMW-2718,06-07-2028,CORRUPTED,2022,1,Q1,UAE,UAE,Dubai BMW,BMW 5 Series,Sedan,Petrol,Individual,Individual,AED,AED,1,249594.98,2.18,249594.98,OK,62398.74,45927.64,16471.1,62,OK,Female,3.9,OK
BMW-1499,05-07-2028,CORRUPTED,2020,8,Q3,UK,UK,Edinburgh Motors,BMW X3,SUV,Hybrid,Corporate Fleet,Corporate Fleet,GBP,GBP,5,49880.87,2.95,249404.33,OK,290005.04,215142.76,74862.28,43,OK,Female,3.9,OK
BMW-3351,23-05-2028,CORRUPTED,2022,10,Q4,UAE,UAE,Dubai BMW,BMW i4,Electric,Electric,Individual,Individual,AED,AED,1,236103.52,4.52,236103.52,OK,59025.88,44509.83,14516.05,46,OK,Female,3.9,OK
BMW-2873,19-04-2028,CORRUPTED,2022,4,Q2,USA,USA,Beverly Hills BMW,BMW X5,SUV,Diesel,Lease,Lease,USD,USD,3,75323.17,3.86,225969.52,OK,207311.49,155263.84,52047.65,54,OK,Prefer not to say,3.9,OK
BMW-2274,13-04-2028,CORRUPTED,2021,7,Q3,UAE,UAE,Dubai BMW,BMW X3,SUV,Petrol,individual,Individual,AED,AED,1,224402.11,3.06,224402.11,OK,56100.53,41666.11,14434.42,65,OK,Prefer not to say,3.9,OK
BMW-2302,09-04-2028,CORRUPTED,2021,8,Q3,Germany,Germany,BMW Munich HQ,BMW 5 Series,Sedan,Hybrid,Lease,Lease,EUR,EUR,4,55951.49,3.57,223805.98,OK,223805.98,167112.59,56693.38,68,OK,Prefer not to say,3.9,OK
BMW-3858,04-04-2028,CORRUPTED,2023,5,Q2,USA,USA,Miami Auto Group,BMW 3 Series,Sedan,Diesel,Lease,Lease,USD,USD,5,44366.85,1.73,221834.26,OK,203517.67,149108.58,54409.09,37,OK,Male,3.9,OK
BMW-4475,08-03-2028,CORRUPTED,2023,12,Q4,UK,UK,Edinburgh Motors,BMW M3,M Sport,Diesel,corporate fleet,Corporate Fleet,gbp,GBP,3,71675.76,0.29,215027.29,OK,250031.73,180551.06,69480.67,64,OK,Prefer not to say,3.9,OK
BMW-4869,07-03-2028,CORRUPTED,2024,5,Q2,Germany,Germany,BMW Munich HQ,BMW 3 Series,Sedan,Hybrid,Lease,Lease,EUR,EUR,5,42992.74,6.45,214963.68,OK,214963.68,165440.18,49523.5,42,OK,Male,3.9,OK
BMW-1559,30-01-2028,CORRUPTED,2020,9,Q3,USA,USA,Dallas BMW,BMW 7 Series,Sedan,Diesel,Corporate Fleet,Corporate Fleet,USD,USD,2,103005.21,5.75,206010.42,OK,189000.38,144389.65,44610.73,64,OK,Male,3.9,OK
BMW-5113,08-01-2028,CORRUPTED,2024,7,Q3,Australia,Australia,Melbourne Auto Group,BMW i7,Electric,Electric,Corporate Fleet,Corporate Fleet,AUD,AUD,1,201213.55,3.03,201213.55,OK,121947.61,90545.37,31402.23,61,OK,Female,3.9,OK
BMW-3018,04-01-2028,CORRUPTED,2022,6,Q2,Germany,Germany,BMW Munich HQ,BMW X5,SUV,Diesel,Lease,Lease,EUR,EUR,3,66860.35,2.93,200581.06,OK,200581.06,148783.7,51797.36,68,OK,Female,3.9,OK
BMW-1424,22-12-2027,CORRUPTED,2020,7,Q3,USA,USA,New York BMW,BMW iX,Electric,Electric,Corporate Fleet,Corporate Fleet,USD,USD,2,98060.83,4.46,196121.66,OK,179928.13,135599.04,44329.08,61,OK,Male,3.9,OK
BMW-4413,09-12-2027,CORRUPTED,2023,11,Q4,Australia,Australia,Melbourne Auto Group,BMW 5 Series,Sedan,Diesel,corporate fleet,Corporate Fleet,AUD,AUD,2,96552.29,5.1,193104.59,OK,117033.08,88790.76,28242.32,67,OK,Female,3.9,OK
BMW-5370,19-11-2027,CORRUPTED,2024,10,Q4,UAE,UAE,Dubai BMW,BMW 3 Series,Sedan,Petrol,Individual,Individual,AED,AED,1,186978.39,4.65,186978.39,OK,46744.6,35297.14,11447.46,55,OK,Male,3.9,OK
BMW-5074,08-11-2027,CORRUPTED,2024,7,Q3,UK,UK,Edinburgh Motors,BMW X3,SUV,Hybrid,Corporate Fleet,Corporate Fleet,GBP,GBP,4,45907.44,7.15,183629.75,OK,213522.97,165578.42,47944.55,69,OK,Female,3.9,OK
BMW-2971,06-11-2027,CORRUPTED,2022,5,Q2,UK,UK,London BMW Centre,BMW X5,SUV,Hybrid,Government,Government,Gbp,GBP,3,60907.61,7.91,182722.83,OK,212468.41,166123.85,46344.56,57,OK,Male,3.9,OK
BMW-2448,03-11-2027,CORRUPTED,2021,10,Q4,Germany,Germany,Hamburg Drive,BMW 3 Series,Sedan,Diesel,Lease,Lease,EUR,EUR,4,45569.73,5.01,182278.92,OK,182278.92,138160.51,44118.42,53,OK,Male,3.9,OK
BMW-4727,15-10-2027,CORRUPTED,2024,3,Q1,UK,UK,Manchester Prestige,BMW X3,SUV,Diesel,Corporate Fleet,Corporate Fleet,GBP,GBP,4,43125.81,0.56,172503.22,OK,200585.14,145229.85,55355.3,62,OK,Prefer not to say,3.9,OK
BMW-2754,29-09-2027,CORRUPTED,2022,2,Q1,USA,USA,Beverly Hills BMW,BMW X3,SUV,Hybrid,corporate fleet,Corporate Fleet,USD,USD,3,55895.22,4.77,167685.67,OK,153840.07,116311.16,37528.91,62,OK,Female,3.9,OK
BMW-5031,26-09-2027,CORRUPTED,2024,7,Q3,Germany,Germany,BMW Munich HQ,BMW iX,Electric,Electric,Lease,Lease,EUR,EUR,2,82595.72,1.09,165191.45,OK,165191.45,120249.87,44941.58,65,OK,Female,3.9,OK
BMW-2383,12-09-2027,CORRUPTED,2021,9,Q3,USA,USA,Miami Auto Group,BMW 3 Series,Sedan,Hybrid,Corporate Fleet,Corporate Fleet,USD,USD,3,53532.07,0.4,160596.2,OK,147335.96,106509.43,40826.54,38,OK,Male,3.9,OK
BMW-1919,22-08-2027,CORRUPTED,2021,2,Q1,USA,USA,Beverly Hills BMW,BMW i4,Electric,Electric,Lease,Lease,USD,USD,2,78607.01,1.57,157214.02,OK,144233.04,105507.67,38725.38,63,OK,Prefer not to say,3.9,OK
BMW-2350,18-08-2027,CORRUPTED,2021,8,Q3,UAE,UAE,Abu Dhabi Motors,BMW 2 Series,Coupe,Diesel,Individual,Individual,AED,AED,1,156766.31,1.18,156766.31,OK,39191.58,28555.94,10635.63,61,OK,Prefer not to say,3.9,OK
BMW-1531,01-08-2027,CORRUPTED,2020,8,Q3,Australia,Australia,Melbourne Auto Group,BMW 7 Series,Sedan,Hybrid,Individual,Individual,AUD,AUD,1,150884.42,1.8,150884.42,OK,91445.1,67049.06,24396.05,64,OK,Female,3.9,OK
BMW-5308,27-07-2027,CORRUPTED,2024,10,Q4,Germany,Germany,BMW Munich HQ,BMW X3,SUV,Petrol,lease,Lease,EUR,EUR,3,50020.5,4.93,150061.51,OK,150061.51,113652.72,36408.79,35,OK,Prefer not to say,3.9,OK
BMW-1637,14-07-2027,CORRUPTED,2020,10,Q4,UK,UK,Manchester Prestige,BMW 3 Series,Sedan,Petrol,Lease,Lease,GBP,GBP,4,36971.99,6.61,147887.98,OK,171962.76,132581.69,39381.07,65,OK,Male,3.9,OK
BMW-3192,11-07-2027,CORRUPTED,2022,8,Q3,UK,UK,Edinburgh Motors,BMW 3 Series,Sedan,Petrol,Corporate Fleet,Corporate Fleet,GBP,GBP,4,36892.05,4.14,147568.21,OK,171590.95,128877.08,42713.86,70,OK,Female,3.9,OK
BMW-2378,15-06-2027,CORRUPTED,2021,9,Q3,Germany,Germany,Stuttgart Motors,BMW 3 Series,Sedan,Diesel,Corporate Fleet,Corporate Fleet,EUR,EUR,3,47051.2,2.44,141153.59,OK,141153.59,104171.57,36982.03,56,OK,Prefer not to say,3.9,OK
BMW-4942,03-06-2027,CORRUPTED,2024,5,Q2,Australia,Australia,Melbourne Auto Group,BMW 2 Series,Coupe,Hybrid,Corporate Fleet,Corporate Fleet,AUD,AUD,2,68706.43,0.8,137412.85,OK,83280.52,60445.23,22835.29,56,OK,Female,3.9,OK
BMW-3464,29-05-2027,CORRUPTED,2022,12,Q4,USA,USA,New York BMW,BMW i7,Electric,Electric,Individual,Individual,USD,USD,1,136446.98,7.3,136446.98,OK,125180.72,97227.62,27953.1,28,OK,Male,3.9,OK
BMW-1540,26-05-2027,CORRUPTED,2020,9,Q3,Germany,Germany,AutohaUSA Berlin,BMW i4,Electric,Electric,Lease,Lease,EUR,EUR,2,68013.65,7.04,136027.3,OK,136027.3,105352.98,30674.32,47,OK,Male,3.9,OK
BMW-4284,04-05-2027,CORRUPTED,2023,10,Q4,USA,USA,Dallas BMW,BMW 3 Series,Sedan,Diesel,Lease,Lease,USD,USD,3,44104.35,4.13,132313.05,OK,121388.12,91165.22,30222.89,45,OK,Male,3.9,OK
BMW-1562,30-04-2027,CORRUPTED,2020,9,Q3,USA,USA,Chicago Motors,BMW i7,Electric,Electric,Individual,Individual,USD,USD,1,130542.95,5.68,130542.95,OK,119764.17,91424.92,28339.26,67,OK,Male,3.9,OK
BMW-1326,18-04-2027,CORRUPTED,2020,5,Q2,Australia,Australia,Sydney BMW,BMW X5,SUV,Diesel,individual,Individual,AUD,AUD,1,128537.3,2.48,128537.3,OK,77901.39,57517.09,20384.3,61,OK,Female,3.9,OK
BMW-3456,23-03-2027,CORRUPTED,2022,12,Q4,Germany,Germany,BMW Munich HQ,BMW i7,Electric,Electric,Individual,Individual,EUR,EUR,1,125053.5,4.16,125053.5,OK,125053.5,93947.35,31106.15,62,OK,Male,3.9,OK
BMW-2652,01-03-2027,CORRUPTED,2021,12,Q4,Australia,Australia,Sydney BMW,BMW X5,SUV,Petrol,Individual,Individual,AUD,AUD,1,121514.96,5.21,121514.96,OK,73645.43,55937.82,17707.6,48,OK,Female,3.9,OK
BMW-5493,23-02-2027,CORRUPTED,2024,12,Q4,USA,USA,New York BMW,BMW M5,M Sport,Petrol,individual,Individual,USD,USD,1,120860.52,5.91,120860.52,OK,110881.22,84852.95,26028.27,41,OK,Male,3.9,OK
BMW-5467,31-01-2027,CORRUPTED,2024,12,Q4,Germany,Germany,Hamburg Drive,BMW X3,SUV,Petrol,Corporate Fleet,Corporate Fleet,eur,EUR,2,59123,0.56,118246,OK,118246,85619.61,32626.4,41,OK,Prefer not to say,3.9,OK
BMW-3244,02-11-2026,CORRUPTED,2022,9,Q3,USA,USA,Chicago Motors,BMW X7,SUV,Diesel,individual,Individual,USD,USD,1,107111.94,6.18,107111.94,OK,98267.83,75410.38,22857.46,33,OK,Male,3.9,OK
BMW-5153,12-10-2026,CORRUPTED,2024,8,Q3,USA,USA,New York BMW,BMW iX,Electric,Electric,Individual,Individual,USD,USD,1,104883.32,1.88,104883.32,OK,96223.23,70606.34,25616.89,41,OK,Female,3.9,OK
BMW-4650,02-09-2026,CORRUPTED,2024,2,Q1,UK,UK,Manchester Prestige,BMW M5,M Sport,Petrol,Individual,Individual,GBP,GBP,1,101014.97,3.02,101014.97,OK,117459.26,87200.59,30258.67,33,OK,Prefer not to say,3.9,OK
BMW-4440,29-08-2026,CORRUPTED,2023,12,Q4,USA,USA,New York BMW,BMW 7 Series,Sedan,Diesel,Corporate Fleet,Corporate Fleet,USD,USD,1,100659.28,4.34,100659.28,OK,92347.96,69506.83,22841.13,49,OK,Prefer not to say,3.9,OK
BMW-4101,18-08-2026,CORRUPTED,2023,8,Q3,Germany,Germany,Stuttgart Motors,BMW X3,SUV,Diesel,Corporate Fleet,Corporate Fleet,EUR,EUR,2,49760.95,4.12,99521.9,OK,99521.9,74738.25,24783.65,46,OK,Male,3.9,OK
BMW-3852,16-08-2026,CORRUPTED,2023,5,Q2,Germany,Germany,Stuttgart Motors,BMW 7 Series,Sedan,Diesel,Individual,Individual,EUR,EUR,1,99091.35,2.25,99091.35,OK,99091.35,72985.81,26105.54,38,OK,Prefer not to say,3.9,OK
BMW-2456,14-08-2026,CORRUPTED,2021,10,Q4,USA,USA,Dallas BMW,BMW 7 Series,Sedan,Petrol,Individual,Individual,USD,USD,1,98876.03,6.61,98876.03,OK,90711.96,69936.17,20775.78,31,OK,Prefer not to say,3.9,OK
BMW-4713,20-07-2026,CORRUPTED,2024,3,Q1,USA,USA,Dallas BMW,BMW 3 Series,Sedan,Petrol,Corporate Fleet,Corporate Fleet,USD,USD,2,48455.81,2.8,96911.63,OK,88909.75,65855.96,23053.79,38,OK,Female,3.9,OK
BMW-4625,11-07-2026,CORRUPTED,2024,2,Q1,Germany,Germany,AutohaUSA Berlin,BMW X3,SUV,Petrol,Lease,Lease,EUR,EUR,2,48258.7,2.5,96517.39,OK,96517.39,71274.41,25242.98,30,OK,Prefer not to say,3.9,OK
BMW-4026,25-06-2026,CORRUPTED,2023,7,Q3,USA,USA,Beverly Hills BMW,BMW M3,M Sport,Hybrid,Individual,Individual,USD,USD,1,95457.63,4.44,95457.63,OK,87575.8,65987.09,21588.71,39,OK,Prefer not to say,3.9,OK
BMW-5490,22-06-2026,CORRUPTED,2024,12,Q4,USA,USA,Chicago Motors,BMW 3 Series,Sedan,Petrol,Lease,Lease,USD,USD,2,47617.62,4.37,95235.25,OK,87371.79,65781.5,21590.28,31,OK,Prefer not to say,3.9,OK
BMW-4561,21-06-2026,CORRUPTED,2024,1,Q1,UK,UK,London BMW Centre,BMW M5,M Sport,Diesel,Corporate Fleet,Corporate Fleet,GBP,GBP,1,95119.65,7.63,95119.65,OK,110604.24,86209.42,24394.82,52,OK,Prefer not to say,3.9,OK
BMW-5312,16-06-2026,CORRUPTED,2024,10,Q4,Germany,Germany,BMW Munich HQ,BMW X7,SUV,Hybrid,Individual,Individual,EUR,EUR,1,94820.25,7.03,94820.25,OK,94820.25,73436.56,21383.69,69,OK,Male,3.9,OK
BMW-3872,14-05-2026,CORRUPTED,2023,5,Q2,UK,UK,London BMW Centre,BMW i7,Electric,Electric,Individual,Individual,GBP,GBP,1,92729.6,7,92729.6,OK,107825.12,83477.03,24348.09,38,OK,Female,3.9,OK
BMW-2960,12-04-2026,CORRUPTED,2022,5,Q2,USA,USA,Chicago Motors,BMW iX,Electric,Electric,Individual,Individual,USD,USD,1,91042.58,0.58,91042.58,OK,83525.31,60489.42,23035.89,39,OK,Female,3.9,OK
BMW-4135,31-03-2026,CORRUPTED,2023,8,Q3,USA,USA,Dallas BMW,BMW iX,Electric,Electric,corporate fleet,Corporate Fleet,USD,USD,1,90015.12,0.17,90015.12,OK,82582.68,59559.7,23022.97,67,OK,Female,3.9,OK
BMW-5019,28-03-2026,CORRUPTED,2024,6,Q2,Australia,Australia,Melbourne Auto Group,BMW 5 Series,Sedan,Diesel,individual,Individual,AUD,AUD,1,89625.72,1.87,89625.72,OK,54318.62,39852.73,14465.89,43,OK,Female,3.9,OK
BMW-2429,09-03-2026,CORRUPTED,2021,9,Q3,Australia,Australia,Melbourne Auto Group,BMW 5 Series,Sedan,Diesel,Individual,Individual,AUD,AUD,1,88120.88,3.27,88120.88,OK,53406.59,39754.08,13652.51,31,OK,Prefer not to say,3.9,OK
BMW-1962,06-03-2026,CORRUPTED,2021,2,Q1,Australia,Australia,Sydney BMW,BMW X3,SUV,Diesel,individual,Individual,AUD,AUD,1,87779.09,3.51,87779.09,OK,53199.45,39695.09,13504.36,66,OK,Male,3.9,OK
BMW-3841,15-01-2026,CORRUPTED,2023,5,Q2,Germany,Germany,BMW Munich HQ,BMW iX,Electric,Electric,Individual,Individual,EUR,EUR,1,84394.91,7.73,84394.91,OK,84394.91,65855.83,18539.08,35,OK,Male,3.9,OK
BMW-1550,14-01-2026,CORRUPTED,2020,9,Q3,USA,USA,New York BMW,BMW M3,M Sport,Diesel,Individual,Individual,USD,USD,1,84362.42,6.86,84362.42,OK,77396.71,59828.32,17568.39,33,OK,Male,3.9,OK
BMW-2303,06-12-2025,CORRUPTED,2021,8,Q3,Germany,Germany,Hamburg Drive,BMW iX,Electric,Electric,individual,Individual,EUR,EUR,1,82406.74,0.31,82406.74,OK,82406.74,59519.82,22886.92,65,OK,Male,3.9,OK
BMW-3842,20-11-2025,CORRUPTED,2023,5,Q2,Germany,Germany,AutohaUSA Berlin,BMW M3,M Sport,Hybrid,individual,Individual,EUR,EUR,1,81111.88,7.12,81111.88,OK,81111.88,62877.05,18234.83,32,OK,Prefer not to say,3.9,OK
BMW-4634,12-11-2025,CORRUPTED,2024,2,Q1,USA,USA,Dallas BMW,BMW X5,SUV,Hybrid,Individual,Individual,USD,USD,1,80750.09,2.23,80750.09,OK,74082.65,54557.49,19525.16,53,OK,Prefer not to say,3.9,OK
BMW-5455,31-10-2025,CORRUPTED,2024,11,Q4,Australia,Australia,Melbourne Auto Group,BMW X3,SUV,Hybrid,individual,Individual,AUD,AUD,1,79933.38,7,79933.38,OK,48444.47,37507.26,10937.22,70,OK,Male,3.9,OK
BMW-3408,30-10-2025,CORRUPTED,2022,11,Q4,UK,UK,Edinburgh Motors,BMW iX,Electric,Electric,Individual,Individual,GBP,GBP,1,79836.3,6.56,79836.3,OK,92832.9,71535.03,21297.88,33,OK,Female,3.9,OK
BMW-3679,25-10-2025,CORRUPTED,2023,3,Q1,Germany,Germany,Hamburg Drive,BMW M3,M Sport,Petrol,individual,Individual,EUR,EUR,1,79465.94,4.34,79465.94,OK,79465.94,59808.19,19657.75,41,OK,Prefer not to say,3.9,OK
BMW-2970,30-09-2025,CORRUPTED,2022,5,Q2,USA,USA,Miami Auto Group,BMW X5,SUV,Diesel,Individual,Individual,USD,USD,1,78095.85,0.68,78095.85,OK,71647.57,51937.97,19709.6,53,OK,Female,3.9,OK
BMW-4364,31-07-2025,CORRUPTED,2023,11,Q4,USA,USA,Beverly Hills BMW,BMW X5,SUV,Hybrid,Individual,Individual,USD,USD,1,75318.65,4.74,75318.65,OK,69099.68,52227.28,16872.39,28,OK,Prefer not to say,3.9,OK
BMW-1135,30-06-2025,CORRUPTED,2020,3,Q1,Germany,Germany,BMW Munich HQ,BMW X5,SUV,Hybrid,Individual,Individual,EUR,EUR,1,73747.72,7.9,73747.72,OK,73747.72,57651.82,16095.9,31,OK,Female,3.9,OK
BMW-5327,25-04-2025,CORRUPTED,2024,10,Q4,USA,USA,New York BMW,BMW i4,Electric,Electric,Corporate Fleet,Corporate Fleet,USD,USD,1,69426.82,0.17,69426.82,OK,63694.33,45939.45,17754.88,48,OK,Female,3.9,OK
BMW-1698,11-04-2025,CORRUPTED,2020,11,Q4,USA,USA,New York BMW,BMW i4,Electric,Electric,Individual,Individual,USD,USD,1,68394.07,6.58,68394.07,OK,62746.85,48358.48,14388.37,65,OK,Prefer not to say,3.9,OK
BMW-2463,04-04-2025,CORRUPTED,2021,10,Q4,USA,USA,Miami Auto Group,BMW 5 Series,Sedan,Hybrid,Individual,Individual,USD,USD,1,68129.67,0.32,68129.67,OK,62504.28,45146.82,17357.46,32,OK,Female,3.9,OK
BMW-3624,30-03-2025,CORRUPTED,2023,2,Q1,USA,USA,Miami Auto Group,BMW 5 Series,Sedan,Hybrid,individual,Individual,USD,USD,1,67838.61,3.6,67838.61,OK,62237.26,46485.74,15751.52,49,OK,Female,3.9,OK
BMW-4958,11-02-2025,CORRUPTED,2024,6,Q2,Germany,Germany,Hamburg Drive,BMW i4,Electric,Electric,Individual,Individual,EUR,EUR,1,65775.46,3.07,65775.46,OK,65775.46,48858.17,16917.29,65,OK,Male,3.9,OK
BMW-5227,19-11-2024,CORRUPTED,2024,9,Q3,USA,USA,Dallas BMW,BMW X3,SUV,Diesel,individual,Individual,USD,USD,1,62387.3,3.95,62387.3,OK,57236.06,42904.77,14331.29,42,OK,Prefer not to say,3.9,OK
BMW-3607,20-09-2024,CORRUPTED,2023,2,Q1,Germany,Germany,BMW Munich HQ,BMW i4,Electric,Electric,Individual,Individual,eur,EUR,1,60290.26,2.43,60290.26,OK,60290.26,44489.22,15801.04,61,OK,Male,3.9,OK
BMW-3263,05-09-2024,CORRUPTED,2022,9,Q3,USA,USA,Miami Auto Group,BMW X3,SUV,Petrol,Individual,Individual,USD,USD,1,59665.37,7.67,59665.37,OK,54738.87,42684.44,12054.43,62,OK,Prefer not to say,3.9,OK
BMW-1286,22-08-2024,CORRUPTED,2020,5,Q2,USA,USA,New York BMW,BMW X3,SUV,Hybrid,individual,Individual,USD,USD,1,59240.18,7.96,59240.18,OK,54348.79,42515.01,11833.78,28,OK,Prefer not to say,3.9,OK
BMW-4724,23-07-2024,CORRUPTED,2024,3,Q1,USA,USA,New York BMW,BMW X3,SUV,Hybrid,Lease,Lease,USD,USD,1,58394.55,7.46,58394.55,OK,53572.98,41681.19,11891.79,51,OK,Female,3.9,OK
BMW-4124,19-07-2024,CORRUPTED,2023,8,Q3,USA,USA,Dallas BMW,BMW X3,SUV,Hybrid,Individual,Individual,USD,USD,1,58281.95,3.18,58281.95,OK,53469.68,39764.12,13705.56,32,OK,Prefer not to say,3.9,OK
BMW-1079,14-06-2024,CORRUPTED,2020,2,Q1,Germany,Germany,Hamburg Drive,BMW 5 Series,Sedan,Hybrid,Lease,Lease,eur,EUR,1,57390.72,6.16,57390.72,OK,57390.72,44033.78,13356.94,62,OK,Prefer not to say,3.9,OK
BMW-4037,23-05-2024,CORRUPTED,2023,7,Q3,USA,USA,Beverly Hills BMW,BMW X3,SUV,Petrol,Individual,Individual,USD,USD,1,56814.08,0.03,56814.08,OK,52123.01,37540.37,14582.64,41,OK,Prefer not to say,3.9,OK
BMW-4538,17-05-2024,CORRUPTED,2024,1,Q1,USA,USA,Chicago Motors,BMW X3,SUV,Petrol,Individual,Individual,USD,USD,1,56597.56,5.46,56597.56,OK,51924.36,39545.62,12378.75,68,OK,Female,3.9,OK
BMW-4020,16-04-2024,CORRUPTED,2023,7,Q3,Germany,Germany,AutohaUSA Berlin,BMW 5 Series,Sedan,Diesel,individual,Individual,EUR,EUR,1,55413.19,2.72,55413.19,OK,55413.19,41011.61,14401.58,35,OK,Male,3.9,OK
BMW-1977,03-04-2024,CORRUPTED,2021,3,Q1,Germany,Germany,Stuttgart Motors,BMW 5 Series,Sedan,Petrol,Individual,Individual,EUR,EUR,1,55138.55,6.68,55138.55,OK,55138.55,42539.97,12598.58,53,OK,Prefer not to say,3.9,OK
BMW-5338,30-03-2024,CORRUPTED,2024,10,Q4,USA,USA,Beverly Hills BMW,BMW X3,SUV,Diesel,Individual,Individual,USD,USD,1,54923.69,7.9,54923.69,OK,50388.71,39389.69,10999.02,44,OK,Female,3.9,OK
BMW-2072,28-03-2024,CORRUPTED,2021,4,Q2,China,China,Guangzhou BMW,BMW iX,Electric,Electric,corporate fleet,Corporate Fleet,CNY,CNY,8,686203.95,6.8,54896.3157,OK,694890.07,536799.44,158090.63,33,OK,Female,3.9,OK
BMW-1848,21-03-2024,CORRUPTED,2021,1,Q1,Germany,Germany,BMW Munich HQ,BMW 5 Series,Sedan,Diesel,Individual,Individual,EUR,EUR,1,54588.34,1.33,54588.34,OK,54588.34,39831.77,14756.57,53,OK,Male,3.9,OK
BMW-4214,08-03-2024,CORRUPTED,2023,9,Q3,USA,USA,Beverly Hills BMW,BMW X3,SUV,Petrol,Individual,Individual,USD,USD,1,54121.7,3.78,54121.7,OK,49652.94,37156.39,12496.54,61,OK,Prefer not to say,3.9,OK
BMW-2034,19-02-2024,CORRUPTED,2021,4,Q2,Germany,Germany,Stuttgart Motors,BMW X3,SUV,Petrol,Individual,Individual,EUR,EUR,1,53554.38,7.8,53554.38,OK,53554.38,41820.08,11734.29,40,OK,Male,3.9,OK
BMW-1011,30-01-2024,CORRUPTED,2020,1,Q1,USA,USA,Beverly Hills BMW,BMW X3,SUV,Hybrid,Individual,Individual,USD,USD,1,53041.56,3.96,53041.56,OK,48661.98,36481.82,12180.16,45,OK,Male,3.9,OK
BMW-2511,27-01-2024,CORRUPTED,2021,11,Q4,Germany,Germany,BMW Munich HQ,BMW X3,SUV,Diesel,government,Government,EUR,EUR,1,52957.31,0.71,52957.31,OK,52957.31,38400.83,14556.49,48,OK,Female,3.9,OK
BMW-4371,14-01-2024,CORRUPTED,2023,11,Q4,UK,UK,London BMW Centre,BMW i4,Electric,Electric,Individual,Individual,GBP,GBP,1,52296.76,6.83,52296.76,OK,60810.19,46993.97,13816.22,59,OK,Prefer not to say,3.9,OK
BMW-3325,11-12-2023,CORRUPTED,2022,10,Q4,USA,USA,Chicago Motors,BMW X3,SUV,Petrol,individual,Individual,USD,USD,1,50894.05,5.86,50894.05,OK,46691.79,35710.6,10981.19,27,OK,Female,3.9,OK
BMW-4952,05-12-2023,CORRUPTED,2024,6,Q2,Germany,Germany,AutohaUSA Berlin,BMW X3,SUV,Diesel,Lease,Lease,EUR,EUR,1,50601.23,0.74,50601.23,OK,50601.23,36703.26,13897.97,26,OK,Male,3.9,OK
BMW-1611,03-12-2023,CORRUPTED,2020,10,Q4,Germany,Germany,Stuttgart Motors,BMW X3,SUV,Hybrid,individual,Individual,EUR,EUR,1,50526.57,6.01,50526.57,OK,50526.57,38705.08,11821.49,55,OK,Prefer not to say,3.9,OK
BMW-4427,02-11-2023,CORRUPTED,2023,12,Q4,Germany,Germany,AutohaUSA Berlin,BMW X3,SUV,Petrol,Individual,Individual,EUR,EUR,1,49050.24,4.35,49050.24,OK,49050.24,36923.8,12126.45,-5,BAD AGE,Female,3.9,OK
BMW-3390,31-10-2023,CORRUPTED,2022,11,Q4,USA,USA,Beverly Hills BMW,BMW 3 Series,Sedan,Diesel,Individual,Individual,USD,USD,1,49010.19,4.11,49010.19,OK,44963.48,33759.8,11203.68,40,OK,Prefer not to say,3.9,OK
BMW-4879,25-10-2023,CORRUPTED,2024,5,Q2,USA,USA,Miami Auto Group,BMW 3 Series,Sedan,Petrol,Individual,Individual,USD,USD,1,48809.85,7.17,48809.85,OK,44779.68,34730.39,10049.3,47,OK,Female,3.9,OK
BMW-2461,08-10-2023,CORRUPTED,2021,10,Q4,USA,USA,Chicago Motors,BMW 3 Series,Sedan,Diesel,Individual,Individual,USD,USD,1,48226.46,5.3,48226.46,OK,44244.46,33638.11,10606.35,43,OK,Male,3.9,OK
BMW-2169,11-09-2023,CORRUPTED,2021,6,Q2,Germany,Germany,BMW Munich HQ,BMW X3,SUV,Hybrid,individual,Individual,EUR,EUR,1,47173.97,7.59,47173.97,OK,47173.97,36756.62,10417.34,61,OK,Female,3.9,OK
BMW-5072,07-09-2023,CORRUPTED,2024,7,Q3,UK,UK,Edinburgh Motors,BMW X3,SUV,Petrol,Individual,Individual,gbp,GBP,1,46970.12,6.13,46970.12,OK,54616.42,41890.37,12726.05,69,OK,Prefer not to say,3.9,OK
BMW-4795,05-09-2023,CORRUPTED,2024,4,Q2,UK,UK,Manchester Prestige,BMW X3,SUV,Hybrid,Individual,Individual,GBP,GBP,1,46896.89,1.72,46896.89,OK,54531.27,39949.23,14582.04,60,OK,Male,3.9,OK
BMW-3326,30-08-2023,CORRUPTED,2022,10,Q4,UK,UK,Manchester Prestige,BMW X3,SUV,Diesel,individual,Individual,GBP,GBP,1,46778.3,3.85,46778.3,OK,54393.38,40733.38,13660,70,OK,Female,3.9,OK
BMW-5262,05-08-2023,CORRUPTED,2024,9,Q3,UK,UK,Manchester Prestige,BMW 5 Series,Sedan,Hybrid,Individual,Individual,GBP,GBP,1,45901.67,5.73,45901.67,OK,53374.04,40766.58,12607.46,31,OK,Female,3.9,OK
BMW-4733,28-07-2023,CORRUPTED,2024,3,Q1,UK,UK,Edinburgh Motors,BMW X3,SUV,Hybrid,Individual,Individual,GBP,GBP,1,45523.46,0.95,45523.46,OK,52934.26,38479.3,14454.96,26,OK,Female,3.9,OK
BMW-4529,16-06-2023,CORRUPTED,2024,1,Q1,USA,USA,New York BMW,BMW 3 Series,Sedan,Hybrid,Individual,Individual,USD,USD,1,44305.49,0.9,44305.49,OK,40647.23,29531.08,11116.15,65,OK,Male,3.9,OK
BMW-2054,29-05-2023,CORRUPTED,2021,4,Q2,USA,USA,Beverly Hills BMW,BMW 3 Series,Sedan,Diesel,Individual,Individual,USD,USD,1,43633.13,7.09,43633.13,OK,40030.39,31020.86,9009.54,29,OK,Female,3.9,OK
BMW-3923,09-05-2023,CORRUPTED,2023,6,Q2,Germany,Germany,Hamburg Drive,BMW 3 Series,Sedan,Hybrid,Individual,Individual,EUR,EUR,1,42549.79,3.33,42549.79,OK,42549.79,31689.62,10860.17,55,OK,Male,3.9,OK
BMW-1348,12-03-2023,CORRUPTED,2020,6,Q2,USA,USA,Beverly Hills BMW,BMW 2 Series,Coupe,Hybrid,Individual,Individual,USD,USD,1,39849.13,0.25,39849.13,OK,36558.84,26387.07,10171.77,52,OK,Male,3.9,OK
BMW-4516,04-03-2023,CORRUPTED,2024,1,Q1,Germany,Germany,Hamburg Drive,BMW 3 Series,Sedan,Diesel,Individual,Individual,EUR,EUR,1,39580.76,6.72,39580.76,OK,39580.76,30552.13,9028.63,68,OK,Prefer not to say,3.9,OK
BMW-2857,02-02-2023,CORRUPTED,2022,4,Q2,Germany,Germany,BMW Munich HQ,BMW 2 Series,Coupe,Hybrid,individual,Individual,EUR,EUR,1,37510.13,7.26,37510.13,OK,37510.13,29121.42,8388.71,44,OK,Female,3.9,OK
BMW-3683,30-01-2023,CORRUPTED,2023,3,Q1,Germany,Germany,AutohaUSA Berlin,BMW 2 Series,Coupe,Diesel,individual,Individual,EUR,EUR,1,37161.08,6.4,37161.08,OK,37161.08,28584.42,8576.66,69,OK,Prefer not to say,3.9,OK
BMW-3951,25-01-2023,CORRUPTED,2023,6,Q2,UK,UK,London BMW Centre,BMW 3 Series,Sedan,Hybrid,Individual,Individual,GBP,GBP,1,36973.94,5.74,36973.94,OK,42992.96,32840.97,10151.99,55,OK,Male,3.9,OK
BMW-4517,06-01-2023,CORRUPTED,2024,1,Q1,Germany,Germany,AutohaUSA Berlin,BMW 2 Series,Coupe,Petrol,Individual,Individual,EUR,EUR,1,35972.68,1.13,35972.68,OK,35972.68,26195.42,9777.26,55,OK,Prefer not to say,3.9,OK
BMW-1167,18-11-2022,CORRUPTED,2020,3,Q1,China,China,Shanghai BMW,BMW M3,M Sport,Diesel,individual,Individual,CNY,CNY,1,638665.97,3.7,6386.6597,OK,80843.79,60444.13,20399.66,40,OK,Prefer not to say,3.9,OK
BMW-5239,15-11-2022,CORRUPTED,2024,9,Q3,USA,USA,Dallas BMW,BMW 7 Series,Sedan,Petrol,corporate fleet,Corporate Fleet,USD,USD,5,109096.83,7.26,5454.8415,OK,500444.18,388529.4,111914.78,67,OK,Prefer not to say,3.9,OK
BMW-4120,08-11-2022,CORRUPTED,2023,8,Q3,USA,USA,Beverly Hills BMW,BMW X3,SUV,Hybrid,Corporate Fleet,Corporate Fleet,USD,USD,7,58468.39,7.49,4092.7872,OK,375485.06,292251.1,83233.96,58,OK,Female,3.9,OK
BMW-2522,11-10-2022,CORRUPTED,2021,11,Q4,USA,USA,Miami Auto Group,BMW X3,SUV,Petrol,individual,Individual,USD,USD,1,57901.18,1.15,579.0118,OK,53120.35,38693.36,14426.98,61,OK,Male,3.9,OK
BMW-2161,06-09-2022,CORRUPTED,2021,6,Q2,Germany,Germany,Hamburg Drive,BMW 3 Series,Sedan,Hybrid,Corporate Fleet,Corporate Fleet,EUR,EUR,7,47130.79,1.8,-329915.54,BAD REVENUE,329915.54,241886.51,88029.02,41,OK,Prefer not to say,3.9,OK
BMW-4159,04-02-2035,CORRUPTED,2023,8,Q3,India,India,Delhi Prestige Auto,BMW X5,SUV,Hybrid,Lease,Lease,INR,INR,8,6880228.12,4.52,55041824.96,OK,604855.22,456118.64,148736.58,42,OK,Female,4,OK
BMW-2416,01-02-2035,CORRUPTED,2021,9,Q3,India,India,Bangalore Motors,BMW X5,SUV,Diesel,Corporate Fleet,Corporate Fleet,INR,INR,7,6540264.72,2.83,45781853.03,OK,503097.29,372771.22,130326.07,49,OK,Male,4,OK
BMW-2214,12-01-2035,CORRUPTED,2021,6,Q2,India,India,Bangalore Motors,BMW X7,SUV,Diesel,Lease,Lease,INR,INR,4,8449130.15,6.42,33796520.61,OK,371390.34,285743.39,85646.95,55,OK,Male,4,OK
BMW-4401,09-01-2035,CORRUPTED,2023,11,Q4,India,India,Mumbai BMW,BMW iX,Electric,Electric,Corporate Fleet,Corporate Fleet,INR,INR,4,8297580.21,2.34,33190320.86,OK,364728.8,268893.17,95835.63,47,OK,Female,4,OK
BMW-4248,17-11-2034,CORRUPTED,2023,9,Q3,India,India,Delhi Prestige Auto,BMW 2 Series,Coupe,Petrol,Government,Government,INR,INR,5,3245731.09,6.73,16228655.45,OK,178336.87,137663.31,40673.56,64,OK,Female,4,OK
BMW-2714,15-11-2034,CORRUPTED,2022,1,Q1,India,India,Delhi Prestige Auto,BMW i4,Electric,Electric,Lease,Lease,INR,INR,3,5388434.88,5.65,16165304.65,OK,177640.71,135566.84,42073.87,69,OK,Prefer not to say,4,OK
BMW-5459,29-10-2034,CORRUPTED,2024,11,Q4,South Africa,South Africa,Cape Town BMW,BMW 7 Series,Sedan,Diesel,lease,Lease,ZAR,ZAR,7,1747868.45,7.12,12235079.18,OK,611753.96,474211.59,137542.36,48,OK,Male,4,OK
BMW-1183,11-10-2034,CORRUPTED,2020,3,Q1,India,India,Delhi Prestige Auto,BMW M5,M Sport,Diesel,Lease,Lease,INR,INR,1,10984995.81,6.54,10984995.81,OK,120714.24,92992.8,27721.44,34,OK,Prefer not to say,4,OK
BMW-1249,06-10-2034,CORRUPTED,2020,4,Q2,India,India,Delhi Prestige Auto,BMW X3,SUV,Petrol,corporate fleet,Corporate Fleet,INR,INR,2,5310194.2,0.94,10620388.41,OK,116707.56,84828.54,31879.03,36,OK,Female,4,OK
BMW-5199,07-09-2034,CORRUPTED,2024,8,Q3,South Africa,South Africa,Cape Town BMW,BMW X5,SUV,Petrol,Corporate Fleet,Corporate Fleet,ZAR,ZAR,6,1480696.56,5.96,8884179.34,OK,444208.97,340102.76,104106.2,39,OK,Male,4,OK
BMW-2269,27-07-2034,CORRUPTED,2021,7,Q3,India,India,Delhi Prestige Auto,BMW iX,Electric,Electric,Individual,Individual,INR,INR,1,7271667,6.11,7271667,OK,79908.43,61276.94,18631.49,53,OK,Male,4,OK
BMW-3423,25-06-2034,CORRUPTED,2022,11,Q4,India,India,Bangalore Motors,BMW X5,SUV,Diesel,Individual,Individual,INR,INR,1,6695416.04,0.15,6695416.04,OK,73576,53054.86,20521.14,65,OK,Prefer not to say,4,OK
BMW-3342,22-06-2034,CORRUPTED,2022,10,Q4,India,India,Mumbai BMW,BMW X5,SUV,Diesel,individual,Individual,INR,INR,1,6575173.16,4.11,6575173.16,OK,72254.65,54254.65,18000,46,OK,Prefer not to say,4,OK
BMW-2267,06-06-2034,CORRUPTED,2021,7,Q3,India,India,Mumbai BMW,BMW X5,SUV,Petrol,individual,Individual,INR,INR,1,6080117.59,7.65,6080117.59,OK,66814.48,52088.71,14725.77,38,OK,Female,4,OK
BMW-3502,20-05-2034,CORRUPTED,2022,12,Q4,India,India,Mumbai BMW,BMW i4,Electric,Electric,Individual,Individual,INR,INR,1,5724940,7.13,5724940,OK,62911.43,48772.01,14139.42,58,OK,Male,4,OK
BMW-2564,17-05-2034,CORRUPTED,2021,11,Q4,China,China,Shanghai BMW,BMW X7,SUV,Hybrid,corporate fleet,Corporate Fleet,CNY,CNY,7,807592.46,4.03,5653147.24,OK,715588.26,536835.26,178753,52,OK,Female,4,OK
BMW-2901,04-03-2034,CORRUPTED,2022,4,Q2,China,China,Shanghai BMW,BMW X5,SUV,Petrol,Corporate Fleet,Corporate Fleet,CNY,CNY,8,570306.68,0.76,4562453.47,OK,577525.76,418987.98,158537.77,66,OK,Male,4,OK
BMW-1881,28-02-2034,CORRUPTED,2021,1,Q1,China,China,Shenzhen Auto,BMW M5,M Sport,Hybrid,Corporate Fleet,Corporate Fleet,CNY,CNY,5,897543.88,1.62,4487719.42,OK,568065.75,415734.06,152331.69,65,OK,Female,4,OK
BMW-5448,08-02-2034,CORRUPTED,2024,11,Q4,India,India,Bangalore Motors,BMW 3 Series,Sedan,Diesel,Individual,Individual,INR,INR,1,4292074.55,2.28,4292074.55,OK,47165.65,34753.15,12412.5,50,OK,Prefer not to say,4,OK
BMW-2339,09-01-2034,CORRUPTED,2021,8,Q3,China,China,Shanghai BMW,BMW M3,M Sport,Hybrid,Government,Government,CNY,CNY,6,635348.04,2.54,3812088.25,OK,482542.82,356501.35,126041.46,53,OK,Male,4,OK
BMW-2261,23-12-2033,CORRUPTED,2021,7,Q3,China,China,Guangzhou BMW,BMW X5,SUV,Petrol,government,Government,CNY,CNY,7,519679.64,4.09,3637757.48,OK,460475.63,345696.09,114779.54,59,OK,Female,4,OK
BMW-5012,22-12-2033,CORRUPTED,2024,6,Q2,UAE,UAE,Dubai BMW,BMW i7,Electric,Electric,Corporate Fleet,Corporate Fleet,AED,AED,8,452395.07,7.71,3619160.54,OK,904790.14,705872.68,198917.46,68,OK,Prefer not to say,4,OK
BMW-4244,21-12-2033,CORRUPTED,2023,9,Q3,India,India,Delhi Prestige Auto,BMW 2 Series,Coupe,Petrol,Individual,Individual,INR,INR,1,3608057.23,6.19,3608057.23,OK,39648.98,30430.65,9218.33,40,OK,Female,4,OK
BMW-1448,13-12-2033,CORRUPTED,2020,7,Q3,India,India,Delhi Prestige Auto,BMW 2 Series,Coupe,Diesel,individual,Individual,INR,INR,1,3520439.72,5.2,3520439.72,OK,38686.15,29382.39,9303.77,43,OK,Female,4,OK
BMW-1040,11-12-2033,CORRUPTED,2020,1,Q1,China,China,Shenzhen Auto,BMW X5,SUV,Petrol,Lease,Lease,CNY,CNY,6,585185.2,4.02,3511111.23,OK,444444.46,333407.78,111036.68,41,OK,Female,4,OK
BMW-3808,25-11-2033,CORRUPTED,2023,4,Q2,China,China,Shenzhen Auto,BMW 5 Series,Sedan,Diesel,corporate fleet,Corporate Fleet,CNY,CNY,7,487062.47,2.97,3409437.29,OK,431574.34,320230.56,111343.78,68,OK,Prefer not to say,4,OK
BMW-4387,03-10-2033,CORRUPTED,2023,11,Q4,China,China,Shanghai BMW,BMW 3 Series,Sedan,Petrol,Lease,Lease,CNY,CNY,8,356106.22,5.28,2848849.74,OK,360613.89,274113.54,86500.35,67,OK,Male,4,OK
BMW-4375,30-08-2033,CORRUPTED,2023,11,Q4,China,China,Beijing Luxury Motors,BMW X3,SUV,Petrol,Corporate Fleet,Corporate Fleet,CNY,CNY,6,422007.32,2.67,2532043.9,OK,320511.89,237108.17,83403.71,38,OK,Prefer not to say,4,OK
BMW-4310,09-08-2033,CORRUPTED,2023,10,Q4,China,China,Beijing Luxury Motors,BMW 2 Series,Coupe,Diesel,Corporate Fleet,Corporate Fleet,CNY,CNY,8,303714.1,3.11,2429712.84,OK,307558.59,228544,79014.59,69,OK,Male,4,OK
BMW-4914,04-08-2033,CORRUPTED,2024,5,Q2,China,China,Shenzhen Auto,BMW X5,SUV,Diesel,Corporate Fleet,Corporate Fleet,CNY,CNY,4,596423.38,0.26,2385693.53,OK,301986.52,217999.8,83986.72,28,OK,Male,4,OK
BMW-4945,03-08-2033,CORRUPTED,2024,5,Q2,South Africa,South Africa,Johannesburg Motors,BMW i7,Electric,Electric,Individual,Individual,ZAR,ZAR,1,2373087.91,4.28,2373087.91,OK,118654.4,89248.57,29405.82,65,OK,Male,4,OK
BMW-1316,02-08-2033,CORRUPTED,2020,5,Q2,UAE,UAE,Abu Dhabi Motors,BMW M5,M Sport,Diesel,Corporate Fleet,Corporate Fleet,AED,AED,5,473446.12,5.24,2367230.6,OK,591807.65,449645.34,142162.31,25,OK,Prefer not to say,4,OK
BMW-2333,23-07-2033,CORRUPTED,2021,8,Q3,China,China,Shenzhen Auto,BMW X3,SUV,Diesel,lease,Lease,CNY,CNY,6,379401.61,3.59,2276409.63,OK,288153.12,215201.64,72951.48,52,OK,Female,4,OK
BMW-3136,06-05-2033,CORRUPTED,2022,7,Q3,China,China,Beijing Luxury Motors,BMW i4,Electric,Electric,Lease,Lease,CNY,CNY,4,478196.7,2.43,1912786.79,OK,242124.91,178671.27,63453.64,62,OK,Prefer not to say,4,OK
BMW-5200,24-04-2033,CORRUPTED,2024,8,Q3,South Africa,South Africa,Johannesburg Motors,BMW M3,M Sport,Petrol,Individual,Individual,ZAR,ZAR,1,1854179.28,0.04,1854179.28,OK,92708.96,66773.97,25935,65,OK,Female,4,OK
BMW-1111,21-04-2033,CORRUPTED,2020,2,Q1,China,China,Guangzhou BMW,BMW 3 Series,Sedan,Diesel,Corporate Fleet,Corporate Fleet,CNY,CNY,5,369531.88,4.59,1847659.42,OK,233880.94,176490.8,57390.14,39,OK,Female,4,OK
BMW-4264,20-04-2033,CORRUPTED,2023,9,Q3,South Africa,South Africa,Johannesburg Motors,BMW iX,Electric,Electric,Individual,Individual,ZAR,ZAR,1,1847335.86,4.92,1847335.86,OK,92366.79,69941.93,22424.86,35,OK,Male,4,OK
BMW-1064,17-03-2033,CORRUPTED,2020,1,Q1,South Africa,South Africa,Johannesburg Motors,BMW M3,M Sport,Hybrid,Individual,Individual,ZAR,ZAR,1,1733959.83,7.32,1733959.83,OK,86697.99,67351.99,19346,57,OK,Female,4,OK
BMW-1670,10-03-2033,CORRUPTED,2020,10,Q4,South Africa,South Africa,Cape Town BMW,BMW iX,Electric,Electric,individual,Individual,ZAR,ZAR,1,1711077.04,6.36,1711077.04,OK,85553.85,65779.82,19774.03,30,OK,Male,4,OK
BMW-3908,31-01-2033,CORRUPTED,2023,5,Q2,Australia,Australia,Sydney BMW,BMW i7,Electric,Electric,Corporate Fleet,Corporate Fleet,AUD,AUD,8,195281.62,5.17,1562252.96,OK,946819.97,718901.92,227918.05,40,OK,Female,4,OK
BMW-1300,11-12-2032,CORRUPTED,2020,5,Q2,China,China,Shenzhen Auto,BMW 2 Series,Coupe,Petrol,Lease,Lease,CNY,CNY,5,273944.35,7.05,1369721.75,OK,173382.5,134299.44,39083.06,63,OK,Male,4,OK
BMW-4664,15-11-2032,CORRUPTED,2024,2,Q1,China,China,Shenzhen Auto,BMW 2 Series,Coupe,Petrol,Corporate Fleet,Corporate Fleet,CNY,CNY,4,324292.64,6.03,1297170.57,OK,164198.81,125805.57,38393.23,44,OK,Male,4,OK
BMW-2659,12-11-2032,CORRUPTED,2021,12,Q4,South Africa,South Africa,Johannesburg Motors,BMW 5 Series,Sedan,Petrol,Individual,Individual,ZAR,ZAR,1,1291631.61,1.67,1291631.61,OK,64581.58,47290.76,17290.82,69,OK,Male,4,OK
BMW-1800,26-10-2032,CORRUPTED,2020,12,Q4,China,China,Shanghai BMW,BMW 3 Series,Sedan,Diesel,Lease,Lease,CNY,CNY,4,313719.41,4.15,1254877.64,OK,158845.27,119319.9,39525.37,67,OK,Male,4,OK
BMW-2731,19-10-2032,CORRUPTED,2022,1,Q1,South Africa,South Africa,Johannesburg Motors,BMW 5 Series,Sedan,Hybrid,Individual,Individual,ZAR,ZAR,1,1238072.61,5.49,1238072.61,OK,61903.63,47157.54,14746.09,57,OK,Prefer not to say,4,OK
BMW-1642,11-10-2032,CORRUPTED,2020,10,Q4,China,China,Beijing Luxury Motors,BMW X3,SUV,Hybrid,corporate fleet,Corporate Fleet,CNY,CNY,3,405158.9,1.56,1215476.69,OK,153857.81,112529.7,41328.11,55,OK,Female,4,OK
BMW-2362,26-09-2032,CORRUPTED,2021,8,Q3,South Africa,South Africa,Johannesburg Motors,BMW 5 Series,Sedan,Petrol,Individual,Individual,ZAR,ZAR,1,1133568.21,5.94,1133568.21,OK,56678.41,43385.08,13293.33,38,OK,Prefer not to say,4,OK
BMW-2702,05-09-2032,CORRUPTED,2022,1,Q1,China,China,Shanghai BMW,BMW i7,Electric,Electric,Individual,Individual,CNY,CNY,1,1075422.87,0.07,1075422.87,OK,136129.48,98084.61,38044.86,45,OK,Prefer not to say,4,OK
BMW-4691,01-08-2032,CORRUPTED,2024,3,Q1,Germany,Germany,AutohaUSA Berlin,BMW i7,Electric,Electric,corporate fleet,Corporate Fleet,EUR,EUR,8,124704.42,7.71,997635.37,OK,997635.37,778331.46,219303.9,40,OK,Male,4,OK
BMW-4903,08-07-2032,CORRUPTED,2024,5,Q2,China,China,Shenzhen Auto,BMW i7,Electric,Electric,Individual,Individual,CNY,CNY,1,964983.28,1.55,964983.28,OK,122149.78,89336,32813.78,55,OK,Prefer not to say,4,OK
BMW-5029,22-06-2032,CORRUPTED,2024,6,Q2,South Africa,South Africa,Johannesburg Motors,BMW 3 Series,Sedan,Petrol,Individual,Individual,ZAR,ZAR,1,945186.96,3.05,945186.96,OK,47259.35,35097.44,12161.9,150,BAD AGE,Prefer not to say,4,OK
BMW-3418,19-06-2032,CORRUPTED,2022,11,Q4,China,China,Shanghai BMW,BMW 2 Series,Coupe,Diesel,Corporate Fleet,Corporate Fleet,CNY,CNY,3,314157.23,7.54,942471.7,OK,119300.22,92896.79,26403.42,58,OK,Male,4,OK
BMW-2432,19-05-2032,CORRUPTED,2021,9,Q3,South Africa,South Africa,Cape Town BMW,BMW 3 Series,Sedan,Hybrid,Individual,Individual,ZAR,ZAR,1,903288.65,4.55,903288.65,OK,45164.43,34067.13,11097.3,32,OK,Male,4,OK
BMW-1897,13-05-2032,CORRUPTED,2021,1,Q1,South Africa,South Africa,Cape Town BMW,BMW 3 Series,Sedan,Hybrid,Individual,Individual,ZAR,ZAR,1,891503.17,2.5,891503.17,OK,44575.16,32917.79,11657.37,38,OK,Prefer not to say,4,OK
BMW-2899,11-05-2032,CORRUPTED,2022,4,Q2,China,China,Shanghai BMW,BMW i7,Electric,Electric,Individual,Individual,CNY,CNY,1,887269.78,7.71,887269.78,OK,112312.63,87621.91,24690.72,55,OK,Male,4,OK
BMW-1399,06-04-2032,CORRUPTED,2020,6,Q2,Australia,Australia,Sydney BMW,BMW i4,Electric,Electric,Lease,Lease,AUD,AUD,8,105343.09,2.46,842744.7,OK,510754.36,377011.28,133743.08,37,OK,Female,4,OK
BMW-5362,03-04-2032,CORRUPTED,2024,10,Q4,China,China,Beijing Luxury Motors,BMW X7,SUV,Diesel,Individual,Individual,CNY,CNY,1,836311.45,2.99,836311.45,OK,105862.21,78573.84,27288.37,50,OK,Female,4,OK
BMW-4263,29-03-2032,CORRUPTED,2023,9,Q3,South Africa,South Africa,Johannesburg Motors,BMW 3 Series,Sedan,Petrol,Individual,Individual,ZAR,ZAR,1,831629.7,1.96,831629.7,OK,41581.48,30535.83,11045.65,34,OK,Male,4,OK
BMW-3983,24-03-2032,CORRUPTED,2023,6,Q2,UAE,UAE,Abu Dhabi Motors,BMW X5,SUV,Petrol,Lease,Lease,AED,AED,3,275379.93,3.4,826139.78,OK,206534.94,153944.59,52590.36,60,OK,Prefer not to say,4,OK
BMW-3132,01-03-2032,CORRUPTED,2022,7,Q3,China,China,Shenzhen Auto,BMW X3,SUV,Diesel,Corporate Fleet,Corporate Fleet,CNY,CNY,2,398006.28,5.45,796012.55,OK,100761.08,76731.12,24029.96,33,OK,Prefer not to say,4,OK
BMW-4739,18-02-2032,CORRUPTED,2024,3,Q1,China,China,Guangzhou BMW,BMW 7 Series,Sedan,Hybrid,Lease,Lease,CNY,CNY,1,785813.91,7.81,785813.91,OK,99470.11,77683.33,21786.78,33,OK,Female,4,OK
BMW-4570,03-02-2032,CORRUPTED,2024,1,Q1,China,China,Shanghai BMW,BMW iX,Electric,Electric,Lease,Lease,CNY,CNY,1,770360.25,1.49,770360.25,OK,97513.96,71274.6,26239.36,60,OK,Female,4,OK
BMW-5097,23-01-2032,CORRUPTED,2024,7,Q3,China,China,Shenzhen Auto,BMW 7 Series,Sedan,Petrol,individual,Individual,CNY,CNY,1,758979.23,5.67,758979.23,OK,96073.32,73328.21,22745.11,59,OK,Prefer not to say,4,OK
BMW-4768,05-01-2032,CORRUPTED,2024,3,Q1,South Africa,South Africa,Johannesburg Motors,BMW 2 Series,Coupe,Hybrid,Individual,Individual,ZAR,ZAR,1,741808.92,2.82,741808.92,OK,37090.45,27478.71,9611.73,35,OK,Male,4,OK
BMW-1156,15-12-2031,CORRUPTED,2020,3,Q1,USA,USA,Miami Auto Group,BMW M5,M Sport,Hybrid,Corporate Fleet,Corporate Fleet,USD,USD,6,120872.52,5.07,725235.1,OK,665353.31,504624.76,160728.55,68,OK,Male,4,OK
BMW-4438,13-12-2031,CORRUPTED,2023,12,Q4,USA,USA,Beverly Hills BMW,BMW iX,Electric,Electric,Corporate Fleet,Corporate Fleet,USD,USD,8,90352.03,4.21,722816.27,OK,663134.19,498415.22,164718.97,59,OK,Male,4,OK
BMW-3564,03-12-2031,CORRUPTED,2023,1,Q1,China,China,Shenzhen Auto,BMW 3 Series,Sedan,Petrol,Government,Government,CNY,CNY,2,359213.99,7.58,718427.98,OK,90940.25,70847.06,20093.19,30,OK,Male,4,OK
BMW-2830,26-11-2031,CORRUPTED,2022,3,Q1,China,China,Guangzhou BMW,BMW M3,M Sport,Diesel,individual,Individual,CNY,CNY,1,713515.2,1.93,713515.2,OK,90318.38,66309.54,24008.84,68,OK,Female,4,OK
BMW-1128,14-11-2031,CORRUPTED,2020,2,Q1,South Africa,South Africa,Johannesburg Motors,BMW 2 Series,Coupe,Diesel,individual,Individual,ZAR,ZAR,1,706563.54,7.6,706563.54,OK,35328.18,27529.43,7798.75,55,OK,Female,4,OK
BMW-1370,11-11-2031,CORRUPTED,2020,6,Q2,China,China,Shenzhen Auto,BMW 7 Series,Sedan,Petrol,individual,Individual,CNY,CNY,1,704848.11,3.62,704848.11,OK,89221.28,66650.46,22570.82,41,OK,Male,4,OK
BMW-2703,25-10-2031,CORRUPTED,2022,1,Q1,China,China,Shenzhen Auto,BMW iX,Electric,Electric,Lease,Lease,CNY,CNY,1,692002.4,7.11,692002.4,OK,87595.24,67893.18,19702.06,34,OK,Female,4,OK
BMW-1726,01-10-2031,CORRUPTED,2020,11,Q4,China,China,Shanghai BMW,BMW iX,Electric,Electric,Individual,Individual,CNY,CNY,1,669643.89,2.76,669643.89,OK,84765.05,62764.09,22000.96,56,OK,Male,4,OK
BMW-5171,29-09-2031,CORRUPTED,2024,8,Q3,China,China,Shenzhen Auto,BMW 3 Series,Sedan,Diesel,corporate fleet,Corporate Fleet,CNY,CNY,2,333862.32,0.08,667724.63,OK,84522.11,60903.01,23619.09,68,OK,Male,4,OK
BMW-3744,15-09-2031,CORRUPTED,2023,3,Q1,China,China,Shanghai BMW,BMW iX,Electric,Electric,individual,Individual,CNY,CNY,1,661252.22,7.95,661252.22,OK,83702.81,65471.1,18231.71,62,OK,Prefer not to say,4,OK
BMW-4552,14-09-2031,CORRUPTED,2024,1,Q1,USA,USA,Dallas BMW,BMW X5,SUV,Diesel,government,Government,USD,USD,8,82599.7,0.67,660797.61,OK,606236.34,439415.53,166820.8,36,OK,Male,4,OK
BMW-1437,06-09-2031,CORRUPTED,2020,7,Q3,China,China,Shanghai BMW,BMW iX,Electric,Electric,Individual,Individual,CNY,CNY,1,655719.78,7.02,655719.78,OK,83002.5,64276.45,18726.06,40,OK,Male,4,OK
BMW-1979,04-09-2031,CORRUPTED,2021,3,Q1,Germany,Germany,BMW Munich HQ,BMW X7,SUV,Diesel,Lease,Lease,EUR,EUR,7,93614.59,0.74,655302.15,OK,655302.15,475329.69,179972.47,70,OK,Female,4,OK
BMW-1036,26-08-2031,CORRUPTED,2020,1,Q1,China,China,Beijing Luxury Motors,BMW iX,Electric,Electric,Individual,Individual,CNY,CNY,1,651331.41,2.7,651331.41,OK,82447.01,61009.67,21437.34,62,OK,Prefer not to say,4,OK
BMW-5416,19-08-2031,CORRUPTED,2024,11,Q4,USA,USA,Chicago Motors,BMW iX,Electric,Electric,Corporate Fleet,Corporate Fleet,USD,USD,7,92330.5,5.18,646313.5,OK,592948.16,450268.86,142679.3,25,OK,Male,4,OK
BMW-3495,09-08-2031,CORRUPTED,2022,12,Q4,China,China,Shenzhen Auto,BMW X5,SUV,Petrol,individual,Individual,CNY,CNY,1,637965.75,1.72,637965.75,OK,80755.16,59160.01,21595.15,38,OK,Male,4,OK
BMW-5270,08-08-2031,CORRUPTED,2024,9,Q3,China,China,Guangzhou BMW,BMW M3,M Sport,Diesel,Individual,Individual,CNY,CNY,1,637579.7,3.29,637579.7,OK,80706.29,60087.89,20618.4,46,OK,Prefer not to say,4,OK
BMW-2468,05-08-2031,CORRUPTED,2021,10,Q4,USA,USA,Chicago Motors,BMW iX,Electric,Electric,Lease,Lease,USD,USD,7,90529.5,4.4,633706.5,OK,581382.11,437881.91,143500.2,42,OK,Male,4,OK
BMW-3221,29-07-2031,CORRUPTED,2022,8,Q3,Australia,Australia,Melbourne Auto Group,BMW X5,SUV,Petrol,Corporate Fleet,Corporate Fleet,AUD,AUD,5,126073.95,5.64,630369.76,OK,382042.28,291509.51,90532.77,33,OK,Female,4,OK
BMW-4632,04-07-2031,CORRUPTED,2024,2,Q1,USA,USA,Chicago Motors,BMW 7 Series,Sedan,Hybrid,Government,Government,USD,USD,6,102732.22,7.7,616393.34,OK,565498.48,441143.77,124354.71,41,OK,Male,4,OK
BMW-4822,28-06-2031,CORRUPTED,2024,4,Q2,China,China,Shanghai BMW,BMW X5,SUV,Petrol,individual,Individual,CNY,CNY,1,613335.45,0.33,613335.45,OK,77637.4,56085.59,21551.8,47,OK,Male,4,OK
BMW-1613,09-06-2031,CORRUPTED,2020,10,Q4,Germany,Germany,AutohaUSA Berlin,BMW X7,SUV,Hybrid,Government,Government,EUR,EUR,6,100437.83,5.43,602626.95,OK,602626.95,458801.38,143825.57,32,OK,Female,4,OK
BMW-1638,10-05-2031,CORRUPTED,2020,10,Q4,UK,UK,London BMW Centre,BMW iX,Electric,Electric,Lease,Lease,GBP,GBP,7,83824.07,2.31,586768.5,OK,682288.95,502850.02,179438.93,62,OK,Male,4,OK
BMW-1007,23-04-2031,CORRUPTED,2020,1,Q1,Germany,Germany,BMW Munich HQ,BMW iX,Electric,Electric,Lease,Lease,EUR,EUR,7,82581.28,4.11,578068.93,OK,578068.93,434066.59,144002.34,54,OK,Prefer not to say,4,OK
BMW-5250,28-03-2031,CORRUPTED,2024,9,Q3,USA,USA,New York BMW,BMW iX,Electric,Electric,Government,Government,USD,USD,6,94166.81,3.37,565000.85,OK,518349.41,386226.79,132122.62,66,OK,Prefer not to say,4,OK
BMW-4662,06-03-2031,CORRUPTED,2024,2,Q1,China,China,Beijing Luxury Motors,BMW 2 Series,Coupe,Petrol,Corporate Fleet,Corporate Fleet,CNY,CNY,2,277535.08,7.34,555070.16,OK,70262.05,54596.65,15665.4,50,OK,Prefer not to say,4,OK
BMW-2992,24-12-2030,CORRUPTED,2022,5,Q2,China,China,Guangzhou BMW,BMW i4,Electric,Electric,Corporate Fleet,Corporate Fleet,CNY,CNY,1,512549.17,1.43,512549.17,OK,64879.64,47391.38,17488.26,31,OK,Prefer not to say,4,OK
BMW-4498,19-11-2030,CORRUPTED,2023,12,Q4,China,China,Shenzhen Auto,BMW i4,Electric,Electric,Individual,Individual,CNY,CNY,1,498586.93,4.08,498586.93,OK,63112.27,47373.26,15739.01,37,OK,Female,4,OK
BMW-1718,09-11-2030,CORRUPTED,2020,11,Q4,China,China,Beijing Luxury Motors,BMW i4,Electric,Electric,Individual,Individual,CNY,CNY,1,493278.82,3.87,493278.82,OK,62440.36,46768.21,15672.15,25,OK,Prefer not to say,4,OK
BMW-1455,14-10-2030,CORRUPTED,2020,7,Q3,UAE,UAE,Abu Dhabi Motors,BMW M5,M Sport,Hybrid,individual,Individual,AED,AED,1,480544.71,0.15,480544.71,OK,120136.18,86631.06,33505.12,62,OK,Male,4,OK
BMW-1850,27-09-2030,CORRUPTED,2021,1,Q1,USA,USA,New York BMW,BMW X3,SUV,Hybrid,Corporate Fleet,Corporate Fleet,USD,USD,8,59543.36,1.96,476346.86,OK,437015.46,320950.82,116064.65,47,OK,Female,4,OK
BMW-3700,21-09-2030,CORRUPTED,2023,3,Q1,USA,USA,Dallas BMW,BMW 5 Series,Sedan,Petrol,Corporate Fleet,Corporate Fleet,USD,USD,8,59290.05,4.18,474320.43,OK,435156.36,326976.9,108179.46,40,OK,Prefer not to say,4,OK
BMW-2262,06-09-2030,CORRUPTED,2021,7,Q3,China,China,Shanghai BMW,BMW 5 Series,Sedan,Diesel,Individual,Individual,CNY,CNY,1,467976.02,7.48,467976.02,OK,59237.47,46098.38,13139.09,44,OK,Male,4,OK
BMW-3148,25-06-2030,CORRUPTED,2022,7,Q3,UAE,UAE,Abu Dhabi Motors,BMW M5,M Sport,Hybrid,Individual,Individual,AED,AED,1,439782.13,3.26,439782.13,OK,109945.53,81827.75,28117.78,45,OK,Male,4,OK
BMW-3885,22-06-2030,CORRUPTED,2023,5,Q2,China,China,Shanghai BMW,BMW X3,SUV,Diesel,Individual,Individual,CNY,CNY,1,438451.39,2.06,438451.39,OK,55500.18,40799.54,14700.63,30,OK,Male,4,OK
BMW-1578,29-05-2030,CORRUPTED,2020,9,Q3,China,China,Guangzhou BMW,BMW 5 Series,Sedan,Petrol,Individual,Individual,CNY,CNY,1,433410.5,7.81,433410.5,OK,54862.09,42849.11,12012.98,54,OK,Female,4,OK
BMW-5391,14-03-2030,CORRUPTED,2024,11,Q4,Germany,Germany,Hamburg Drive,BMW M5,M Sport,Diesel,Lease,Lease,EUR,EUR,4,103517.74,6.81,414070.98,OK,414070.98,319925.76,94145.22,55,OK,Prefer not to say,4,OK
BMW-3109,27-02-2030,CORRUPTED,2022,7,Q3,USA,USA,New York BMW,BMW M5,M Sport,Petrol,Lease,Lease,USD,USD,3,136478.87,0.25,409436.61,OK,375629.91,271129.73,104500.18,70,OK,Male,4,OK
BMW-4915,26-02-2030,CORRUPTED,2024,5,Q2,China,China,Shanghai BMW,BMW X3,SUV,Diesel,individual,Individual,CNY,CNY,1,409213.47,5.92,409213.47,OK,51799.17,39640.71,12158.46,69,OK,Male,4,OK
BMW-1485,18-02-2030,CORRUPTED,2020,8,Q3,USA,USA,New York BMW,BMW X3,SUV,Hybrid,Government,Government,USD,USD,7,58246.52,6.21,407725.64,OK,374060.22,287160.57,86899.66,65,OK,Female,4,OK
BMW-2216,16-02-2030,CORRUPTED,2021,6,Q2,UAE,UAE,Dubai BMW,BMW X3,SUV,Hybrid,Corporate Fleet,Corporate Fleet,AED,AED,2,203746.51,0.43,407493.03,OK,101873.26,73664.82,28208.43,28,OK,Male,4,OK
BMW-4875,15-02-2030,CORRUPTED,2024,5,Q2,USA,USA,Miami Auto Group,BMW 7 Series,Sedan,Petrol,Corporate Fleet,Corporate Fleet,USD,USD,4,101807.82,3.67,407231.27,OK,373606.67,279244.61,94362.06,28,OK,Prefer not to say,4,OK
BMW-2538,18-01-2030,CORRUPTED,2021,11,Q4,USA,USA,Dallas BMW,BMW X5,SUV,Hybrid,Corporate Fleet,Corporate Fleet,USD,USD,5,80228.56,1.97,401142.8,OK,368020.92,270290.46,97730.46,60,OK,Male,4,OK
BMW-5164,12-01-2030,CORRUPTED,2024,8,Q3,China,China,Shenzhen Auto,BMW X3,SUV,Hybrid,Individual,Individual,CNY,CNY,1,399669.39,2.33,399669.39,OK,50591.06,37294.99,13296.07,29,OK,Female,4,OK
BMW-4147,30-12-2029,CORRUPTED,2023,8,Q3,China,China,Beijing Luxury Motors,BMW X3,SUV,Hybrid,Individual,Individual,CNY,CNY,1,395702.4,7.34,395702.4,OK,50088.91,38919.2,11169.72,27,OK,Prefer not to say,4,OK
BMW-4228,28-12-2029,CORRUPTED,2023,9,Q3,UK,UK,London BMW Centre,BMW M5,M Sport,Hybrid,Lease,Lease,GBP,GBP,4,98699.08,4.79,394796.33,OK,459065.49,347168.34,111897.15,53,OK,Prefer not to say,4,OK
BMW-4034,21-12-2029,CORRUPTED,2023,7,Q3,USA,USA,Chicago Motors,BMW X3,SUV,Diesel,Corporate Fleet,Corporate Fleet,USD,USD,7,56099.12,6.89,392693.85,OK,360269.58,278581.23,81688.36,44,OK,Prefer not to say,4,OK
BMW-3182,02-12-2029,CORRUPTED,2022,8,Q3,USA,USA,Dallas BMW,BMW 3 Series,Sedan,Diesel,lease,Lease,USD,USD,8,48409.54,0.52,387276.31,OK,355299.36,257152.75,98146.61,39,OK,Prefer not to say,4,OK
BMW-1431,23-11-2029,CORRUPTED,2020,7,Q3,China,China,Beijing Luxury Motors,BMW X3,SUV,Hybrid,Individual,Individual,CNY,CNY,1,383694.98,2.43,383694.98,OK,48568.98,35838.77,12730.22,58,OK,Male,4,OK
BMW-3944,09-11-2029,CORRUPTED,2023,6,Q2,USA,USA,Dallas BMW,BMW iX,Electric,Electric,corporate fleet,Corporate Fleet,USD,USD,4,94764.94,3.53,379059.76,OK,347761.25,259551.03,88210.21,34,OK,Male,4,OK
BMW-4973,06-11-2029,CORRUPTED,2024,6,Q2,USA,USA,Chicago Motors,BMW 5 Series,Sedan,Hybrid,Lease,Lease,USD,USD,6,63014.5,2.13,378086.99,OK,346868.8,255189.44,91679.37,34,OK,Male,4,OK
BMW-1872,26-10-2029,CORRUPTED,2021,1,Q1,UK,UK,London BMW Centre,BMW 5 Series,Sedan,Petrol,Corporate Fleet,Corporate Fleet,GBP,GBP,8,46934.14,5.29,375473.11,OK,436596.64,331919.66,104676.98,52,OK,Male,4,OK
BMW-2806,13-10-2029,CORRUPTED,2022,3,Q1,USA,USA,Miami Auto Group,BMW i4,Electric,Electric,lease,Lease,USD,USD,5,74391.94,2.56,371959.72,OK,341247.45,252164.95,89082.5,69,OK,Female,4,OK
BMW-4048,27-09-2029,CORRUPTED,2023,7,Q3,UK,UK,London BMW Centre,BMW M5,M Sport,Diesel,Lease,Lease,GBP,GBP,4,91695.93,3.09,366783.74,OK,426492.72,316851.97,109640.75,39,OK,Male,4,OK
BMW-4806,09-09-2029,CORRUPTED,2024,4,Q2,China,China,Shenzhen Auto,BMW 3 Series,Sedan,Diesel,individual,Individual,CNY,CNY,1,362789.21,6.06,362789.21,OK,45922.69,35196.29,10726.4,39,OK,Female,4,OK
BMW-1000,09-06-2029,CORRUPTED,2020,1,Q1,Germany,Germany,BMW Munich HQ,BMW M3,M Sport,Petrol,Corporate Fleet,Corporate Fleet,EUR,EUR,4,85598.92,4.79,342395.69,OK,342395.69,258925.54,83470.16,31,OK,Prefer not to say,4,OK
BMW-1319,01-06-2029,CORRUPTED,2020,5,Q2,UAE,UAE,Abu Dhabi Motors,BMW iX,Electric,Electric,Individual,Individual,AED,AED,1,340695.79,1.7,340695.79,OK,85173.95,62388.87,22785.08,49,OK,Female,4,OK
BMW-5395,14-05-2029,CORRUPTED,2024,11,Q4,Germany,Germany,BMW Munich HQ,BMW M5,M Sport,Diesel,Government,Government,EUR,EUR,3,112193.07,3.95,336579.21,OK,336579.21,252292.79,84286.41,60,OK,Female,4,OK
BMW-2886,10-05-2029,CORRUPTED,2022,4,Q2,UK,UK,London BMW Centre,BMW M3,M Sport,Hybrid,Lease,Lease,Gbp,GBP,5,67184.67,2.42,335923.33,OK,390608.53,288207.62,102400.91,62,OK,Male,4,OK
BMW-4002,19-04-2029,CORRUPTED,2023,7,Q3,Germany,Germany,AutohaUSA Berlin,BMW iX,Electric,Electric,Lease,Lease,EUR,EUR,4,82533.94,7.89,330135.75,OK,330135.75,258052.07,72083.68,37,OK,Female,4,OK
BMW-3050,15-04-2029,CORRUPTED,2022,6,Q2,China,China,Guangzhou BMW,BMW 3 Series,Sedan,Hybrid,Individual,Individual,CNY,CNY,1,329177.93,6.85,329177.93,OK,41668.09,32208.55,9459.54,43,OK,Male,4,OK
BMW-2442,10-04-2029,CORRUPTED,2021,10,Q4,Germany,Germany,Stuttgart Motors,BMW X5,SUV,Diesel,Lease,Lease,EUR,EUR,5,65373.32,5.11,326866.58,OK,326866.58,248022.1,78844.49,32,OK,Male,4,OK
BMW-4052,02-04-2029,CORRUPTED,2023,7,Q3,China,China,Shanghai BMW,BMW 3 Series,Sedan,Hybrid,Individual,Individual,CNY,CNY,1,325837.65,0.4,325837.65,OK,41245.27,29815.67,11429.6,35,OK,Male,4,OK
BMW-2768,01-04-2029,CORRUPTED,2022,2,Q1,China,China,Beijing Luxury Motors,BMW 3 Series,Sedan,Petrol,Individual,Individual,CNY,CNY,1,325541.67,7.91,325541.67,OK,41207.81,32219.55,8988.25,52,OK,Female,4,OK
BMW-2882,30-03-2029,CORRUPTED,2022,4,Q2,USA,USA,Miami Auto Group,BMW 7 Series,Sedan,Petrol,Corporate Fleet,Corporate Fleet,USD,USD,3,108443.13,1.05,325329.38,OK,298467.33,217173.84,81293.48,43,OK,Male,4,OK
BMW-5037,16-02-2029,CORRUPTED,2024,7,Q3,Germany,Germany,BMW Munich HQ,BMW X3,SUV,Hybrid,Corporate Fleet,Corporate Fleet,EUR,EUR,6,52694.24,0.11,316165.46,OK,316165.46,227883.51,88281.95,36,OK,Male,4,OK
BMW-1096,19-01-2029,CORRUPTED,2020,2,Q1,USA,USA,Dallas BMW,BMW X5,SUV,Petrol,Lease,Lease,USD,USD,4,76678.07,0.56,306712.3,OK,281387.43,203749.22,77638.21,51,OK,Female,4,OK
BMW-2254,17-01-2029,CORRUPTED,2021,7,Q3,China,China,Shanghai BMW,BMW 2 Series,Coupe,Hybrid,Individual,Individual,CNY,CNY,1,306472.83,2.64,306472.83,OK,38794.03,28689.46,10104.57,0,BAD AGE,Female,4,OK
BMW-3207,14-01-2029,CORRUPTED,2022,8,Q3,China,China,Beijing Luxury Motors,BMW 3 Series,Sedan,Hybrid,Corporate Fleet,Corporate Fleet,CNY,CNY,1,305752.23,6.2,305752.23,OK,38702.81,29708.95,8993.86,53,OK,Male,4,OK
BMW-5135,01-01-2029,CORRUPTED,2024,8,Q3,USA,USA,Chicago Motors,BMW X5,SUV,Petrol,corporate fleet,Corporate Fleet,USD,USD,4,75826.83,0.3,303307.3,OK,278263.58,200959.36,77304.22,43,OK,Prefer not to say,4,OK
BMW-2666,22-10-2028,CORRUPTED,2022,1,Q1,Germany,Germany,BMW Munich HQ,BMW 2 Series,Coupe,Petrol,Corporate Fleet,Corporate Fleet,EUR,EUR,7,40280.33,5.47,281962.34,OK,281962.34,214768.62,67193.72,68,OK,Prefer not to say,4,OK
BMW-1523,05-10-2028,CORRUPTED,2020,8,Q3,UAE,UAE,Dubai BMW,BMW i4,Electric,Electric,Individual,Individual,AED,AED,1,276181.08,3.6,276181.08,OK,69045.27,51567.97,17477.3,70,OK,Male,4,OK
BMW-2804,18-09-2028,CORRUPTED,2022,3,Q1,USA,USA,New York BMW,BMW M3,M Sport,Hybrid,Corporate Fleet,Corporate Fleet,USD,USD,3,90347.3,4.92,271041.91,OK,248662.3,188310.04,60352.27,28,OK,Female,4,OK
BMW-4939,08-09-2028,CORRUPTED,2024,5,Q2,Australia,Australia,Sydney BMW,BMW 2 Series,Coupe,Hybrid,corporate fleet,Corporate Fleet,AUD,AUD,4,67335.32,4.09,269341.28,OK,163237.14,122545.49,40691.65,64,OK,Female,4,OK
BMW-5468,07-08-2028,CORRUPTED,2024,12,Q4,Germany,Germany,Stuttgart Motors,BMW 3 Series,Sedan,Diesel,government,Government,EUR,EUR,6,42933.39,4.39,257600.34,OK,257600.34,193981.55,63618.79,26,OK,Prefer not to say,4,OK
BMW-4623,25-06-2028,CORRUPTED,2024,2,Q1,Germany,Germany,Hamburg Drive,BMW iX,Electric,Electric,corporate fleet,Corporate Fleet,eur,EUR,3,82175.28,3.17,246525.84,OK,246525.84,183304.84,63221,51,OK,Female,4,OK
BMW-5256,23-06-2028,CORRUPTED,2024,9,Q3,UK,UK,London BMW Centre,BMW X3,SUV,Hybrid,Corporate Fleet,Corporate Fleet,GBP,GBP,5,49166.36,4.3,245831.8,OK,285850.93,215057.68,70793.25,31,OK,Female,4,OK
BMW-2858,15-06-2028,CORRUPTED,2022,4,Q2,Germany,Germany,Hamburg Drive,BMW iX,Electric,Electric,Corporate Fleet,Corporate Fleet,EUR,EUR,3,81159.08,4.27,243477.24,OK,243477.24,183127.34,60349.9,62,OK,Male,4,OK
BMW-1970,17-05-2028,CORRUPTED,2021,3,Q1,Germany,Germany,BMW Munich HQ,BMW X5,SUV,Diesel,Corporate Fleet,Corporate Fleet,EUR,EUR,3,77851.16,5.34,233553.48,OK,233553.48,177650.26,55903.22,53,OK,Prefer not to say,4,OK
BMW-3705,23-03-2028,CORRUPTED,2023,3,Q1,USA,USA,Beverly Hills BMW,BMW 3 Series,Sedan,Hybrid,Corporate Fleet,Corporate Fleet,USD,USD,5,43722.87,7.81,218614.34,OK,200563.61,156641.55,43922.06,33,OK,Female,4,OK
BMW-4447,12-03-2028,CORRUPTED,2023,12,Q4,USA,USA,Dallas BMW,BMW X5,SUV,Hybrid,Government,Government,USD,USD,3,71881.15,5.81,215643.45,OK,197838.02,151236.13,46601.89,66,OK,Female,4,OK
BMW-4365,03-01-2028,CORRUPTED,2023,11,Q4,USA,USA,Chicago Motors,BMW i4,Electric,Electric,Lease,Lease,USD,USD,3,66798.37,0.81,200395.1,OK,183848.72,133450.97,50397.74,54,OK,Prefer not to say,4,OK
BMW-5187,29-12-2027,CORRUPTED,2024,8,Q3,UAE,UAE,Dubai BMW,BMW X3,SUV,Diesel,Individual,Individual,AED,AED,1,199136.73,4.71,199136.73,OK,49784.18,37618.2,12165.98,25,OK,Female,4,OK
BMW-2925,02-12-2027,CORRUPTED,2022,4,Q2,UAE,UAE,Dubai BMW,BMW X3,SUV,Diesel,Individual,Individual,AED,AED,1,190657.18,7.21,190657.18,OK,47664.3,36983.81,10680.48,68,OK,Prefer not to say,4,OK
BMW-1332,30-11-2027,CORRUPTED,2020,6,Q2,Germany,Germany,BMW Munich HQ,BMW i4,Electric,Electric,Corporate Fleet,Corporate Fleet,EUR,EUR,3,63260.73,4.14,189782.18,OK,189782.18,142547.03,47235.15,40,OK,Female,4,OK
BMW-1598,18-11-2027,CORRUPTED,2020,9,Q3,Australia,Australia,Sydney BMW,BMW M5,M Sport,Petrol,Individual,Individual,AUD,AUD,1,186661.92,3.78,186661.92,OK,113128.44,84652.29,28476.15,68,OK,Female,4,OK
BMW-2287,23-10-2027,CORRUPTED,2021,8,Q3,Germany,Germany,BMW Munich HQ,BMW 3 Series,Sedan,Diesel,Government,Government,EUR,EUR,4,43773.16,7.35,175092.62,OK,175092.62,136073.04,39019.58,67,OK,Male,4,OK
BMW-1106,22-10-2027,CORRUPTED,2020,2,Q1,UK,UK,Edinburgh Motors,BMW X5,SUV,Petrol,Corporate Fleet,Corporate Fleet,GBP,GBP,3,58350.18,7.45,175050.54,OK,203547.14,158344.35,45202.79,61,OK,Female,4,OK
BMW-4957,05-10-2027,CORRUPTED,2024,6,Q2,Germany,Germany,Stuttgart Motors,BMW 5 Series,Sedan,Hybrid,Corporate Fleet,Corporate Fleet,EUR,EUR,3,56460.83,5.36,169382.49,OK,169382.49,128861.62,40520.87,53,OK,Prefer not to say,4,OK
BMW-4790,03-10-2027,CORRUPTED,2024,4,Q2,USA,USA,Chicago Motors,BMW 5 Series,Sedan,Petrol,Lease,Lease,USD,USD,3,56181.66,6.87,168544.99,OK,154628.43,119544.2,35084.24,25,OK,Female,4,OK
BMW-3663,30-09-2027,CORRUPTED,2023,2,Q1,UAE,UAE,Abu Dhabi Motors,BMW 3 Series,Sedan,Petrol,Individual,Individual,AED,AED,1,167815.57,2.24,167815.57,OK,41953.89,30899.49,11054.41,67,OK,Prefer not to say,4,OK
BMW-2722,14-09-2027,CORRUPTED,2022,1,Q1,UAE,UAE,Dubai BMW,BMW 3 Series,Sedan,Diesel,individual,Individual,AED,AED,1,160631.33,4.29,160631.33,OK,40157.83,30211.17,9946.66,64,OK,Female,4,OK
BMW-3118,09-09-2027,CORRUPTED,2022,7,Q3,USA,USA,Beverly Hills BMW,BMW X5,SUV,Diesel,Corporate Fleet,Corporate Fleet,USD,USD,2,80184.88,4.68,160369.77,OK,147128.23,111135.18,35993.05,70,OK,Female,4,OK
BMW-3905,28-08-2027,CORRUPTED,2023,5,Q2,Australia,Australia,Sydney BMW,BMW 3 Series,Sedan,Petrol,corporate fleet,Corporate Fleet,AUD,AUD,2,79388.19,2.64,158776.38,OK,96228.11,71160.26,25067.85,38,OK,Female,4,OK
BMW-4450,19-08-2027,CORRUPTED,2023,12,Q4,USA,USA,Beverly Hills BMW,BMW X3,SUV,Hybrid,Corporate Fleet,Corporate Fleet,USD,USD,3,52356.15,2.81,157068.45,OK,144099.49,106746.07,37353.42,26,OK,Male,4,OK
BMW-2358,26-07-2027,CORRUPTED,2021,8,Q3,Australia,Australia,Melbourne Auto Group,BMW iX,Electric,Electric,Government,Government,AUD,AUD,1,149872,5.91,149872,OK,90831.51,69505.32,21326.19,50,OK,Female,4,OK
BMW-4757,27-06-2027,CORRUPTED,2024,3,Q1,UAE,UAE,Dubai BMW,BMW 2 Series,Coupe,Petrol,Individual,Individual,AED,AED,1,144206.08,3.81,144206.08,OK,36051.52,26984.22,9067.31,37,OK,Female,4,OK
BMW-3702,11-04-2027,CORRUPTED,2023,3,Q1,USA,USA,Beverly Hills BMW,BMW M5,M Sport,Hybrid,Individual,Individual,USD,USD,1,127618.32,0.36,127618.32,OK,117081.02,84606.21,32474.81,60,OK,Female,4,OK
BMW-2464,15-03-2027,CORRUPTED,2021,10,Q4,USA,USA,Beverly Hills BMW,BMW 2 Series,Coupe,Hybrid,Lease,Lease,USD,USD,3,41217.98,6.96,123653.95,OK,113443.99,87787.55,25656.44,52,OK,Prefer not to say,4,OK
BMW-4451,11-02-2027,CORRUPTED,2023,12,Q4,USA,USA,Chicago Motors,BMW X7,SUV,Petrol,Individual,Individual,USD,USD,1,119666.4,1.12,119666.4,OK,109785.69,79942.76,29842.92,37,OK,Prefer not to say,4,OK
BMW-4431,07-02-2027,CORRUPTED,2023,12,Q4,Germany,Germany,BMW Munich HQ,BMW i7,Electric,Electric,individual,Individual,EUR,EUR,1,119413.4,0.03,119413.4,OK,119413.4,86005.86,33407.53,41,OK,Male,4,OK
BMW-4507,30-01-2027,CORRUPTED,2023,12,Q4,Australia,Australia,Sydney BMW,BMW X5,SUV,Petrol,individual,Individual,AUD,AUD,1,118125.46,4.54,118125.46,OK,71591.19,53995.6,17595.58,69,OK,Female,4,OK
BMW-3604,29-01-2027,CORRUPTED,2023,2,Q1,Germany,Germany,Stuttgart Motors,BMW M5,M Sport,Hybrid,individual,Individual,EUR,EUR,1,118124.17,4.26,118124.17,OK,118124.17,88829.34,29294.82,50,OK,Male,4,OK
BMW-3090,23-01-2027,CORRUPTED,2022,7,Q3,Germany,Germany,AutohaUSA Berlin,BMW i7,Electric,Electric,Individual,Individual,EUR,EUR,1,116737.62,6.26,116737.62,OK,116737.62,89660.25,27077.38,64,OK,Female,4,OK
BMW-3032,16-01-2027,CORRUPTED,2022,6,Q2,USA,USA,New York BMW,BMW 2 Series,Coupe,Diesel,Corporate Fleet,Corporate Fleet,USD,USD,3,38591.01,7.05,115773.02,OK,106213.78,82277.57,23936.21,38,OK,Female,4,OK
BMW-1902,26-12-2026,CORRUPTED,2021,2,Q1,Germany,Germany,Stuttgart Motors,BMW 2 Series,Coupe,Diesel,Government,Government,EUR,EUR,3,37618.66,7.43,112855.98,OK,112855.98,87773.92,25082.06,29,OK,Female,4,OK
BMW-1263,05-11-2026,CORRUPTED,2020,4,Q2,Australia,Australia,Melbourne Auto Group,BMW 5 Series,Sedan,Hybrid,Lease,Lease,AUD,AUD,1,107285.1,1.09,107285.1,OK,65021.27,47333.4,17687.87,26,OK,Male,4,OK
BMW-3796,30-10-2026,CORRUPTED,2023,4,Q2,USA,USA,Beverly Hills BMW,BMW 7 Series,Sedan,Hybrid,Individual,Individual,USD,USD,1,106789.74,3.06,106789.74,OK,97972.24,72765.86,25206.38,64,OK,Female,4,OK
BMW-3863,21-10-2026,CORRUPTED,2023,5,Q2,USA,USA,Dallas BMW,BMW iX,Electric,Electric,Individual,Individual,USD,USD,1,105728.18,0.61,105728.18,OK,96998.33,70270.13,26728.2,40,OK,Prefer not to say,4,OK
BMW-4021,23-09-2026,CORRUPTED,2023,7,Q3,USA,USA,Beverly Hills BMW,BMW X7,SUV,Diesel,Individual,Individual,USD,USD,1,103140.49,5.92,103140.49,OK,94624.3,72416.78,22207.52,27,OK,Male,4,OK
BMW-4340,30-08-2026,CORRUPTED,2023,11,Q4,Germany,Germany,Stuttgart Motors,BMW 7 Series,Sedan,Hybrid,Individual,Individual,EUR,EUR,1,100779.89,1.38,100779.89,OK,100779.89,73577.82,27202.07,57,OK,Prefer not to say,4,OK
BMW-2966,21-08-2026,CORRUPTED,2022,5,Q2,USA,USA,Dallas BMW,BMW X7,SUV,Hybrid,Individual,Individual,USD,USD,1,99878.84,6.3,99878.84,OK,91631.96,70407.75,21224.21,66,OK,Prefer not to say,4,OK
BMW-3626,10-08-2026,CORRUPTED,2023,2,Q1,USA,USA,Beverly Hills BMW,BMW iX,Electric,Electric,Individual,Individual,USD,USD,1,98718.45,7.18,98718.45,OK,90567.39,70252.71,20314.67,52,OK,Male,4,OK
BMW-4182,21-07-2026,CORRUPTED,2023,9,Q3,Germany,Germany,AutohaUSA Berlin,BMW iX,Electric,Electric,Individual,Individual,EUR,EUR,1,96986.76,2.62,96986.76,OK,96986.76,71709.53,25277.23,33,OK,Male,4,OK
BMW-3111,10-07-2026,CORRUPTED,2022,7,Q3,USA,USA,New York BMW,BMW M3,M Sport,Petrol,Individual,Individual,USD,USD,1,96416.2,5.55,96416.2,OK,88455.23,67426.83,21028.41,56,OK,Prefer not to say,4,OK
BMW-4260,18-06-2026,CORRUPTED,2023,9,Q3,Australia,Australia,Sydney BMW,BMW X3,SUV,Petrol,Individual,Individual,AUD,AUD,1,94874.74,3.48,94874.74,OK,57499.84,42890.49,14609.36,999,BAD AGE,Male,4,OK
BMW-1917,11-06-2026,CORRUPTED,2021,2,Q1,USA,USA,Chicago Motors,BMW iX,Electric,Electric,Corporate Fleet,Corporate Fleet,USD,USD,1,94437.55,7.05,94437.55,OK,86639.96,67110.58,19529.38,69,OK,Prefer not to say,4,OK
BMW-4292,06-06-2026,CORRUPTED,2023,10,Q4,USA,USA,New York BMW,BMW iX,Electric,Electric,Individual,Individual,USD,USD,1,94251.42,0.71,94251.42,OK,86469.19,62705.54,23763.66,44,OK,Prefer not to say,4,OK
BMW-3115,02-06-2026,CORRUPTED,2022,7,Q3,USA,USA,New York BMW,BMW iX,Electric,Electric,Individual,Individual,USD,USD,1,94104.87,4.57,94104.87,OK,86334.75,65134.62,21200.13,51,OK,Prefer not to say,4,OK
BMW-1630,26-05-2026,CORRUPTED,2020,10,Q4,USA,USA,Beverly Hills BMW,BMW M3,M Sport,Petrol,Individual,Individual,USD,USD,1,93672.35,2.72,93672.35,OK,85937.94,63608.54,22329.4,31,OK,Male,4,OK
BMW-4050,06-05-2026,CORRUPTED,2023,7,Q3,UK,UK,London BMW Centre,BMW i7,Electric,Electric,individual,Individual,GBP,GBP,1,92360.6,6.29,92360.6,OK,107396.04,82512.07,24883.97,59,OK,Female,4,OK
BMW-1675,01-05-2026,CORRUPTED,2020,11,Q4,Germany,Germany,AutohaUSA Berlin,BMW 3 Series,Sedan,Petrol,corporate fleet,Corporate Fleet,EUR,EUR,2,45964.74,0.98,91929.48,OK,91929.48,66846.57,25082.91,50,OK,Female,4,OK
BMW-2113,16-03-2026,CORRUPTED,2021,5,Q2,USA,USA,New York BMW,BMW M3,M Sport,Diesel,Corporate Fleet,Corporate Fleet,USD,USD,1,88534.32,0.96,88534.32,OK,81224.14,59050.38,22173.76,51,OK,Prefer not to say,4,OK
BMW-2453,12-03-2026,CORRUPTED,2021,10,Q4,Germany,Germany,BMW Munich HQ,BMW X7,SUV,Diesel,Individual,Individual,EUR,EUR,1,88367.17,5.57,88367.17,OK,88367.17,67379.78,20987.39,54,OK,Prefer not to say,4,OK
BMW-5258,01-03-2026,CORRUPTED,2024,9,Q3,UK,UK,London BMW Centre,BMW X7,SUV,Hybrid,individual,Individual,GBP,GBP,1,87447.38,6.16,87447.38,OK,101683.01,78018.39,23664.61,40,OK,Prefer not to say,4,OK
BMW-3606,18-02-2026,CORRUPTED,2023,2,Q1,Germany,Germany,Stuttgart Motors,BMW M3,M Sport,Petrol,Individual,Individual,EUR,EUR,1,86457.38,6.59,86457.38,OK,86457.38,66637.96,19819.42,35,OK,Male,4,OK
BMW-1090,16-02-2026,CORRUPTED,2020,2,Q1,USA,USA,Miami Auto Group,BMW X5,SUV,Diesel,Individual,Individual,USD,USD,1,86351.61,0.12,86351.61,OK,79221.66,57105.35,22116.31,56,OK,Male,4,OK
BMW-2942,14-02-2026,CORRUPTED,2022,5,Q2,Germany,Germany,BMW Munich HQ,BMW iX,Electric,Electric,Individual,Individual,EUR,EUR,1,86151.34,0.18,86151.34,OK,86151.34,62143.54,24007.8,56,OK,Prefer not to say,4,OK
BMW-2860,26-01-2026,CORRUPTED,2022,4,Q2,Germany,Germany,AutohaUSA Berlin,BMW iX,Electric,Electric,Individual,Individual,EUR,EUR,1,85218.42,2.6,85218.42,OK,85218.42,62992.58,22225.84,63,OK,Male,4,OK
BMW-4473,24-01-2026,CORRUPTED,2023,12,Q4,UK,UK,Edinburgh Motors,BMW X7,SUV,Hybrid,Individual,Individual,GBP,GBP,1,85134.94,2.71,85134.94,OK,98994.11,73260.47,25733.64,34,OK,Male,4,OK
BMW-1600,21-01-2026,CORRUPTED,2020,9,Q3,Australia,Australia,Melbourne Auto Group,BMW X3,SUV,Hybrid,individual,Individual,AUD,AUD,1,84897.01,1.66,84897.01,OK,51452.73,37669.76,13782.98,60,OK,Male,4,OK
BMW-4372,03-01-2026,CORRUPTED,2023,11,Q4,UK,UK,Manchester Prestige,BMW 7 Series,Sedan,Hybrid,Individual,Individual,GBP,GBP,1,83790.33,3.64,83790.33,OK,97430.62,72800.03,24630.59,65,OK,Prefer not to say,4,OK
BMW-4524,13-12-2025,CORRUPTED,2024,1,Q1,Germany,Germany,Stuttgart Motors,BMW iX,Electric,Electric,Individual,Individual,EUR,EUR,1,82969.01,6.23,82969.01,OK,82969.01,63705.5,19263.51,60,OK,Female,4,OK
BMW-1745,22-11-2025,CORRUPTED,2020,11,Q4,Australia,Australia,Sydney BMW,BMW 3 Series,Sedan,Petrol,Individual,Individual,AUD,AUD,1,81203.98,0.36,81203.98,OK,49214.53,35562.24,13652.3,27,OK,Male,4,OK
BMW-5211,18-11-2025,CORRUPTED,2024,9,Q3,Germany,Germany,Hamburg Drive,BMW X5,SUV,Hybrid,Individual,Individual,EUR,EUR,1,81063.73,0.28,81063.73,OK,81063.73,58531.98,22531.76,49,OK,Female,4,OK
BMW-1695,26-10-2025,CORRUPTED,2020,11,Q4,USA,USA,New York BMW,BMW X5,SUV,Diesel,individual,Individual,USD,USD,1,79557.39,3.46,79557.39,OK,72988.43,54436.16,18552.27,50,OK,Female,4,OK
BMW-4097,08-10-2025,CORRUPTED,2023,8,Q3,Germany,Germany,Hamburg Drive,BMW M3,M Sport,Diesel,Individual,Individual,EUR,EUR,1,78478.5,3.81,78478.5,OK,78478.5,58745.28,19733.22,42,OK,Prefer not to say,4,OK
BMW-1001,26-09-2025,CORRUPTED,2020,1,Q1,Germany,Germany,BMW Munich HQ,BMW iX,Electric,Electric,corporate fleet,Corporate Fleet,EUR,EUR,1,77863.47,6.93,77863.47,OK,77863.47,60235.67,17627.79,38,OK,Male,4,OK
BMW-4188,25-09-2025,CORRUPTED,2023,9,Q3,Germany,Germany,AutohaUSA Berlin,BMW X5,SUV,Diesel,Individual,Individual,EUR,EUR,1,77827.23,5.36,77827.23,OK,77827.23,59210.15,18617.08,70,OK,Female,4,OK
BMW-4890,15-09-2025,CORRUPTED,2024,5,Q2,UK,UK,London BMW Centre,BMW iX,Electric,Electric,individual,Individual,GBP,GBP,1,77334.86,5.04,77334.86,OK,89924.25,68182.89,21741.36,37,OK,Female,4,OK
BMW-5385,05-09-2025,CORRUPTED,2024,11,Q4,Germany,Germany,Hamburg Drive,BMW X5,SUV,Hybrid,Individual,Individual,EUR,EUR,1,76898.76,0.67,76898.76,OK,76898.76,55741.49,21157.27,52,OK,Male,4,OK
BMW-1151,02-09-2025,CORRUPTED,2020,3,Q1,USA,USA,New York BMW,BMW X5,SUV,Diesel,individual,Individual,USD,USD,1,76731.77,4.11,76731.77,OK,70396.12,52858.71,17537.41,51,OK,Male,4,OK
BMW-4217,01-09-2025,CORRUPTED,2023,9,Q3,USA,USA,Miami Auto Group,BMW i4,Electric,Electric,Individual,Individual,USD,USD,1,76722.89,5.34,76722.89,OK,70387.98,53539.92,16848.06,60,OK,Female,4,OK
BMW-4359,14-08-2025,CORRUPTED,2023,11,Q4,USA,USA,Chicago Motors,BMW i4,Electric,Electric,individual,Individual,USD,USD,1,75941.21,3.85,75941.21,OK,69670.84,52170.75,17500.09,69,OK,Male,4,OK
BMW-3252,16-06-2025,CORRUPTED,2022,9,Q3,USA,USA,New York BMW,BMW i4,Electric,Electric,Individual,Individual,USD,USD,1,72659.65,7.08,72659.65,OK,66660.23,51652.42,15007.81,39,OK,Female,4,OK
BMW-3232,18-05-2025,CORRUPTED,2022,9,Q3,Germany,Germany,Hamburg Drive,BMW i4,Electric,Electric,Individual,Individual,eur,EUR,1,71054.62,3.66,71054.62,OK,71054.62,53102.08,17952.54,69,OK,Prefer not to say,4,OK
BMW-1228,10-04-2025,CORRUPTED,2020,4,Q2,USA,USA,New York BMW,BMW 5 Series,Sedan,Hybrid,Individual,Individual,USD,USD,1,68373.73,1.68,68373.73,OK,62728.19,45935.67,16792.52,58,OK,Female,4,OK
BMW-5396,02-04-2025,CORRUPTED,2024,11,Q4,Germany,Germany,Hamburg Drive,BMW i4,Electric,Electric,individual,Individual,EUR,EUR,1,68028.48,7.65,68028.48,OK,68028.48,53035.17,14993.31,63,OK,Male,4,OK
BMW-2380,29-03-2025,CORRUPTED,2021,9,Q3,USA,USA,New York BMW,BMW i4,Electric,Electric,Individual,Individual,USD,USD,1,67808.04,2.66,67808.04,OK,62209.21,46015.49,16193.72,38,OK,Male,4,OK
BMW-5129,09-02-2025,CORRUPTED,2024,8,Q3,Germany,Germany,Hamburg Drive,BMW i4,Electric,Electric,Individual,Individual,EUR,EUR,1,65700.23,1.74,65700.23,OK,65700.23,48140.79,17559.44,53,OK,Male,4,OK
BMW-1138,06-02-2025,CORRUPTED,2020,3,Q1,Germany,Germany,Hamburg Drive,BMW i4,Electric,Electric,government,Government,EUR,EUR,1,65591.6,3.32,65591.6,OK,65591.6,48846.97,16744.63,29,OK,Male,4,OK
BMW-4963,31-01-2025,CORRUPTED,2024,6,Q2,USA,USA,Dallas BMW,BMW i4,Electric,Electric,Individual,Individual,USD,USD,1,65163.11,3.73,65163.11,OK,59782.67,44709.85,15072.82,25,OK,Female,4,OK
BMW-4141,13-01-2025,CORRUPTED,2023,8,Q3,UK,UK,Manchester Prestige,BMW X5,SUV,Diesel,Individual,Individual,GBP,GBP,1,64449.62,6.77,64449.62,OK,74941.42,57876.52,17064.9,58,OK,Female,4,OK
BMW-2599,02-01-2025,CORRUPTED,2021,12,Q4,USA,USA,Beverly Hills BMW,BMW 5 Series,Sedan,Diesel,Corporate Fleet,Corporate Fleet,USD,USD,1,64047.52,2.89,64047.52,OK,58759.19,43567.16,15192.03,40,OK,Female,4,OK
BMW-3765,21-12-2024,CORRUPTED,2023,4,Q2,Germany,Germany,Hamburg Drive,BMW 5 Series,Sedan,Hybrid,Individual,Individual,EUR,EUR,1,63593.88,2.37,63593.88,OK,63593.88,46900.07,16693.81,25,OK,Prefer not to say,4,OK
BMW-4216,19-12-2024,CORRUPTED,2023,9,Q3,USA,USA,Dallas BMW,BMW i4,Electric,Electric,Lease,Lease,USD,USD,1,63399.67,6.84,63399.67,OK,58164.83,44955.83,13209.01,25,OK,Prefer not to say,4,OK
BMW-4196,02-12-2024,CORRUPTED,2023,9,Q3,USA,USA,New York BMW,BMW 5 Series,Sedan,Petrol,Individual,Individual,USD,USD,1,62752.08,2.92,62752.08,OK,57570.72,42697.87,14872.85,54,OK,Prefer not to say,4,OK
BMW-3698,29-11-2024,CORRUPTED,2023,3,Q1,USA,USA,Dallas BMW,BMW X3,SUV,Diesel,Individual,Individual,USD,USD,1,62691.27,0.87,62691.27,OK,57514.93,41775.03,15739.9,30,OK,Female,4,OK
BMW-2299,23-11-2024,CORRUPTED,2021,8,Q3,Germany,Germany,Hamburg Drive,BMW 5 Series,Sedan,Petrol,Individual,Individual,EUR,EUR,1,62526.16,5.72,62526.16,OK,62526.16,47750.65,14775.51,63,OK,Female,4,OK
BMW-5456,14-11-2024,CORRUPTED,2024,11,Q4,Australia,Australia,Sydney BMW,BMW 2 Series,Coupe,Diesel,Individual,Individual,AUD,AUD,1,62172.93,5.83,62172.93,OK,37680.56,28810.83,8869.73,53,OK,Prefer not to say,4,OK
BMW-1466,08-10-2024,CORRUPTED,2020,8,Q3,Germany,Germany,Hamburg Drive,BMW 5 Series,Sedan,Hybrid,Individual,Individual,EUR,EUR,1,61045.82,4.1,61045.82,OK,61045.82,45831.05,15214.78,30,OK,Prefer not to say,4,OK
BMW-2803,03-09-2024,CORRUPTED,2022,3,Q1,USA,USA,Miami Auto Group,BMW 5 Series,Sedan,Hybrid,Individual,Individual,USD,USD,1,59651.16,1.68,59651.16,OK,54725.83,40076.77,14649.06,44,OK,Prefer not to say,4,OK
BMW-3262,19-08-2024,CORRUPTED,2022,9,Q3,USA,USA,Chicago Motors,BMW X3,SUV,Diesel,Individual,Individual,USD,USD,1,59074.51,7.95,59074.51,OK,54196.8,42389.69,11807.11,39,OK,Female,4,OK
BMW-3484,11-08-2024,CORRUPTED,2022,12,Q4,UK,UK,Edinburgh Motors,BMW i4,Electric,Electric,individual,Individual,GBP,GBP,1,58864.59,2.73,58864.59,OK,68447.2,50667.06,17780.13,58,OK,Female,4,OK
BMW-2021,31-07-2024,CORRUPTED,2021,3,Q1,Australia,Australia,Melbourne Auto Group,BMW 2 Series,Coupe,Petrol,individual,Individual,AUD,AUD,1,58479.1,6.75,58479.1,OK,35441.88,27366.4,8075.48,54,OK,Male,4,OK
BMW-3555,30-07-2024,CORRUPTED,2023,1,Q1,UK,UK,London BMW Centre,BMW i4,Electric,Electric,Individual,Individual,GBP,GBP,1,58475.94,4.84,58475.94,OK,67995.28,51444.95,16550.34,39,OK,Prefer not to say,4,OK
BMW-1634,06-07-2024,CORRUPTED,2020,10,Q4,USA,USA,Miami Auto Group,BMW 5 Series,Sedan,Petrol,Individual,Individual,USD,USD,1,57964.53,4.04,57964.53,OK,53178.46,39901.99,13276.48,66,OK,Female,4,OK
BMW-3618,02-07-2024,CORRUPTED,2023,2,Q1,USA,USA,Miami Auto Group,BMW 5 Series,Sedan,Petrol,Individual,Individual,USD,USD,1,57760.27,6,57760.27,OK,52991.07,40587.61,12403.46,26,OK,Prefer not to say,4,OK
BMW-2236,28-06-2024,CORRUPTED,2021,7,Q3,Germany,Germany,AutohaUSA Berlin,BMW X3,SUV,Petrol,Individual,Individual,EUR,EUR,1,57674.89,3.48,57674.89,OK,57674.89,43024.06,14650.83,48,OK,Prefer not to say,4,OK
BMW-2242,13-06-2024,CORRUPTED,2021,7,Q3,USA,USA,Dallas BMW,BMW X3,SUV,Diesel,individual,Individual,USD,USD,1,57388.42,5.75,57388.42,OK,52649.93,40220.52,12429.4,48,OK,Prefer not to say,4,OK
BMW-5217,07-05-2024,CORRUPTED,2024,9,Q3,Germany,Germany,Stuttgart Motors,BMW 5 Series,Sedan,Hybrid,Individual,Individual,EUR,EUR,1,56032.56,0.97,56032.56,OK,56032.56,40739.24,15293.32,32,OK,Female,4,OK
BMW-1223,12-04-2024,CORRUPTED,2020,4,Q2,USA,USA,Dallas BMW,BMW X3,SUV,Diesel,individual,Individual,USD,USD,1,55262.3,4.64,55262.3,OK,50699.36,38281.61,12417.75,39,OK,Female,4,OK
BMW-4707,01-04-2024,CORRUPTED,2024,3,Q1,USA,USA,New York BMW,BMW X3,SUV,Hybrid,individual,Individual,USD,USD,1,55053.95,5.17,55053.95,OK,50508.21,38347.75,12160.45,31,OK,Female,4,OK
BMW-2589,09-03-2024,CORRUPTED,2021,12,Q4,Germany,Germany,Stuttgart Motors,BMW X3,SUV,Diesel,Individual,Individual,EUR,EUR,1,54170.08,0.66,54170.08,OK,54170.08,39259.81,14910.27,31,OK,Male,4,OK
BMW-5130,25-02-2024,CORRUPTED,2024,8,Q3,Germany,Germany,BMW Munich HQ,BMW X3,SUV,Diesel,Lease,Lease,EUR,EUR,1,53699.68,6.27,53699.68,OK,53699.68,41252.07,12447.61,68,OK,Male,4,OK
BMW-2375,23-02-2024,CORRUPTED,2021,9,Q3,Germany,Germany,Hamburg Drive,BMW 5 Series,Sedan,Petrol,lease,Lease,EUR,EUR,1,53666.83,6.61,53666.83,OK,53666.83,41375.76,12291.06,61,OK,Male,4,OK
BMW-3781,09-02-2024,CORRUPTED,2023,4,Q2,USA,USA,Beverly Hills BMW,BMW X3,SUV,Petrol,Individual,Individual,USD,USD,1,53234.58,5.29,53234.58,OK,48839.06,37128.38,11710.69,33,OK,Female,4,OK
BMW-2690,02-02-2024,CORRUPTED,2022,1,Q1,UK,UK,London BMW Centre,BMW i4,Electric,Electric,Individual,Individual,GBP,GBP,1,53110.33,3.93,53110.33,OK,61756.19,46283.71,15472.49,25,OK,Female,4,OK
BMW-5032,13-01-2024,CORRUPTED,2024,7,Q3,Germany,Germany,BMW Munich HQ,BMW 5 Series,Sedan,Hybrid,individual,Individual,EUR,EUR,1,52274.99,6.74,52274.99,OK,52274.99,40360.24,11914.75,67,OK,Prefer not to say,4,OK
BMW-1285,21-11-2023,CORRUPTED,2020,5,Q2,USA,USA,Beverly Hills BMW,BMW 3 Series,Sedan,Diesel,Individual,Individual,USD,USD,1,49820.43,7.07,49820.43,OK,45706.81,35412.68,10294.13,51,OK,Male,4,OK
BMW-1566,23-08-2023,CORRUPTED,2020,9,Q3,UK,UK,London BMW Centre,BMW X3,SUV,Petrol,Individual,Individual,GBP,GBP,1,46683.41,2.82,46683.41,OK,54283.03,40217.51,14065.52,33,OK,Prefer not to say,4,OK
BMW-3953,13-08-2023,CORRUPTED,2023,6,Q2,UK,UK,Manchester Prestige,BMW 5 Series,Sedan,Petrol,Individual,Individual,GBP,GBP,1,46198.14,3.01,46198.14,OK,53718.77,39879.76,13839.01,61,OK,Prefer not to say,4,OK
BMW-2327,20-07-2023,CORRUPTED,2021,8,Q3,UK,UK,London BMW Centre,BMW 5 Series,Sedan,Petrol,Individual,Individual,GBP,GBP,1,45404.79,4.42,45404.79,OK,52796.27,39772.25,13024.02,32,OK,Female,4,OK
BMW-3636,27-06-2023,CORRUPTED,2023,2,Q1,UK,UK,London BMW Centre,BMW X3,SUV,Petrol,Individual,Individual,GBP,GBP,1,44556.84,0.01,44556.84,OK,51810.28,37306.22,14504.06,32,OK,Prefer not to say,4,OK
BMW-4192,20-06-2023,CORRUPTED,2023,9,Q3,Germany,Germany,Hamburg Drive,BMW 3 Series,Sedan,Diesel,Individual,Individual,EUR,EUR,1,44416.8,4.77,44416.8,OK,44416.8,33581.64,10835.16,38,OK,Prefer not to say,4,OK
BMW-4107,08-06-2023,CORRUPTED,2023,8,Q3,Germany,Germany,AutohaUSA Berlin,BMW 3 Series,Sedan,Petrol,Individual,Individual,EUR,EUR,1,43993.13,7.36,43993.13,OK,43993.13,34190.17,9802.96,30,OK,Male,4,OK
BMW-4860,05-06-2023,CORRUPTED,2024,5,Q2,Germany,Germany,BMW Munich HQ,BMW 3 Series,Sedan,Hybrid,Individual,Individual,EUR,EUR,1,43940.18,2.15,43940.18,OK,43940.18,32332.47,11607.7,25,OK,Male,4,OK
BMW-3030,27-05-2023,CORRUPTED,2022,6,Q2,USA,USA,Miami Auto Group,BMW 3 Series,Sedan,Petrol,individual,Individual,USD,USD,1,43477.41,5.5,43477.41,OK,39887.53,30392.09,9495.44,25,OK,Male,4,OK
BMW-4230,22-05-2023,CORRUPTED,2023,9,Q3,UK,UK,London BMW Centre,BMW X3,SUV,Hybrid,Individual,Individual,GBP,GBP,1,43284.53,5.01,43284.53,OK,50330.85,38147.63,12183.22,33,OK,Female,4,OK
BMW-5261,18-05-2023,CORRUPTED,2024,9,Q3,UK,UK,Edinburgh Motors,BMW X3,SUV,Hybrid,Individual,Individual,GBP,GBP,1,43055.38,5.16,43055.38,OK,50064.39,38009.26,12055.13,65,OK,Female,4,OK
BMW-5472,14-04-2023,CORRUPTED,2024,12,Q4,Germany,Germany,Stuttgart Motors,BMW 3 Series,Sedan,Petrol,Individual,Individual,EUR,EUR,1,41516.72,7.15,41516.72,OK,41516.72,32194.29,9322.43,67,OK,Male,4,OK
BMW-4953,11-04-2023,CORRUPTED,2024,6,Q2,Germany,Germany,Stuttgart Motors,BMW 2 Series,Coupe,Diesel,Individual,Individual,EUR,EUR,1,41262.43,0.23,41262.43,OK,41262.43,29778.13,11484.3,49,OK,Female,4,OK
BMW-2124,10-04-2023,CORRUPTED,2021,5,Q2,UK,UK,Manchester Prestige,BMW X3,SUV,Petrol,Individual,Individual,GBP,GBP,1,41237.82,4.53,41237.82,OK,47950.95,36161.65,11789.3,65,OK,Prefer not to say,4,OK
BMW-2115,23-03-2023,CORRUPTED,2021,5,Q2,USA,USA,New York BMW,BMW 2 Series,Coupe,Petrol,Individual,Individual,USD,USD,1,40453.41,4.05,40453.41,OK,37113.22,27848.68,9264.54,63,OK,Female,4,OK
BMW-2588,21-03-2023,CORRUPTED,2021,12,Q4,Germany,Germany,BMW Munich HQ,BMW 3 Series,Sedan,Petrol,Individual,Individual,EUR,EUR,1,40435.86,7.25,40435.86,OK,40435.86,31388.64,9047.21,50,OK,Prefer not to say,4,OK
BMW-4354,01-03-2023,CORRUPTED,2023,11,Q4,Germany,Germany,Hamburg Drive,BMW 3 Series,Sedan,Diesel,Individual,Individual,EUR,EUR,1,39248.74,7.4,39248.74,OK,39248.74,30515.88,8732.86,35,OK,Male,4,OK
BMW-1367,27-02-2023,CORRUPTED,2020,6,Q2,UK,UK,Edinburgh Motors,BMW 3 Series,Sedan,Diesel,Corporate Fleet,Corporate Fleet,GBP,GBP,1,39165.57,4.68,39165.57,OK,45541.36,34400.71,11140.65,51,OK,Female,4,OK
BMW-4303,12-02-2023,CORRUPTED,2023,10,Q4,UK,UK,London BMW Centre,BMW 3 Series,Sedan,Diesel,individual,Individual,GBP,GBP,1,38056.01,7.32,38056.01,OK,44251.18,34377.49,9873.69,58,OK,Male,4,OK
BMW-3046,17-01-2023,CORRUPTED,2022,6,Q2,UK,UK,Manchester Prestige,BMW 3 Series,Sedan,Diesel,Individual,Individual,GBP,GBP,1,36614.68,0.45,36614.68,OK,42575.21,30793.37,11781.83,28,OK,Prefer not to say,4,OK
BMW-3022,14-12-2022,CORRUPTED,2022,6,Q2,Germany,Germany,Stuttgart Motors,BMW 2 Series,Coupe,Hybrid,Lease,Lease,EUR,EUR,1,33977.31,5.99,33977.31,OK,33977.31,26021.27,7956.04,47,OK,Prefer not to say,4,OK
BMW-3275,21-11-2022,CORRUPTED,2022,9,Q3,China,China,Beijing Luxury Motors,BMW iX,Electric,Electric,Individual,Individual,CNY,CNY,1,689405.16,4.43,6894.0516,OK,87266.48,65746.65,21519.83,49,OK,Male,4,OK
BMW-4687,10-11-2022,CORRUPTED,2024,3,Q1,Germany,Germany,AutohaUSA Berlin,BMW X3,SUV,Diesel,Corporate Fleet,Corporate Fleet,EUR,EUR,8,54529.66,1.79,4362.3727,OK,436237.27,319808.99,116428.28,41,OK,Male,4,OK
BMW-5143,20-10-2022,CORRUPTED,2024,8,Q3,USA,USA,Chicago Motors,BMW X5,SUV,Diesel,Individual,Individual,USD,USD,1,85273.55,5.18,852.7355,OK,78232.62,59405.44,18827.17,49,OK,Male,4,OK
BMW-1658,15-08-2022,CORRUPTED,2020,10,Q4,India,India,Mumbai BMW,BMW X7,SUV,Hybrid,Individual,Individual,INR,INR,1,8752485.02,0.87,-8752485.02,BAD REVENUE,96181.15,69861.1,26320.06,27,OK,Prefer not to say,4,OK
BMW-2490,07-02-2035,CORRUPTED,2021,10,Q4,India,India,Bangalore Motors,BMW 7 Series,Sedan,Hybrid,Corporate Fleet,Corporate Fleet,INR,INR,8,7950886.39,5.25,63607091.14,OK,698979.02,531164.31,167814.71,28,OK,Female,4.1,OK
BMW-4585,29-01-2035,CORRUPTED,2024,1,Q1,India,India,Bangalore Motors,BMW X7,SUV,Petrol,Lease,Lease,INR,INR,5,8829373.01,3.15,44146865.04,OK,485130.39,360665.91,124464.47,25,OK,Prefer not to say,4.1,OK
BMW-4756,26-01-2035,CORRUPTED,2024,3,Q1,India,India,Delhi Prestige Auto,BMW i4,Electric,Electric,lease,Lease,INR,INR,7,6089482.97,6.51,42626380.81,OK,468421.77,360744.87,107676.89,27,OK,Prefer not to say,4.1,OK
BMW-2922,03-12-2034,CORRUPTED,2022,4,Q2,India,India,Mumbai BMW,BMW X3,SUV,Diesel,Corporate Fleet,Corporate Fleet,INR,INR,4,5243733.71,2.63,20974934.84,OK,230493.79,170446.05,60047.74,61,OK,Prefer not to say,4.1,OK
BMW-2007,25-11-2034,CORRUPTED,2021,3,Q1,India,India,Mumbai BMW,BMW X3,SUV,Hybrid,Lease,Lease,INR,INR,4,4784182.64,3.26,19136730.55,OK,210293.74,156517.06,53776.69,61,OK,Male,4.1,OK
BMW-2008,09-11-2034,CORRUPTED,2021,3,Q1,India,India,Bangalore Motors,BMW 3 Series,Sedan,Hybrid,Corporate Fleet,Corporate Fleet,INR,INR,4,3641685.98,5.25,14566743.9,OK,160074.11,121641.07,38433.04,37,OK,Female,4.1,OK
BMW-3213,31-10-2034,CORRUPTED,2022,8,Q3,India,India,Mumbai BMW,BMW i4,Electric,Electric,Corporate Fleet,Corporate Fleet,INR,INR,2,6166034.72,3.31,12332069.44,OK,135517.25,100914.1,34603.15,33,OK,Male,4.1,OK
BMW-5549,30-10-2034,CORRUPTED,2024,12,Q4,India,India,Delhi Prestige Auto,BMW X5,SUV,Hybrid,Lease,Lease,INR,INR,2,6153278.11,5.75,12306556.21,OK,135236.88,103310.45,31926.43,54,OK,Female,4.1,OK
BMW-2840,22-09-2034,CORRUPTED,2022,3,Q1,India,India,Mumbai BMW,BMW M5,M Sport,Petrol,Individual,Individual,INR,INR,1,9967075.99,3.9,9967075.99,OK,109528.31,82057.9,27470.41,47,OK,Female,4.1,OK
BMW-3426,21-09-2034,CORRUPTED,2022,11,Q4,India,India,Bangalore Motors,BMW X3,SUV,Hybrid,Lease,Lease,INR,INR,2,4958228.68,3.94,9916457.37,OK,108972.06,81678.14,27293.91,69,OK,Male,4.1,OK
BMW-1604,08-09-2034,CORRUPTED,2020,9,Q3,South Africa,South Africa,Johannesburg Motors,BMW M5,M Sport,Hybrid,Corporate Fleet,Corporate Fleet,ZAR,ZAR,4,2248660.77,4.06,8994643.08,OK,449732.15,337507.58,112224.57,37,OK,Female,4.1,OK
BMW-2919,01-09-2034,CORRUPTED,2022,4,Q2,India,India,Mumbai BMW,BMW X7,SUV,Hybrid,Individual,Individual,INR,INR,1,8669387.94,5.55,8669387.94,OK,95268,72624.26,22643.73,42,OK,Prefer not to say,4.1,OK
BMW-3506,19-08-2034,CORRUPTED,2022,12,Q4,India,India,Mumbai BMW,BMW iX,Electric,Electric,Corporate Fleet,Corporate Fleet,INR,INR,1,8042959.62,2.67,8042959.62,OK,88384.17,65384.39,22999.78,53,OK,Female,4.1,OK
BMW-3823,16-08-2034,CORRUPTED,2023,4,Q2,India,India,Delhi Prestige Auto,BMW M3,M Sport,Hybrid,Corporate Fleet,Corporate Fleet,INR,INR,1,7986296.86,2.71,7986296.86,OK,87761.5,64950.19,22811.32,59,OK,Female,4.1,OK
BMW-3346,25-07-2034,CORRUPTED,2022,10,Q4,India,India,Mumbai BMW,BMW M3,M Sport,Petrol,Government,Government,INR,INR,1,7261491.79,0.99,7261491.79,OK,79796.61,58026.7,21769.92,29,OK,Female,4.1,OK
BMW-2786,05-06-2034,CORRUPTED,2022,2,Q1,South Africa,South Africa,Johannesburg Motors,BMW 5 Series,Sedan,Diesel,Corporate Fleet,Corporate Fleet,ZAR,ZAR,5,1212293.97,7.66,6061469.85,OK,303073.49,236320.07,66753.42,32,OK,Prefer not to say,4.1,OK
BMW-4741,09-05-2034,CORRUPTED,2024,3,Q1,China,China,Shenzhen Auto,BMW X7,SUV,Diesel,Corporate Fleet,Corporate Fleet,CNY,CNY,7,799176.41,7.11,5594234.86,OK,708131,548864.61,159266.38,45,OK,Prefer not to say,4.1,OK
BMW-5288,29-03-2034,CORRUPTED,2024,9,Q3,India,India,Bangalore Motors,BMW 5 Series,Sedan,Petrol,Individual,Individual,INR,INR,1,4953812.85,1.95,4953812.85,OK,54437.5,39974.22,14463.29,39,OK,Female,4.1,OK
BMW-2213,27-03-2034,CORRUPTED,2021,6,Q2,India,India,Mumbai BMW,BMW X3,SUV,Petrol,corporate fleet,Corporate Fleet,INR,INR,1,4930827.98,0.96,4930827.98,OK,54184.92,39391.15,14793.77,52,OK,Male,4.1,OK
BMW-1330,22-03-2034,CORRUPTED,2020,5,Q2,South Africa,South Africa,Johannesburg Motors,BMW iX,Electric,Electric,corporate fleet,Corporate Fleet,ZAR,ZAR,3,1600106.75,7.89,4800320.24,OK,240016.01,187621.02,52394.99,49,OK,Male,4.1,OK
BMW-3341,14-03-2034,CORRUPTED,2022,10,Q4,China,China,Shenzhen Auto,BMW M3,M Sport,Petrol,Corporate Fleet,Corporate Fleet,CNY,CNY,7,678663.36,4.85,4750643.53,OK,601347.28,455057.42,146289.86,46,OK,Male,4.1,OK
BMW-3340,02-03-2034,CORRUPTED,2022,10,Q4,China,China,Shenzhen Auto,BMW i4,Electric,Electric,Corporate Fleet,Corporate Fleet,CNY,CNY,8,567630.41,2.92,4541043.3,OK,574815.61,426318.59,148497.01,38,OK,Prefer not to say,4.1,OK
BMW-1302,11-02-2034,CORRUPTED,2020,5,Q2,China,China,Beijing Luxury Motors,BMW i7,Electric,Electric,Lease,Lease,CNY,CNY,5,870152.65,6.54,4350763.26,OK,550729.53,424289.66,126439.87,32,OK,Female,4.1,OK
BMW-2994,21-01-2034,CORRUPTED,2022,5,Q2,China,China,Guangzhou BMW,BMW iX,Electric,Electric,lease,Lease,CNY,CNY,6,655487.33,5.96,3932923.97,OK,497838.48,381142.06,116696.41,53,OK,Female,4.1,OK
BMW-4149,17-01-2034,CORRUPTED,2023,8,Q3,China,China,Guangzhou BMW,BMW X5,SUV,Hybrid,Government,Government,CNY,CNY,7,557348.66,4.71,3901440.65,OK,493853.25,373166.03,120687.21,25,OK,Female,4.1,OK
BMW-1434,13-01-2034,CORRUPTED,2020,7,Q3,China,China,Shanghai BMW,BMW 7 Series,Sedan,Diesel,Lease,Lease,CNY,CNY,5,769991.84,4.13,3849959.19,OK,487336.61,365980.65,121355.95,70,OK,Prefer not to say,4.1,OK
BMW-5361,08-01-2034,CORRUPTED,2024,10,Q4,China,China,Guangzhou BMW,BMW i7,Electric,Electric,corporate fleet,Corporate Fleet,CNY,CNY,4,950021.94,5.33,3800087.75,OK,481023.77,365848.47,115175.3,25,OK,Female,4.1,OK
BMW-5172,18-12-2033,CORRUPTED,2024,8,Q3,China,China,Beijing Luxury Motors,BMW i7,Electric,Electric,Corporate Fleet,Corporate Fleet,CNY,CNY,4,898158.93,1.79,3592635.72,OK,454764.02,333387.63,121376.38,47,OK,Male,4.1,OK
BMW-3838,14-12-2033,CORRUPTED,2023,4,Q2,South Africa,South Africa,Cape Town BMW,BMW X3,SUV,Hybrid,corporate fleet,Corporate Fleet,ZAR,ZAR,3,1174359.38,1.03,3523078.15,OK,176153.91,128148.98,48004.93,48,OK,Female,4.1,OK
BMW-5352,05-12-2033,CORRUPTED,2024,10,Q4,China,China,Guangzhou BMW,BMW i4,Electric,Electric,Corporate Fleet,Corporate Fleet,CNY,CNY,7,497968.25,7.93,3485777.74,OK,441237.69,345072.64,96165.05,38,OK,Prefer not to say,4.1,OK
BMW-1378,26-11-2033,CORRUPTED,2020,6,Q2,China,China,Guangzhou BMW,BMW 5 Series,Sedan,Petrol,Corporate Fleet,Corporate Fleet,CNY,CNY,8,426505.03,5.54,3412040.22,OK,431903.82,329212.44,102691.38,55,OK,Prefer not to say,4.1,OK
BMW-1715,23-11-2033,CORRUPTED,2020,11,Q4,China,China,Guangzhou BMW,BMW 5 Series,Sedan,Hybrid,Corporate Fleet,Corporate Fleet,CNY,CNY,7,485201.28,6.27,3396408.94,OK,429925.18,330237.45,99687.74,65,OK,Prefer not to say,4.1,OK
BMW-1034,15-11-2033,CORRUPTED,2020,1,Q1,China,China,Guangzhou BMW,BMW 5 Series,Sedan,Petrol,Lease,Lease,CNY,CNY,7,475117.65,6.89,3325823.57,OK,420990.33,325528.42,95461.91,49,OK,Female,4.1,OK
BMW-3569,04-11-2033,CORRUPTED,2023,1,Q1,China,China,Shenzhen Auto,BMW X3,SUV,Petrol,Lease,Lease,CNY,CNY,8,402223.16,4.92,3217785.25,OK,407314.59,308452.24,98862.35,46,OK,Prefer not to say,4.1,OK
BMW-5435,18-10-2033,CORRUPTED,2024,11,Q4,China,China,Shenzhen Auto,BMW 5 Series,Sedan,Petrol,Lease,Lease,CNY,CNY,6,497419.74,5.5,2984518.43,OK,377787.14,287838.92,89948.23,57,OK,Male,4.1,OK
BMW-2709,05-10-2033,CORRUPTED,2022,1,Q1,China,China,Beijing Luxury Motors,BMW iX,Electric,Electric,Corporate Fleet,Corporate Fleet,CNY,CNY,4,714331.77,5.7,2857327.08,OK,361686.97,276167.53,85519.44,51,OK,Prefer not to say,4.1,OK
BMW-4813,01-09-2033,CORRUPTED,2024,4,Q2,China,China,Guangzhou BMW,BMW 5 Series,Sedan,Diesel,Corporate Fleet,Corporate Fleet,CNY,CNY,6,423579.69,3.9,2541478.14,OK,321706.09,241037.68,80668.41,54,OK,Female,4.1,OK
BMW-1873,23-08-2033,CORRUPTED,2021,1,Q1,China,China,Guangzhou BMW,BMW 3 Series,Sedan,Hybrid,lease,Lease,CNY,CNY,7,357290.34,4.67,2501032.35,OK,316586.37,239107.83,77478.55,36,OK,Female,4.1,OK
BMW-1831,11-07-2033,CORRUPTED,2020,12,Q4,South Africa,South Africa,Johannesburg Motors,BMW M5,M Sport,Hybrid,Individual,Individual,ZAR,ZAR,1,2232090.05,7.42,2232090.05,OK,111604.5,86792.55,24811.96,26,OK,Male,4.1,OK
BMW-4493,09-07-2033,CORRUPTED,2023,12,Q4,China,China,Beijing Luxury Motors,BMW 5 Series,Sedan,Diesel,Lease,Lease,CNY,CNY,5,445213.77,7.1,2226068.87,OK,281780.87,218389.43,63391.44,53,OK,Female,4.1,OK
BMW-2407,26-06-2033,CORRUPTED,2021,9,Q3,China,China,Shanghai BMW,BMW 2 Series,Coupe,Hybrid,Lease,Lease,CNY,CNY,8,270916.25,5.19,2167330.01,OK,274345.57,208333.79,66011.78,47,OK,Male,4.1,OK
BMW-4492,16-06-2033,CORRUPTED,2023,12,Q4,China,China,Shanghai BMW,BMW i4,Electric,Electric,corporate fleet,Corporate Fleet,CNY,CNY,4,531046.37,4,2124185.49,OK,268884.24,201664.73,67219.51,54,OK,Male,4.1,OK
BMW-2341,14-06-2033,CORRUPTED,2021,8,Q3,China,China,Shanghai BMW,BMW i4,Electric,Electric,corporate fleet,Corporate Fleet,CNY,CNY,4,526445.11,4.37,2105780.43,OK,266554.48,200691.99,65862.49,34,OK,Prefer not to say,4.1,OK
BMW-1668,10-06-2033,CORRUPTED,2020,10,Q4,South Africa,South Africa,Johannesburg Motors,BMW 2 Series,Coupe,Diesel,Corporate Fleet,Corporate Fleet,ZAR,ZAR,3,691097.14,6.47,2073291.42,OK,103664.57,79798.14,23866.43,67,OK,Male,4.1,OK
BMW-3199,01-06-2033,CORRUPTED,2022,8,Q3,China,China,Guangzhou BMW,BMW 2 Series,Coupe,Hybrid,Lease,Lease,CNY,CNY,7,290669.29,4.76,2034685,OK,257555.06,194708.49,62846.57,69,OK,Prefer not to say,4.1,OK
BMW-1941,12-05-2033,CORRUPTED,2021,2,Q1,China,China,Beijing Luxury Motors,BMW iX,Electric,Electric,lease,Lease,CNY,CNY,3,654285.29,6.88,1962855.87,OK,248462.77,192107,56355.77,60,OK,Male,4.1,OK
BMW-1436,27-04-2033,CORRUPTED,2020,7,Q3,China,China,Beijing Luxury Motors,BMW 3 Series,Sedan,Petrol,Government,Government,CNY,CNY,6,311801.2,7.44,1870807.21,OK,236811.04,184218.58,52592.46,62,OK,Prefer not to say,4.1,OK
BMW-2436,01-04-2033,CORRUPTED,2021,9,Q3,South Africa,South Africa,Johannesburg Motors,BMW iX,Electric,Electric,Individual,Individual,ZAR,ZAR,1,1778941.69,2.48,1778941.69,OK,88947.08,65671.8,23275.29,57,OK,Male,4.1,OK
BMW-4745,27-03-2033,CORRUPTED,2024,3,Q1,China,China,Shanghai BMW,BMW X5,SUV,Petrol,Government,Government,CNY,CNY,3,586907.38,7.33,1760722.14,OK,222876.22,173159.93,49716.29,51,OK,Prefer not to say,4.1,OK
BMW-5198,12-03-2033,CORRUPTED,2024,8,Q3,South Africa,South Africa,Cape Town BMW,BMW iX,Electric,Electric,Individual,Individual,ZAR,ZAR,1,1713006.93,7.5,1713006.93,OK,85650.35,66670.04,18980.31,42,OK,Female,4.1,OK
BMW-1525,23-02-2033,CORRUPTED,2020,8,Q3,UAE,UAE,Abu Dhabi Motors,BMW 5 Series,Sedan,Petrol,Corporate Fleet,Corporate Fleet,AED,AED,8,207113.99,7.25,1656911.96,OK,414227.99,321562.24,92665.75,60,OK,Female,4.1,OK
BMW-1403,19-01-2033,CORRUPTED,2020,6,Q2,South Africa,South Africa,Johannesburg Motors,BMW X5,SUV,Diesel,Corporate Fleet,Corporate Fleet,ZAR,ZAR,1,1521163.83,0.35,1521163.83,OK,76058.19,54952.75,21105.44,53,OK,Prefer not to say,4.1,OK
BMW-3202,06-01-2033,CORRUPTED,2022,8,Q3,China,China,Guangzhou BMW,BMW 7 Series,Sedan,Diesel,Lease,Lease,CNY,CNY,2,726909.6,6.87,1453819.2,OK,184027.75,142269.61,41758.13,69,OK,Prefer not to say,4.1,OK
BMW-2655,26-11-2032,CORRUPTED,2021,12,Q4,South Africa,South Africa,Cape Town BMW,BMW i4,Electric,Electric,Individual,Individual,ZAR,ZAR,1,1330025.17,1.92,1330025.17,OK,66501.26,48819.19,17682.07,29,OK,Prefer not to say,4.1,OK
BMW-1267,29-10-2032,CORRUPTED,2020,4,Q2,South Africa,South Africa,Cape Town BMW,BMW 5 Series,Sedan,Hybrid,Individual,Individual,ZAR,ZAR,1,1264801.71,2.55,1264801.71,OK,63240.09,46725.68,16514.41,47,OK,Female,4.1,OK
BMW-3511,05-10-2032,CORRUPTED,2022,12,Q4,UAE,UAE,Dubai BMW,BMW X5,SUV,Petrol,Government,Government,AED,AED,4,294333.25,0.82,1177332.99,OK,294333.25,213670.23,80663.02,39,OK,Male,4.1,OK
BMW-5204,25-09-2032,CORRUPTED,2024,8,Q3,South Africa,South Africa,Cape Town BMW,BMW 5 Series,Sedan,Hybrid,Individual,Individual,ZAR,ZAR,1,1131364.28,7.9,1131364.28,OK,56568.21,44222,12346.21,66,OK,Male,4.1,OK
BMW-5554,25-08-2032,CORRUPTED,2024,12,Q4,UAE,UAE,Abu Dhabi Motors,BMW X3,SUV,Diesel,Corporate Fleet,Corporate Fleet,AED,AED,5,209736.22,4.08,1048681.08,OK,262170.27,196781.88,65388.39,58,OK,Female,4.1,OK
BMW-1442,19-08-2032,CORRUPTED,2020,7,Q3,China,China,Shenzhen Auto,BMW X5,SUV,Hybrid,corporate fleet,Corporate Fleet,CNY,CNY,2,517132.5,6.9,1034264.99,OK,130919.62,101244.03,29675.59,54,OK,Prefer not to say,4.1,OK
BMW-1860,14-08-2032,CORRUPTED,2021,1,Q1,USA,USA,New York BMW,BMW M5,M Sport,Petrol,Corporate Fleet,Corporate Fleet,USD,USD,8,127391.93,3.35,1019135.45,OK,934986.65,696554.01,238432.63,62,OK,Prefer not to say,4.1,OK
BMW-5003,02-08-2032,CORRUPTED,2024,6,Q2,China,China,Guangzhou BMW,BMW M5,M Sport,Hybrid,Individual,Individual,CNY,CNY,1,998301.63,4.35,998301.63,OK,126367.3,95120.6,31246.69,-5,BAD AGE,Male,4.1,OK
BMW-1114,21-07-2032,CORRUPTED,2020,2,Q1,China,China,Beijing Luxury Motors,BMW i7,Electric,Electric,Individual,Individual,CNY,CNY,1,984312.29,6.32,984312.29,OK,124596.49,95758.49,28838.01,44,OK,Prefer not to say,4.1,OK
BMW-3493,28-06-2032,CORRUPTED,2022,12,Q4,China,China,Guangzhou BMW,BMW i7,Electric,Electric,Individual,Individual,CNY,CNY,1,952814.79,1.43,952814.79,OK,120609.47,88101.7,32507.77,62,OK,Female,4.1,OK
BMW-5528,26-05-2032,CORRUPTED,2024,12,Q4,China,China,Beijing Luxury Motors,BMW M5,M Sport,Petrol,Individual,Individual,CNY,CNY,1,910458.16,3.05,910458.16,OK,115247.87,85590.63,29657.24,32,OK,Female,4.1,OK
BMW-5084,23-05-2032,CORRUPTED,2024,7,Q3,China,China,Shenzhen Auto,BMW M5,M Sport,Hybrid,Individual,Individual,CNY,CNY,1,905736.41,0.18,905736.41,OK,114650.18,82695.96,31954.22,54,OK,Male,4.1,OK
BMW-2197,20-04-2032,CORRUPTED,2021,6,Q2,China,China,Guangzhou BMW,BMW 5 Series,Sedan,Hybrid,Corporate Fleet,Corporate Fleet,CNY,CNY,2,429472.08,6.06,858944.15,OK,108727.11,83337.36,25389.74,66,OK,Prefer not to say,4.1,OK
BMW-4910,16-04-2032,CORRUPTED,2024,5,Q2,China,China,Guangzhou BMW,BMW X7,SUV,Petrol,individual,Individual,CNY,CNY,1,852749.06,0.6,852749.06,OK,107942.92,78191.04,29751.88,43,OK,Female,4.1,OK
BMW-3541,16-02-2032,CORRUPTED,2023,1,Q1,USA,USA,Beverly Hills BMW,BMW 7 Series,Sedan,Petrol,Government,Government,USD,USD,8,97977.86,6.56,783822.85,OK,719103.53,554097.49,165006.04,64,OK,Prefer not to say,4.1,OK
BMW-5207,18-01-2032,CORRUPTED,2024,9,Q3,Germany,Germany,Stuttgart Motors,BMW iX,Electric,Electric,Lease,Lease,EUR,EUR,8,94286.31,3.68,754290.49,OK,754290.49,563830.09,190460.4,50,OK,Prefer not to say,4.1,OK
BMW-4898,01-01-2032,CORRUPTED,2024,5,Q2,China,China,Beijing Luxury Motors,BMW X7,SUV,Petrol,individual,Individual,CNY,CNY,1,737166.54,3.75,737166.54,OK,93312.22,69799.92,23512.3,48,OK,Prefer not to say,4.1,OK
BMW-1688,21-12-2031,CORRUPTED,2020,11,Q4,USA,USA,Dallas BMW,BMW X7,SUV,Diesel,Government,Government,USD,USD,6,121203.57,0.71,727221.39,OK,667175.59,483822.45,183353.14,45,OK,Female,4.1,OK
BMW-4934,05-12-2031,CORRUPTED,2024,5,Q2,Australia,Australia,Sydney BMW,BMW i7,Electric,Electric,corporate fleet,Corporate Fleet,AUD,AUD,4,179741.02,5.46,718964.07,OK,435735.8,331861.68,103874.12,41,OK,Prefer not to say,4.1,OK
BMW-5052,29-11-2031,CORRUPTED,2024,7,Q3,USA,USA,Chicago Motors,BMW X7,SUV,Petrol,Lease,Lease,USD,USD,7,102284.06,4.92,715988.44,OK,656870.13,497421.67,159448.45,60,OK,Male,4.1,OK
BMW-4574,20-11-2031,CORRUPTED,2024,1,Q1,China,China,Guangzhou BMW,BMW M3,M Sport,Diesel,Individual,Individual,CNY,CNY,1,711479.54,2.61,711479.54,OK,90060.7,66580.5,23480.2,35,OK,Female,4.1,OK
BMW-2046,15-11-2031,CORRUPTED,2021,4,Q2,USA,USA,New York BMW,BMW iX,Electric,Electric,Lease,Lease,USD,USD,8,88428.57,6.02,707428.57,OK,649017.04,497223.89,151793.15,67,OK,Prefer not to say,4.1,OK
BMW-4235,05-11-2031,CORRUPTED,2023,9,Q3,China,China,Guangzhou BMW,BMW 7 Series,Sedan,Petrol,Individual,Individual,CNY,CNY,1,699545.62,4.7,699545.62,OK,88550.08,66899.63,21650.45,54,OK,Prefer not to say,4.1,OK
BMW-5221,03-11-2031,CORRUPTED,2024,9,Q3,Germany,Germany,Hamburg Drive,BMW 7 Series,Sedan,Hybrid,lease,Lease,EUR,EUR,7,99395.6,7.01,695769.2,OK,695769.2,538703.31,157065.9,46,OK,Female,4.1,OK
BMW-1039,10-10-2031,CORRUPTED,2020,1,Q1,China,China,Beijing Luxury Motors,BMW 3 Series,Sedan,Petrol,Corporate Fleet,Corporate Fleet,CNY,CNY,2,341057.64,0.3,682115.28,OK,86343.71,62351.46,23992.24,67,OK,Prefer not to say,4.1,OK
BMW-2246,30-09-2031,CORRUPTED,2021,7,Q3,USA,USA,New York BMW,BMW X5,SUV,Diesel,Corporate Fleet,Corporate Fleet,USD,USD,8,83570.05,3.69,668560.42,OK,613358.18,458518.27,154839.91,47,OK,Male,4.1,OK
BMW-1731,24-08-2031,CORRUPTED,2020,11,Q4,China,China,Beijing Luxury Motors,BMW iX,Electric,Electric,Individual,Individual,CNY,CNY,1,648835.44,2.2,648835.44,OK,82131.07,60463.12,21667.94,35,OK,Prefer not to say,4.1,OK
BMW-4155,03-08-2031,CORRUPTED,2023,8,Q3,China,China,Beijing Luxury Motors,BMW X5,SUV,Hybrid,Individual,Individual,CNY,CNY,1,632447.48,2.63,632447.48,OK,80056.64,59199.56,20857.08,31,OK,Female,4.1,OK
BMW-4253,19-07-2031,CORRUPTED,2023,9,Q3,Australia,Australia,Melbourne Auto Group,BMW X3,SUV,Hybrid,Corporate Fleet,Corporate Fleet,AUD,AUD,7,89027.69,1.84,623193.82,OK,377693.23,277046.12,100647.1,34,OK,Male,4.1,OK
BMW-1097,16-07-2031,CORRUPTED,2020,2,Q1,USA,USA,New York BMW,BMW X5,SUV,Hybrid,corporate fleet,Corporate Fleet,USD,USD,8,77450.77,7.52,619606.13,OK,568445.99,442570.57,125875.42,26,OK,Male,4.1,OK
BMW-2906,11-07-2031,CORRUPTED,2022,4,Q2,China,China,Beijing Luxury Motors,BMW X5,SUV,Diesel,Individual,Individual,CNY,CNY,1,618652.88,0.62,618652.88,OK,78310.49,56737.57,21572.92,44,OK,Male,4.1,OK
BMW-2560,19-06-2031,CORRUPTED,2021,11,Q4,China,China,Shenzhen Auto,BMW iX,Electric,Electric,Individual,Individual,CNY,CNY,1,604923.8,7.68,604923.8,OK,76572.63,59720.59,16852.04,48,OK,Female,4.1,OK
BMW-4929,27-05-2031,CORRUPTED,2024,5,Q2,UAE,UAE,Dubai BMW,BMW 2 Series,Coupe,Hybrid,corporate fleet,Corporate Fleet,AED,AED,4,148844.54,0.34,595378.16,OK,148844.54,107532.39,41312.15,45,OK,Female,4.1,OK
BMW-4578,09-05-2031,CORRUPTED,2024,1,Q1,China,China,Shenzhen Auto,BMW X5,SUV,Diesel,individual,Individual,CNY,CNY,1,586750.51,3.63,586750.51,OK,74272.22,55491.14,18781.08,62,OK,Male,4.1,OK
BMW-2240,02-03-2031,CORRUPTED,2021,7,Q3,USA,USA,Miami Auto Group,BMW 5 Series,Sedan,Hybrid,lease,Lease,USD,USD,8,69329.75,3.44,554638.02,OK,508842.22,379435.23,129406.98,-5,BAD AGE,Female,4.1,OK
BMW-2368,09-02-2031,CORRUPTED,2021,9,Q3,Germany,Germany,Hamburg Drive,BMW M3,M Sport,Hybrid,Lease,Lease,EUR,EUR,7,76216.29,2.95,533514.01,OK,533514.01,395790.06,137723.94,65,OK,Prefer not to say,4.1,OK
BMW-5086,06-02-2031,CORRUPTED,2024,7,Q3,China,China,Beijing Luxury Motors,BMW X5,SUV,Petrol,individual,Individual,CNY,CNY,1,532214.98,2.79,532214.98,OK,67368.98,49898.3,17470.69,50,OK,Prefer not to say,4.1,OK
BMW-2979,17-12-2030,CORRUPTED,2022,5,Q2,China,China,Shanghai BMW,BMW 5 Series,Sedan,Diesel,Individual,Individual,CNY,CNY,1,508954.05,0.3,508954.05,OK,64424.56,46526,17898.57,34,OK,Female,4.1,OK
BMW-3940,05-11-2030,CORRUPTED,2023,6,Q2,USA,USA,Chicago Motors,BMW X3,SUV,Petrol,Corporate Fleet,Corporate Fleet,USD,USD,8,61505.6,1.83,492044.78,OK,451417.23,331067.85,120349.39,69,OK,Prefer not to say,4.1,OK
BMW-1720,28-10-2030,CORRUPTED,2020,11,Q4,China,China,Shanghai BMW,BMW 5 Series,Sedan,Petrol,Individual,Individual,CNY,CNY,1,488911.76,6.28,488911.76,OK,61887.56,47545.63,14341.93,60,OK,Female,4.1,OK
BMW-1446,23-10-2030,CORRUPTED,2020,7,Q3,China,China,Guangzhou BMW,BMW i4,Electric,Electric,Individual,Individual,CNY,CNY,1,485172.22,1.08,485172.22,OK,61414.2,44701.6,16712.61,-5,BAD AGE,Female,4.1,OK
BMW-5486,22-10-2030,CORRUPTED,2024,12,Q4,Germany,Germany,AutohaUSA Berlin,BMW i4,Electric,Electric,Corporate Fleet,Corporate Fleet,EUR,EUR,8,60620.77,4.58,484966.17,OK,484966.17,365943.25,119022.91,54,OK,Male,4.1,OK
BMW-3815,18-10-2030,CORRUPTED,2023,4,Q2,China,China,Beijing Luxury Motors,BMW 5 Series,Sedan,Hybrid,individual,Individual,CNY,CNY,1,483116.61,3.16,483116.61,OK,61154,45466.27,15687.74,47,OK,Prefer not to say,4.1,OK
BMW-1358,12-10-2030,CORRUPTED,2020,6,Q2,USA,USA,Chicago Motors,BMW i4,Electric,Electric,Corporate Fleet,Corporate Fleet,USD,USD,7,68526.15,1.9,479683.04,OK,440076.19,322992.84,117083.35,33,OK,Prefer not to say,4.1,OK
BMW-1121,06-10-2030,CORRUPTED,2020,2,Q1,UAE,UAE,Dubai BMW,BMW M5,M Sport,Hybrid,Individual,Individual,AED,AED,1,477954.21,0.45,477954.21,OK,119488.55,86421.02,33067.53,43,OK,Prefer not to say,4.1,OK
BMW-5445,30-09-2030,CORRUPTED,2024,11,Q4,China,China,Guangzhou BMW,BMW 5 Series,Sedan,Hybrid,Individual,Individual,CNY,CNY,1,476739.11,2.03,476739.11,OK,60346.72,44350.73,15995.99,62,OK,Male,4.1,OK
BMW-4051,25-09-2030,CORRUPTED,2023,7,Q3,China,China,Guangzhou BMW,BMW 5 Series,Sedan,Diesel,Individual,Individual,CNY,CNY,1,475203,2.19,475203,OK,60152.28,44280.46,15871.82,44,OK,Male,4.1,OK
BMW-4808,23-08-2030,CORRUPTED,2024,4,Q2,China,China,Shanghai BMW,BMW 5 Series,Sedan,Petrol,Individual,Individual,CNY,CNY,1,462518.89,3.77,462518.89,OK,58546.69,43805.5,14741.19,50,OK,Prefer not to say,4.1,OK
BMW-1441,22-08-2030,CORRUPTED,2020,7,Q3,China,China,Shenzhen Auto,BMW 5 Series,Sedan,Petrol,Corporate Fleet,Corporate Fleet,CNY,CNY,1,461522.36,6.58,461522.36,OK,58420.55,45025.4,13395.15,52,OK,Female,4.1,OK
BMW-4811,11-08-2030,CORRUPTED,2024,4,Q2,China,China,Shenzhen Auto,BMW 5 Series,Sedan,Diesel,Individual,Individual,CNY,CNY,1,458310.92,2.89,458310.92,OK,58014.04,43011.62,15002.42,25,OK,Male,4.1,OK
BMW-1157,04-08-2030,CORRUPTED,2020,3,Q1,USA,USA,Dallas BMW,BMW X5,SUV,Hybrid,Lease,Lease,USD,USD,6,75794.45,1.02,454766.68,OK,417217.14,303505.35,113711.79,39,OK,Prefer not to say,4.1,OK
BMW-2632,26-07-2030,CORRUPTED,2021,12,Q4,China,China,Shanghai BMW,BMW X3,SUV,Diesel,Individual,Individual,CNY,CNY,1,451058.42,1.72,451058.42,OK,57096,41830.15,15265.85,40,OK,Prefer not to say,4.1,OK
BMW-4466,08-07-2030,CORRUPTED,2023,12,Q4,USA,USA,Beverly Hills BMW,BMW 5 Series,Sedan,Petrol,Government,Government,USD,USD,7,63429.03,6.72,444003.18,OK,407342.37,314424.27,92918.09,35,OK,Female,4.1,OK
BMW-1247,26-06-2030,CORRUPTED,2020,4,Q2,China,China,Shenzhen Auto,BMW 5 Series,Sedan,Hybrid,Individual,Individual,CNY,CNY,1,439983.28,4.33,439983.28,OK,55694.09,41915.99,13778.09,63,OK,Male,4.1,OK
BMW-1805,13-06-2030,CORRUPTED,2020,12,Q4,China,China,Shanghai BMW,BMW X3,SUV,Diesel,Individual,Individual,CNY,CNY,1,437146.05,0.62,437146.05,OK,55334.94,40088.04,15246.91,44,OK,Female,4.1,OK
BMW-4388,10-05-2030,CORRUPTED,2023,11,Q4,China,China,Shenzhen Auto,BMW X3,SUV,Hybrid,Individual,Individual,CNY,CNY,1,426995.17,1.34,426995.17,OK,54050.02,39444.15,14605.87,51,OK,Male,4.1,OK
BMW-1440,07-05-2030,CORRUPTED,2020,7,Q3,China,China,Shenzhen Auto,BMW 5 Series,Sedan,Hybrid,Individual,Individual,CNY,CNY,1,426107.29,5.56,426107.29,OK,53937.63,41121.28,12816.35,35,OK,Female,4.1,OK
BMW-1591,17-04-2030,CORRUPTED,2020,9,Q3,UAE,UAE,Abu Dhabi Motors,BMW X7,SUV,Diesel,Individual,Individual,AED,AED,1,419960.02,5.35,419960.02,OK,104990.01,79868.65,25121.35,63,OK,Prefer not to say,4.1,OK
BMW-1346,21-03-2030,CORRUPTED,2020,6,Q2,USA,USA,Beverly Hills BMW,BMW X3,SUV,Hybrid,corporate fleet,Corporate Fleet,USD,USD,8,51937.45,7.97,415499.63,OK,381192.32,298229.35,82962.97,56,OK,Male,4.1,OK
BMW-3654,04-03-2030,CORRUPTED,2023,2,Q1,China,China,Beijing Luxury Motors,BMW X3,SUV,Hybrid,individual,Individual,CNY,CNY,1,410934.41,1.34,410934.41,OK,52017.01,37961.3,14055.71,57,OK,Male,4.1,OK
BMW-4720,23-02-2030,CORRUPTED,2024,3,Q1,USA,USA,Chicago Motors,BMW M3,M Sport,Petrol,Corporate Fleet,Corporate Fleet,USD,USD,5,81630.91,5.7,408154.55,OK,374453.71,285905.69,88548.02,61,OK,Prefer not to say,4.1,OK
BMW-2316,21-02-2030,CORRUPTED,2021,8,Q3,USA,USA,Chicago Motors,BMW 5 Series,Sedan,Hybrid,Government,Government,USD,USD,6,67961.05,5.75,407766.33,OK,374097.55,285794.76,88302.79,70,OK,Female,4.1,OK
BMW-4970,02-02-2030,CORRUPTED,2024,6,Q2,USA,USA,Chicago Motors,BMW X3,SUV,Hybrid,lease,Lease,USD,USD,7,57853.85,4.55,404976.92,OK,371538.46,280266.46,91271.99,57,OK,Male,4.1,OK
BMW-3561,11-01-2030,CORRUPTED,2023,1,Q1,China,China,Shanghai BMW,BMW X3,SUV,Diesel,Individual,Individual,CNY,CNY,1,399664.24,2.16,399664.24,OK,50590.41,37227.7,13362.72,45,OK,Female,4.1,OK
BMW-4994,06-01-2030,CORRUPTED,2024,6,Q2,China,China,Shenzhen Auto,BMW X3,SUV,Hybrid,individual,Individual,CNY,CNY,1,398427.73,0.71,398427.73,OK,50433.89,36571.38,13862.51,69,OK,Female,4.1,OK
BMW-5000,27-11-2029,CORRUPTED,2024,6,Q2,China,China,Beijing Luxury Motors,BMW X3,SUV,Diesel,Individual,Individual,CNY,CNY,1,385502.94,4.96,385502.94,OK,48797.84,36967.02,11830.82,26,OK,Male,4.1,OK
BMW-3904,18-11-2029,CORRUPTED,2023,5,Q2,UAE,UAE,Dubai BMW,BMW iX,Electric,Electric,Individual,Individual,AED,AED,1,382438.11,2.95,382438.11,OK,95609.53,70928.49,24681.04,67,OK,Male,4.1,OK
BMW-4071,16-10-2029,CORRUPTED,2023,7,Q3,China,China,Guangzhou BMW,BMW 3 Series,Sedan,Hybrid,Individual,Individual,CNY,CNY,1,372730.32,3.71,372730.32,OK,47181.05,35279.55,11901.5,26,OK,Female,4.1,OK
BMW-4408,06-09-2029,CORRUPTED,2023,11,Q4,UAE,UAE,Dubai BMW,BMW iX,Electric,Electric,Individual,Individual,AED,AED,1,362187.99,0.2,362187.99,OK,90547,65322.69,25224.31,27,OK,Prefer not to say,4.1,OK
BMW-4734,20-08-2029,CORRUPTED,2024,3,Q1,UK,UK,Manchester Prestige,BMW iX,Electric,Electric,Corporate Fleet,Corporate Fleet,GBP,GBP,5,71377.73,1.25,356888.63,OK,414986.78,302578.96,112407.82,55,OK,Prefer not to say,4.1,OK
BMW-2228,02-08-2029,CORRUPTED,2021,7,Q3,Germany,Germany,Hamburg Drive,BMW 5 Series,Sedan,Diesel,corporate fleet,Corporate Fleet,EUR,EUR,6,58982.99,3.53,353897.93,OK,353897.93,264117.49,89780.44,62,OK,Prefer not to say,4.1,OK
BMW-4576,20-07-2029,CORRUPTED,2024,1,Q1,China,China,Shanghai BMW,BMW 3 Series,Sedan,Diesel,Individual,Individual,CNY,CNY,1,351067.78,0.14,351067.78,OK,44438.96,32041.64,12397.32,57,OK,Prefer not to say,4.1,OK
BMW-5096,02-07-2029,CORRUPTED,2024,7,Q3,China,China,Shenzhen Auto,BMW 3 Series,Sedan,Diesel,Individual,Individual,CNY,CNY,1,346546.52,0.89,346546.52,OK,43866.65,31867.52,11999.13,64,OK,Prefer not to say,4.1,OK
BMW-3724,29-06-2029,CORRUPTED,2023,3,Q1,UK,UK,London BMW Centre,BMW X5,SUV,Diesel,Corporate Fleet,Corporate Fleet,GBP,GBP,6,57698.21,6.9,346189.27,OK,402545.66,311302.38,91243.28,52,OK,Female,4.1,OK
BMW-5442,27-06-2029,CORRUPTED,2024,11,Q4,China,China,Shanghai BMW,BMW 3 Series,Sedan,Petrol,Individual,Individual,CNY,CNY,1,345704.08,1.82,345704.08,OK,43760.01,32090.75,11669.26,27,OK,Female,4.1,OK
BMW-5054,05-06-2029,CORRUPTED,2024,7,Q3,USA,USA,New York BMW,BMW 5 Series,Sedan,Petrol,Corporate Fleet,Corporate Fleet,USD,USD,6,56941.32,6.38,341647.93,OK,313438.47,241057.05,72381.42,36,OK,Prefer not to say,4.1,OK
BMW-4765,22-05-2029,CORRUPTED,2024,3,Q1,Australia,Australia,Melbourne Auto Group,BMW X3,SUV,Petrol,Lease,Lease,AUD,AUD,4,84683.45,3.66,338733.78,OK,205293.2,153428.13,51865.07,55,OK,Prefer not to say,4.1,OK
BMW-5538,07-04-2029,CORRUPTED,2024,12,Q4,China,China,Shanghai BMW,BMW 3 Series,Sedan,Hybrid,Corporate Fleet,Corporate Fleet,CNY,CNY,1,326466.82,3.23,326466.82,OK,41324.91,30748.3,10576.61,45,OK,Female,4.1,OK
BMW-4393,13-03-2029,CORRUPTED,2023,11,Q4,China,China,Shenzhen Auto,BMW 2 Series,Coupe,Petrol,Individual,Individual,CNY,CNY,1,320557.19,0.45,320557.19,OK,40576.86,29346.73,11230.13,44,OK,Male,4.1,OK
BMW-5526,01-03-2029,CORRUPTED,2024,12,Q4,UK,UK,Edinburgh Motors,BMW i4,Electric,Electric,Lease,Lease,GBP,GBP,6,52992.19,3.24,317953.15,OK,369712.97,275106.73,94606.24,40,OK,Prefer not to say,4.1,OK
BMW-4250,25-02-2029,CORRUPTED,2023,9,Q3,UAE,UAE,Dubai BMW,BMW X5,SUV,Hybrid,Corporate Fleet,Corporate Fleet,AED,AED,1,317341.14,2.5,317341.14,OK,79335.28,58588.2,20747.09,38,OK,Female,4.1,OK
BMW-3417,23-02-2029,CORRUPTED,2022,11,Q4,China,China,Shanghai BMW,BMW 2 Series,Coupe,Petrol,Corporate Fleet,Corporate Fleet,CNY,CNY,1,317216.76,4.66,317216.76,OK,40154.02,30325.31,9828.71,69,OK,Prefer not to say,4.1,OK
BMW-5450,02-02-2029,CORRUPTED,2024,11,Q4,UAE,UAE,Abu Dhabi Motors,BMW X5,SUV,Hybrid,Individual,Individual,AED,AED,1,311015.27,5.32,311015.27,OK,77753.82,59126.28,18627.54,51,OK,Prefer not to say,4.1,OK
BMW-5440,25-01-2029,CORRUPTED,2024,11,Q4,China,China,Guangzhou BMW,BMW 2 Series,Coupe,Diesel,Individual,Individual,CNY,CNY,1,307789.72,5.36,307789.72,OK,38960.72,29641.25,9319.47,51,OK,Male,4.1,OK
BMW-3204,15-01-2029,CORRUPTED,2022,8,Q3,China,China,Shanghai BMW,BMW 2 Series,Coupe,Hybrid,Individual,Individual,CNY,CNY,1,305970.19,3.64,305970.19,OK,38730.4,28938.04,9792.37,30,OK,Male,4.1,OK
BMW-5033,13-01-2029,CORRUPTED,2024,7,Q3,Germany,Germany,Hamburg Drive,BMW 3 Series,Sedan,Hybrid,Government,Government,EUR,EUR,7,43642.06,1.49,305494.45,OK,305494.45,223292.91,82201.54,25,OK,Female,4.1,OK
BMW-2188,15-12-2028,CORRUPTED,2021,6,Q2,UK,UK,London BMW Centre,BMW X3,SUV,Hybrid,corporate fleet,Corporate Fleet,GBP,GBP,7,42910.11,0.7,300370.8,OK,349268.37,253251.83,96016.54,53,OK,Male,4.1,OK
BMW-2664,28-10-2028,CORRUPTED,2022,1,Q1,Germany,Germany,BMW Munich HQ,BMW X7,SUV,Diesel,Lease,Lease,EUR,EUR,3,95134.07,6,285402.21,OK,285402.21,218608.94,66793.27,27,OK,Male,4.1,OK
BMW-3087,10-10-2028,CORRUPTED,2022,7,Q3,Germany,Germany,Stuttgart Motors,BMW i4,Electric,Electric,Lease,Lease,EUR,EUR,4,69264.44,6.06,277057.77,OK,277057.77,212349.45,64708.33,34,OK,Male,4.1,OK
BMW-2352,03-10-2028,CORRUPTED,2021,8,Q3,UAE,UAE,Dubai BMW,BMW i4,Electric,Electric,Individual,Individual,AED,AED,1,275937.07,0.17,275937.07,OK,68984.27,49752.29,19231.97,50,OK,Male,4.1,OK
BMW-1162,30-09-2028,CORRUPTED,2020,3,Q1,UK,UK,London BMW Centre,BMW X3,SUV,Petrol,lease,Lease,GBP,GBP,6,45835.91,1.65,275015.44,OK,319785.4,234109.87,85675.53,66,OK,Female,4.1,OK
BMW-3236,29-08-2028,CORRUPTED,2022,9,Q3,Germany,Germany,AutohaUSA Berlin,BMW 2 Series,Coupe,Hybrid,Lease,Lease,EUR,EUR,7,37949.15,7.28,265644.04,OK,265644.04,206273.05,59370.99,41,OK,Prefer not to say,4.1,OK
BMW-3587,27-08-2028,CORRUPTED,2023,1,Q1,UAE,UAE,Abu Dhabi Motors,BMW X5,SUV,Hybrid,Individual,Individual,AED,AED,1,264100.09,4.59,264100.09,OK,66025.02,49825.87,16199.16,45,OK,Male,4.1,OK
BMW-3922,17-08-2028,CORRUPTED,2023,6,Q2,Germany,Germany,AutohaUSA Berlin,BMW 3 Series,Sedan,Hybrid,Lease,Lease,EUR,EUR,6,43640.66,2.77,261843.95,OK,261843.95,193906.78,67937.18,48,OK,Prefer not to say,4.1,OK
BMW-5420,18-07-2028,CORRUPTED,2024,11,Q4,UK,UK,London BMW Centre,BMW 7 Series,Sedan,Diesel,corporate fleet,Corporate Fleet,GBP,GBP,3,84155.27,7.06,252465.81,OK,293564.9,227424.84,66140.06,40,OK,Male,4.1,OK
BMW-1737,17-07-2028,CORRUPTED,2020,11,Q4,UAE,UAE,Dubai BMW,BMW 5 Series,Sedan,Petrol,individual,Individual,AED,AED,1,252234.12,1.29,252234.12,OK,63058.53,45997.05,17061.48,60,OK,Prefer not to say,4.1,OK
BMW-2651,14-07-2028,CORRUPTED,2021,12,Q4,UAE,UAE,Dubai BMW,BMW 5 Series,Sedan,Hybrid,Individual,Individual,AED,AED,1,251524.99,1.35,251524.99,OK,62881.25,45892.16,16989.09,37,OK,Male,4.1,OK
BMW-4706,21-06-2028,CORRUPTED,2024,3,Q1,USA,USA,Chicago Motors,BMW 2 Series,Coupe,Hybrid,Lease,Lease,USD,USD,6,40846.66,2.81,245079.99,OK,224844.03,166572.08,58271.95,26,OK,Prefer not to say,4.1,OK
BMW-1459,26-05-2028,CORRUPTED,2020,7,Q3,UAE,UAE,Dubai BMW,BMW 5 Series,Sedan,Petrol,Individual,Individual,AED,AED,1,236889.52,3.64,236889.52,OK,59222.38,44248.56,14973.82,54,OK,Female,4.1,OK
BMW-1415,20-05-2028,CORRUPTED,2020,7,Q3,USA,USA,Miami Auto Group,BMW X5,SUV,Diesel,Lease,Lease,USD,USD,3,78130.8,3.43,234392.41,OK,215038.91,160319.93,54718.98,56,OK,Female,4.1,OK
BMW-3355,14-05-2028,CORRUPTED,2022,10,Q4,UAE,UAE,Dubai BMW,BMW 5 Series,Sedan,Petrol,Individual,Individual,AED,AED,1,233204.79,5.29,233204.79,OK,58301.2,44322.5,13978.7,61,OK,Female,4.1,OK
BMW-4676,29-04-2028,CORRUPTED,2024,2,Q1,UAE,UAE,Dubai BMW,BMW X3,SUV,Petrol,Individual,Individual,AED,AED,1,228393.3,3.11,228393.3,OK,57098.32,42429.04,14669.29,49,OK,Female,4.1,OK
BMW-2245,27-02-2028,CORRUPTED,2021,7,Q3,USA,USA,Chicago Motors,BMW 5 Series,Sedan,Hybrid,Lease,Lease,USD,USD,3,70952.86,0.08,212858.57,OK,195283.09,140715.39,54567.7,48,OK,Female,4.1,OK
BMW-5404,13-02-2028,CORRUPTED,2024,11,Q4,USA,USA,Beverly Hills BMW,BMW 2 Series,Coupe,Hybrid,Corporate Fleet,Corporate Fleet,USD,USD,5,41991.5,4.13,209957.5,OK,192621.56,144669.41,47952.15,63,OK,Male,4.1,OK
BMW-5424,10-02-2028,CORRUPTED,2024,11,Q4,UK,UK,Edinburgh Motors,BMW iX,Electric,Electric,lease,Lease,GBP,GBP,3,69368.24,2.66,208104.73,OK,241982.24,178982.06,63000.19,55,OK,Prefer not to say,4.1,OK
BMW-5243,31-01-2028,CORRUPTED,2024,9,Q3,USA,USA,Miami Auto Group,BMW 3 Series,Sedan,Diesel,lease,Lease,USD,USD,4,51517.01,3.83,206068.04,OK,189053.24,141538.72,47514.52,58,OK,Female,4.1,OK
BMW-4836,09-01-2028,CORRUPTED,2024,4,Q2,UAE,UAE,Abu Dhabi Motors,BMW X3,SUV,Diesel,Individual,Individual,AED,AED,1,201738.96,3.05,201738.96,OK,50434.74,37455.09,12979.65,51,OK,Male,4.1,OK
BMW-1325,25-12-2027,CORRUPTED,2020,5,Q2,Australia,Australia,Sydney BMW,BMW M5,M Sport,Petrol,individual,Individual,AUD,AUD,1,197993.89,2.15,197993.89,OK,119996.29,88297.45,31698.85,53,OK,Male,4.1,OK
BMW-2183,08-12-2027,CORRUPTED,2021,6,Q2,USA,USA,New York BMW,BMW 3 Series,Sedan,Hybrid,Corporate Fleet,Corporate Fleet,USD,USD,4,48172.27,4.4,192689.07,OK,176778.96,133144.89,43634.07,57,OK,Prefer not to say,4.1,OK
BMW-1741,06-12-2027,CORRUPTED,2020,11,Q4,UAE,UAE,Abu Dhabi Motors,BMW X3,SUV,Diesel,Individual,Individual,AED,AED,1,192321.34,2.86,192321.34,OK,48080.34,35635.68,12444.66,65,OK,Prefer not to say,4.1,OK
BMW-3363,09-11-2027,CORRUPTED,2022,10,Q4,Australia,Australia,Sydney BMW,BMW X7,SUV,Petrol,Individual,Individual,AUD,AUD,1,183634.93,0.86,183634.93,OK,111293.89,80829.48,30464.41,46,OK,Female,4.1,OK
BMW-3377,02-11-2027,CORRUPTED,2022,11,Q4,Germany,Germany,BMW Munich HQ,BMW 3 Series,Sedan,Petrol,Corporate Fleet,Corporate Fleet,EUR,EUR,4,45406.66,0.33,181626.64,OK,181626.64,131199.26,50427.38,32,OK,Prefer not to say,4.1,OK
BMW-2376,19-10-2027,CORRUPTED,2021,9,Q3,Germany,Germany,BMW Munich HQ,BMW M3,M Sport,Petrol,Corporate Fleet,Corporate Fleet,EUR,EUR,2,86665.81,0.44,173331.61,OK,173331.61,125346.38,47985.23,57,OK,Female,4.1,OK
BMW-1139,14-10-2027,CORRUPTED,2020,3,Q1,Germany,Germany,Stuttgart Motors,BMW M3,M Sport,Hybrid,Government,Government,EUR,EUR,2,86093.2,6.5,172186.4,OK,172186.4,132597.28,39589.11,31,OK,Prefer not to say,4.1,OK
BMW-5556,13-10-2027,CORRUPTED,2024,12,Q4,UAE,UAE,Dubai BMW,BMW 3 Series,Sedan,Diesel,individual,Individual,AED,AED,1,171750.08,3.08,171750.08,OK,42937.52,31897.78,11039.73,26,OK,Prefer not to say,4.1,OK
BMW-4171,25-09-2027,CORRUPTED,2023,8,Q3,Australia,Australia,Melbourne Auto Group,BMW 7 Series,Sedan,Petrol,Individual,Individual,AUD,AUD,1,164836.97,4.65,164836.97,OK,99901.19,75434.54,24466.66,69,OK,Female,4.1,OK
BMW-2781,08-09-2027,CORRUPTED,2022,2,Q1,Australia,Australia,Sydney BMW,BMW iX,Electric,Electric,individual,Individual,AUD,AUD,1,160296.86,1.25,160296.86,OK,97149.61,70834.74,26314.87,35,OK,Female,4.1,OK
BMW-3107,30-08-2027,CORRUPTED,2022,7,Q3,USA,USA,Beverly Hills BMW,BMW i4,Electric,Electric,Corporate Fleet,Corporate Fleet,USD,USD,2,79447.82,2.15,158895.64,OK,145775.82,107260.63,38515.19,62,OK,Prefer not to say,4.1,OK
BMW-4638,24-08-2027,CORRUPTED,2024,2,Q1,USA,USA,Beverly Hills BMW,BMW i4,Electric,Electric,Corporate Fleet,Corporate Fleet,USD,USD,2,79167.35,0.58,158334.69,OK,145261.19,105196.27,40064.91,40,OK,Prefer not to say,4.1,OK
BMW-1454,17-08-2027,CORRUPTED,2020,7,Q3,UAE,UAE,Dubai BMW,BMW 2 Series,Coupe,Petrol,Corporate Fleet,Corporate Fleet,AED,AED,1,156442.31,6.15,156442.31,OK,39110.58,30006.34,9104.24,58,OK,Female,4.1,OK
BMW-4468,04-08-2027,CORRUPTED,2023,12,Q4,USA,USA,Dallas BMW,BMW 2 Series,Coupe,Petrol,Corporate Fleet,Corporate Fleet,USD,USD,4,37887.93,7.41,151551.74,OK,139038.29,108121.54,30916.75,49,OK,Prefer not to say,4.1,OK
BMW-5411,08-07-2027,CORRUPTED,2024,11,Q4,USA,USA,Beverly Hills BMW,BMW i7,Electric,Electric,Individual,Individual,USD,USD,1,146280.19,1.42,146280.19,OK,134202.01,98014.24,36187.77,39,OK,Male,4.1,OK
BMW-3987,19-06-2027,CORRUPTED,2023,6,Q2,UAE,UAE,Dubai BMW,BMW 2 Series,Coupe,Petrol,Individual,Individual,AED,AED,1,141754.25,5.22,141754.25,OK,35438.56,26921.11,8517.46,26,OK,Male,4.1,OK
BMW-1854,12-05-2027,CORRUPTED,2021,1,Q1,USA,USA,Chicago Motors,BMW i7,Electric,Electric,Individual,Individual,USD,USD,1,134475.34,5.62,134475.34,OK,123371.87,94114.31,29257.56,45,OK,Female,4.1,OK
BMW-3181,11-05-2027,CORRUPTED,2022,8,Q3,USA,USA,New York BMW,BMW M5,M Sport,Diesel,Individual,Individual,USD,USD,1,134285.84,1.65,134285.84,OK,123198.02,90189.43,33008.59,25,OK,Prefer not to say,4.1,OK
BMW-1601,10-05-2027,CORRUPTED,2020,9,Q3,Australia,Australia,Melbourne Auto Group,BMW iX,Electric,Electric,individual,Individual,AUD,AUD,1,134198.68,1.75,134198.68,OK,81332.53,59604.02,21728.52,67,OK,Male,4.1,OK
BMW-4506,29-04-2027,CORRUPTED,2023,12,Q4,Australia,Australia,Melbourne Auto Group,BMW X5,SUV,Diesel,Corporate Fleet,Corporate Fleet,AUD,AUD,1,130488.85,1.98,130488.85,OK,79084.15,58089.1,20995.05,53,OK,Prefer not to say,4.1,OK
BMW-2725,10-04-2027,CORRUPTED,2022,1,Q1,Australia,Australia,Sydney BMW,BMW M3,M Sport,Hybrid,individual,Individual,AUD,AUD,1,127320.84,3.25,127320.84,OK,77164.15,57425.03,19739.11,57,OK,Male,4.1,OK
BMW-4948,30-03-2027,CORRUPTED,2024,6,Q2,Germany,Germany,Hamburg Drive,BMW 3 Series,Sedan,Diesel,Government,Government,EUR,EUR,3,41971.66,6.96,125914.97,OK,125914.97,97443.41,28471.57,60,OK,Prefer not to say,4.1,OK
BMW-3008,25-03-2027,CORRUPTED,2022,5,Q2,Australia,Australia,Melbourne Auto Group,BMW X5,SUV,Petrol,Individual,Individual,AUD,AUD,1,125260.05,4.49,125260.05,OK,75915.18,57229,18686.19,69,OK,Male,4.1,OK
BMW-2043,22-01-2027,CORRUPTED,2021,4,Q2,USA,USA,Miami Auto Group,BMW X7,SUV,Hybrid,individual,Individual,USD,USD,1,116560.92,1.79,116560.92,OK,106936.62,78401.32,28535.3,52,OK,Male,4.1,OK
BMW-5115,07-01-2027,CORRUPTED,2024,7,Q3,Australia,Australia,Melbourne Auto Group,BMW i4,Electric,Electric,Individual,Individual,AUD,AUD,1,114653.07,0.44,114653.07,OK,69486.71,50253.11,19233.59,54,OK,Male,4.1,OK
BMW-3021,27-12-2026,CORRUPTED,2022,6,Q2,Germany,Germany,Stuttgart Motors,BMW M5,M Sport,Hybrid,Individual,Individual,EUR,EUR,1,112908.91,7.45,112908.91,OK,112908.91,87835.21,25073.7,34,OK,Prefer not to say,4.1,OK
BMW-4331,15-12-2026,CORRUPTED,2023,10,Q4,Australia,Australia,Sydney BMW,BMW i4,Electric,Electric,Individual,Individual,AUD,AUD,1,111602.06,4.92,111602.06,OK,67637.61,51219.38,16418.24,61,OK,Male,4.1,OK
BMW-1327,07-12-2026,CORRUPTED,2020,5,Q2,Australia,Australia,Melbourne Auto Group,BMW X5,SUV,Petrol,Individual,Individual,AUD,AUD,1,110983.54,3.14,110983.54,OK,67262.75,49999.13,17263.62,58,OK,Male,4.1,OK
BMW-4986,14-11-2026,CORRUPTED,2024,6,Q2,UK,UK,Edinburgh Motors,BMW i7,Electric,Electric,Individual,Individual,Gbp,GBP,1,108159.95,0.63,108159.95,OK,125767.38,91129.51,34637.87,39,OK,Female,4.1,OK
BMW-5426,04-11-2026,CORRUPTED,2024,11,Q4,UK,UK,London BMW Centre,BMW i7,Electric,Electric,Individual,Individual,GBP,GBP,1,107148.63,1.63,107148.63,OK,124591.43,91194.18,33397.25,42,OK,Female,4.1,OK
BMW-4949,27-10-2026,CORRUPTED,2024,6,Q2,Germany,Germany,BMW Munich HQ,BMW X7,SUV,Hybrid,Individual,Individual,EUR,EUR,1,106377.75,3.77,106377.75,OK,106377.75,79596.04,26781.71,40,OK,Female,4.1,OK
BMW-4984,25-10-2026,CORRUPTED,2024,6,Q2,UK,UK,London BMW Centre,BMW M5,M Sport,Diesel,Individual,Individual,GBP,GBP,1,106120.45,2.44,106120.45,OK,123395.87,91068.25,32327.63,67,OK,Male,4.1,OK
BMW-3101,09-09-2026,CORRUPTED,2022,7,Q3,USA,USA,Beverly Hills BMW,BMW iX,Electric,Electric,Individual,Individual,USD,USD,1,101829.28,3.28,101829.28,OK,93421.36,69547.34,23874.02,49,OK,Female,4.1,OK
BMW-2401,06-08-2026,CORRUPTED,2021,9,Q3,UK,UK,Edinburgh Motors,BMW i7,Electric,Electric,individual,Individual,GBP,GBP,1,98261.58,4.35,98261.58,OK,114257.65,86007.07,28250.58,37,OK,Prefer not to say,4.1,OK
BMW-1127,29-06-2026,CORRUPTED,2020,2,Q1,Australia,Australia,Sydney BMW,BMW 5 Series,Sedan,Petrol,individual,Individual,AUD,AUD,1,95845.22,5.04,95845.22,OK,58088.01,44040.91,14047.1,34,OK,Female,4.1,OK
BMW-3475,27-06-2026,CORRUPTED,2022,12,Q4,USA,USA,Miami Auto Group,BMW iX,Electric,Electric,lease,Lease,USD,USD,1,95814.99,4.66,95814.99,OK,87903.66,66386.91,21516.75,52,OK,Prefer not to say,4.1,OK
BMW-3669,31-05-2026,CORRUPTED,2023,2,Q1,Australia,Australia,Sydney BMW,BMW 5 Series,Sedan,Petrol,Individual,Individual,AUD,AUD,1,93953.25,0.52,93953.25,OK,56941.36,41211.54,15729.83,55,OK,Female,4.1,OK
BMW-1226,27-04-2026,CORRUPTED,2020,4,Q2,USA,USA,New York BMW,BMW M3,M Sport,Diesel,Individual,Individual,USD,USD,1,91692.44,0.68,91692.44,OK,84121.51,60983.88,23137.63,55,OK,Prefer not to say,4.1,OK
BMW-5151,25-04-2026,CORRUPTED,2024,8,Q3,USA,USA,New York BMW,BMW M3,M Sport,Hybrid,individual,Individual,USD,USD,1,91642.34,3.61,91642.34,OK,84075.54,62803.54,21272,27,OK,Prefer not to say,4.1,OK
BMW-1323,11-03-2026,CORRUPTED,2020,5,Q2,Australia,Australia,Sydney BMW,BMW 5 Series,Sedan,Hybrid,Individual,Individual,AUD,AUD,1,88193.39,5.48,88193.39,OK,53450.54,40717.55,12732.99,64,OK,Male,4.1,OK
BMW-3293,05-03-2026,CORRUPTED,2022,9,Q3,Australia,Australia,Melbourne Auto Group,BMW X3,SUV,Petrol,Individual,Individual,AUD,AUD,1,87656.65,0.64,87656.65,OK,53125.24,38496.5,14628.74,64,OK,Female,4.1,OK
BMW-4458,22-02-2026,CORRUPTED,2023,12,Q4,USA,USA,Chicago Motors,BMW M3,M Sport,Diesel,Individual,Individual,USD,USD,1,86829.16,3.76,86829.16,OK,79659.78,59598.53,20061.25,49,OK,Female,4.1,OK
BMW-4535,21-02-2026,CORRUPTED,2024,1,Q1,USA,USA,Dallas BMW,BMW iX,Electric,Electric,individual,Individual,USD,USD,1,86792.96,5.49,86792.96,OK,79626.57,60659.8,18966.77,39,OK,Prefer not to say,4.1,OK
BMW-2673,19-02-2026,CORRUPTED,2022,1,Q1,USA,USA,Beverly Hills BMW,BMW M3,M Sport,Hybrid,Individual,Individual,USD,USD,1,86473.68,3.49,86473.68,OK,79333.65,59184.94,20148.72,56,OK,Prefer not to say,4.1,OK
BMW-3247,01-02-2026,CORRUPTED,2022,9,Q3,USA,USA,Beverly Hills BMW,BMW X5,SUV,Hybrid,Individual,Individual,USD,USD,1,85501.51,3.59,85501.51,OK,78441.75,58578.26,19863.49,42,OK,Female,4.1,OK
BMW-3366,27-01-2026,CORRUPTED,2022,10,Q4,Australia,Australia,Melbourne Auto Group,BMW X3,SUV,Diesel,Individual,Individual,AUD,AUD,1,85249.68,2.41,85249.68,OK,51666.47,38118.23,13548.24,28,OK,Male,4.1,OK
BMW-4467,05-01-2026,CORRUPTED,2023,12,Q4,USA,USA,New York BMW,BMW X5,SUV,Diesel,Individual,Individual,USD,USD,1,83993.39,1.36,83993.39,OK,77058.15,56247.89,20810.26,29,OK,Female,4.1,OK
BMW-5194,14-12-2025,CORRUPTED,2024,8,Q3,Australia,Australia,Sydney BMW,BMW X3,SUV,Hybrid,Individual,Individual,AUD,AUD,1,82987.13,5.75,82987.13,OK,50295.23,38422.24,11872.99,58,OK,Prefer not to say,4.1,OK
BMW-1134,07-11-2025,CORRUPTED,2020,3,Q1,Germany,Germany,Hamburg Drive,BMW X5,SUV,Hybrid,Individual,Individual,EUR,EUR,1,80578.77,0.36,80578.77,OK,80578.77,58227.35,22351.42,66,OK,Male,4.1,OK
BMW-1487,03-11-2025,CORRUPTED,2020,8,Q3,USA,USA,Chicago Motors,BMW i4,Electric,Electric,Individual,Individual,USD,USD,1,80311.94,0.35,80311.94,OK,73680.68,53233.95,20446.72,36,OK,Prefer not to say,4.1,OK
BMW-4223,07-10-2025,CORRUPTED,2023,9,Q3,UK,UK,Edinburgh Motors,BMW 7 Series,Sedan,Diesel,Individual,Individual,GBP,GBP,1,78399.1,3.34,78399.1,OK,91161.74,67906.46,23255.28,45,OK,Male,4.1,OK
BMW-4611,12-09-2025,CORRUPTED,2024,2,Q1,Germany,Germany,Stuttgart Motors,BMW X5,SUV,Petrol,Individual,Individual,EUR,EUR,1,77262.62,6.32,77262.62,OK,77262.62,59385.04,17877.59,38,OK,Female,4.1,OK
BMW-3171,30-08-2025,CORRUPTED,2022,8,Q3,USA,USA,New York BMW,BMW i4,Electric,Electric,individual,Individual,USD,USD,1,76692.7,0.57,76692.7,OK,70360.27,50948.44,19411.83,26,OK,Prefer not to say,4.1,OK
BMW-3404,29-08-2025,CORRUPTED,2022,11,Q4,UK,UK,London BMW Centre,BMW 7 Series,Sedan,Hybrid,Corporate Fleet,Corporate Fleet,GBP,GBP,1,76649.76,3.97,76649.76,OK,89127.63,66823.87,22303.76,56,OK,Male,4.1,OK
BMW-2681,02-07-2025,CORRUPTED,2022,1,Q1,USA,USA,Chicago Motors,BMW i4,Electric,Electric,Individual,Individual,USD,USD,1,73791.42,0.51,73791.42,OK,67698.55,48992.23,18706.32,49,OK,Male,4.1,OK
BMW-2686,29-06-2025,CORRUPTED,2022,1,Q1,USA,USA,Dallas BMW,BMW X5,SUV,Diesel,Individual,Individual,USD,USD,1,73650.17,6.49,73650.17,OK,67568.97,52027.11,15541.85,40,OK,Male,4.1,OK
BMW-1094,22-06-2025,CORRUPTED,2020,2,Q1,USA,USA,Chicago Motors,BMW X5,SUV,Diesel,Individual,Individual,USD,USD,1,73011.41,3,73011.41,OK,66982.95,49717.71,17265.23,45,OK,Male,4.1,OK
BMW-4197,19-06-2025,CORRUPTED,2023,9,Q3,USA,USA,Dallas BMW,BMW i4,Electric,Electric,Individual,Individual,USD,USD,1,72944.75,3.88,72944.75,OK,66921.79,50127.75,16794.03,47,OK,Prefer not to say,4.1,OK
BMW-1777,15-06-2025,CORRUPTED,2020,12,Q4,USA,USA,Miami Auto Group,BMW i4,Electric,Electric,Individual,Individual,USD,USD,1,72650.65,5.83,72650.65,OK,66651.97,50961.41,15690.56,38,OK,Prefer not to say,4.1,OK
BMW-3234,30-05-2025,CORRUPTED,2022,9,Q3,Germany,Germany,BMW Munich HQ,BMW X5,SUV,Diesel,Individual,Individual,EUR,EUR,1,71335.51,4.3,71335.51,OK,71335.51,53668.98,17666.53,43,OK,Prefer not to say,4.1,OK
BMW-2877,14-04-2025,CORRUPTED,2022,4,Q2,USA,USA,Beverly Hills BMW,BMW i4,Electric,Electric,Individual,Individual,USD,USD,1,68548.36,6.24,68548.36,OK,62888.41,48293.49,14594.92,32,OK,Male,4.1,OK
BMW-4896,02-03-2025,CORRUPTED,2024,5,Q2,UK,UK,London BMW Centre,BMW X5,SUV,Petrol,Individual,Individual,GBP,GBP,1,66566.04,2.92,66566.04,OK,77402.38,57403.6,19998.77,34,OK,Prefer not to say,4.1,OK
BMW-4786,14-02-2025,CORRUPTED,2024,4,Q2,USA,USA,New York BMW,BMW 5 Series,Sedan,Hybrid,Individual,Individual,USD,USD,1,65896.88,4.97,65896.88,OK,60455.86,45803.26,14652.59,55,OK,Female,4.1,OK
BMW-1616,29-01-2025,CORRUPTED,2020,10,Q4,Germany,Germany,BMW Munich HQ,BMW X5,SUV,Hybrid,Individual,Individual,EUR,EUR,1,65072.48,7.22,65072.48,OK,65072.48,50497.95,14574.53,25,OK,Prefer not to say,4.1,OK
BMW-4333,28-01-2025,CORRUPTED,2023,10,Q4,Australia,Australia,Sydney BMW,BMW 2 Series,Coupe,Hybrid,Individual,Individual,AUD,AUD,1,65041.78,5.77,65041.78,OK,39419.26,30120.75,9298.51,50,OK,Female,4.1,OK
BMW-2301,20-01-2025,CORRUPTED,2021,8,Q3,Germany,Germany,Hamburg Drive,BMW i4,Electric,Electric,Corporate Fleet,Corporate Fleet,eur,EUR,1,64695.47,5.66,64695.47,OK,64695.47,49374.46,15321.01,46,OK,Female,4.1,OK
BMW-1756,28-12-2024,CORRUPTED,2020,12,Q4,Germany,Germany,AutohaUSA Berlin,BMW 5 Series,Sedan,Hybrid,Individual,Individual,EUR,EUR,1,63941.25,1.66,63941.25,OK,63941.25,46813.21,17128.04,41,OK,Female,4.1,OK
BMW-1784,14-12-2024,CORRUPTED,2020,12,Q4,USA,USA,Dallas BMW,BMW i4,Electric,Electric,Individual,Individual,USD,USD,1,63122.86,6.71,63122.86,OK,57910.88,44695.81,13215.07,54,OK,Prefer not to say,4.1,OK
BMW-1787,30-11-2024,CORRUPTED,2020,12,Q4,USA,USA,Dallas BMW,BMW X3,SUV,Petrol,Individual,Individual,USD,USD,1,62712.48,1.43,62712.48,OK,57534.39,42027.45,15506.94,-5,BAD AGE,Female,4.1,OK
BMW-2868,24-11-2024,CORRUPTED,2022,4,Q2,USA,USA,Beverly Hills BMW,BMW X3,SUV,Petrol,Individual,Individual,USD,USD,1,62554.71,2.16,62554.71,OK,57389.64,42233.97,15155.67,61,OK,Prefer not to say,4.1,OK
BMW-4459,07-11-2024,CORRUPTED,2023,12,Q4,USA,USA,Miami Auto Group,BMW 5 Series,Sedan,Diesel,Individual,Individual,USD,USD,1,61920.9,6.79,61920.9,OK,56808.17,43882.88,12925.28,69,OK,Female,4.1,OK
BMW-3405,26-09-2024,CORRUPTED,2022,11,Q4,UK,UK,Manchester Prestige,BMW i4,Electric,Electric,Individual,Individual,GBP,GBP,1,60457.29,4.84,60457.29,OK,70299.17,53189.56,17109.61,42,OK,Male,4.1,OK
BMW-1069,17-09-2024,CORRUPTED,2020,2,Q1,Germany,Germany,Hamburg Drive,BMW 5 Series,Sedan,Petrol,individual,Individual,EUR,EUR,1,60141.32,5.58,60141.32,OK,60141.32,45858.9,14282.42,32,OK,Female,4.1,OK
BMW-4882,31-08-2024,CORRUPTED,2024,5,Q2,USA,USA,Miami Auto Group,BMW X3,SUV,Petrol,individual,Individual,USD,USD,1,59527.6,0.7,59527.6,OK,54612.47,39597.62,15014.86,64,OK,Prefer not to say,4.1,OK
BMW-5067,01-08-2024,CORRUPTED,2024,7,Q3,UK,UK,Edinburgh Motors,BMW X5,SUV,Petrol,Individual,Individual,GBP,GBP,1,58479.91,4.42,58479.91,OK,67999.9,51224.93,16774.97,38,OK,Prefer not to say,4.1,OK
BMW-2447,20-07-2024,CORRUPTED,2021,10,Q4,Germany,Germany,Stuttgart Motors,BMW 5 Series,Sedan,Petrol,Individual,Individual,EUR,EUR,1,58285.49,6.94,58285.49,OK,58285.49,45097.09,13188.4,67,OK,Prefer not to say,4.1,OK
BMW-2808,30-06-2024,CORRUPTED,2022,3,Q1,USA,USA,New York BMW,BMW X3,SUV,Hybrid,Individual,Individual,USD,USD,1,57729.17,2.54,57729.17,OK,52962.54,39126.08,13836.46,34,OK,Prefer not to say,4.1,OK
BMW-1104,20-06-2024,CORRUPTED,2020,2,Q1,UK,UK,Edinburgh Motors,BMW i4,Electric,Electric,Individual,Individual,GBP,GBP,1,57527.45,6.45,57527.45,OK,66892.38,51485.75,15406.63,46,OK,Male,4.1,OK
BMW-1542,08-06-2024,CORRUPTED,2020,9,Q3,Germany,Germany,BMW Munich HQ,BMW X3,SUV,Hybrid,Individual,Individual,EUR,EUR,1,57304.11,0.22,57304.11,OK,57304.11,41348.83,15955.28,62,OK,Prefer not to say,4.1,OK
BMW-4780,02-06-2024,CORRUPTED,2024,4,Q2,USA,USA,Miami Auto Group,BMW X3,SUV,Petrol,Individual,Individual,USD,USD,1,57050.62,4.21,57050.62,OK,52340.01,39342.51,12997.5,49,OK,Prefer not to say,4.1,OK
BMW-2184,06-05-2024,CORRUPTED,2021,6,Q2,USA,USA,Beverly Hills BMW,BMW X3,SUV,Diesel,individual,Individual,USD,USD,1,56025.36,4.17,56025.36,OK,51399.41,38618.35,12781.06,60,OK,Female,4.1,OK
BMW-3692,14-04-2024,CORRUPTED,2023,3,Q1,Germany,Germany,BMW Munich HQ,BMW X3,SUV,Hybrid,Individual,Individual,EUR,EUR,1,55302.12,6.58,55302.12,OK,55302.12,42624.2,12677.92,29,OK,Prefer not to say,4.1,OK
BMW-4136,15-02-2024,CORRUPTED,2023,8,Q3,UK,UK,Edinburgh Motors,BMW 5 Series,Sedan,Hybrid,Individual,Individual,GBP,GBP,1,53448.87,3.33,53448.87,OK,62149.85,46288.64,15861.21,32,OK,Male,4.1,OK
BMW-1073,29-01-2024,CORRUPTED,2020,2,Q1,Germany,Germany,Stuttgart Motors,BMW X3,SUV,Diesel,Individual,Individual,EUR,EUR,1,53005.85,5.62,53005.85,OK,53005.85,40434.93,12570.92,59,OK,Male,4.1,OK
BMW-3238,10-01-2024,CORRUPTED,2022,9,Q3,Germany,Germany,Stuttgart Motors,BMW X3,SUV,Diesel,Individual,Individual,EUR,EUR,1,52193.33,1.09,52193.33,OK,52193.33,37993.33,14200,58,OK,Male,4.1,OK
BMW-3400,06-12-2023,CORRUPTED,2022,11,Q4,UK,UK,Edinburgh Motors,BMW 5 Series,Sedan,Diesel,Individual,Individual,GBP,GBP,1,50609.28,1.59,50609.28,OK,58848,43053.82,15794.18,27,OK,Female,4.1,OK
BMW-3774,04-12-2023,CORRUPTED,2023,4,Q2,USA,USA,Dallas BMW,BMW 3 Series,Sedan,Petrol,Individual,Individual,USD,USD,1,50535.03,3.28,50535.03,OK,46362.41,34512.5,11849.91,70,OK,Prefer not to say,4.1,OK
BMW-1989,12-10-2023,CORRUPTED,2021,3,Q1,USA,USA,Miami Auto Group,BMW 3 Series,Sedan,Petrol,individual,Individual,USD,USD,1,48374.83,3.47,48374.83,OK,44380.58,33102.94,11277.64,48,OK,Prefer not to say,4.1,OK
BMW-4211,27-09-2023,CORRUPTED,2023,9,Q3,USA,USA,Beverly Hills BMW,BMW 3 Series,Sedan,Hybrid,Individual,Individual,USD,USD,1,47760.39,2.68,47760.39,OK,43816.87,32418.19,11398.68,40,OK,Female,4.1,OK
BMW-3472,26-09-2023,CORRUPTED,2022,12,Q4,USA,USA,New York BMW,BMW 3 Series,Sedan,Petrol,individual,Individual,USD,USD,1,47751.24,6.03,47751.24,OK,43808.47,33566.68,10241.8,37,OK,Male,4.1,OK
BMW-5402,08-09-2023,CORRUPTED,2024,11,Q4,USA,USA,New York BMW,BMW 3 Series,Sedan,Hybrid,corporate fleet,Corporate Fleet,USD,USD,1,47038.62,6.87,47038.62,OK,43154.7,33364.69,9790.01,39,OK,Female,4.1,OK
BMW-2100,31-08-2023,CORRUPTED,2021,5,Q2,Germany,Germany,AutohaUSA Berlin,BMW X3,SUV,Petrol,individual,Individual,EUR,EUR,1,46797.4,7.71,46797.4,OK,46797.4,36508.12,10289.29,66,OK,Female,4.1,OK
BMW-4876,27-08-2023,CORRUPTED,2024,5,Q2,USA,USA,Beverly Hills BMW,BMW 2 Series,Coupe,Diesel,Individual,Individual,USD,USD,1,46722.98,1.59,46722.98,OK,42865.12,31362.99,11502.12,50,OK,Male,4.1,OK
BMW-5059,01-08-2023,CORRUPTED,2024,7,Q3,USA,USA,Dallas BMW,BMW 3 Series,Sedan,Diesel,Corporate Fleet,Corporate Fleet,USD,USD,1,45602.28,6.93,45602.28,OK,41836.95,32366,9470.96,55,OK,Female,4.1,OK
BMW-1921,29-07-2023,CORRUPTED,2021,2,Q1,USA,USA,Dallas BMW,BMW 3 Series,Sedan,Diesel,Individual,Individual,USD,USD,1,45571.5,6.78,45571.5,OK,41808.72,32291.34,9517.38,38,OK,Male,4.1,OK
BMW-4878,25-06-2023,CORRUPTED,2024,5,Q2,USA,USA,Dallas BMW,BMW 2 Series,Coupe,Hybrid,Corporate Fleet,Corporate Fleet,USD,USD,1,44502.78,2.12,44502.78,OK,40828.24,30033.4,10794.84,41,OK,Prefer not to say,4.1,OK
BMW-5035,25-05-2023,CORRUPTED,2024,7,Q3,Germany,Germany,AutohaUSA Berlin,BMW 3 Series,Sedan,Hybrid,Individual,Individual,EUR,EUR,1,43360.81,6.74,43360.81,OK,43360.81,33474.75,9886.07,31,OK,Male,4.1,OK
BMW-4699,13-05-2023,CORRUPTED,2024,3,Q1,Germany,Germany,BMW Munich HQ,BMW 3 Series,Sedan,Diesel,Individual,Individual,EUR,EUR,1,42728.88,3.36,42728.88,OK,42728.88,31834.79,10894.1,59,OK,Female,4.1,OK
BMW-2793,07-05-2023,CORRUPTED,2022,3,Q1,Germany,Germany,Hamburg Drive,BMW 2 Series,Coupe,Diesel,Individual,Individual,EUR,EUR,1,42466.52,1.65,42466.52,OK,42466.52,31090.43,11376.09,66,OK,Prefer not to say,4.1,OK
BMW-3776,23-04-2023,CORRUPTED,2023,4,Q2,USA,USA,Miami Auto Group,BMW 2 Series,Coupe,Petrol,Individual,Individual,USD,USD,1,41762.11,0.6,41762.11,OK,38313.86,27752.55,10561.32,28,OK,Prefer not to say,4.1,OK
BMW-2185,16-04-2023,CORRUPTED,2021,6,Q2,USA,USA,Beverly Hills BMW,BMW 3 Series,Sedan,Petrol,Individual,Individual,USD,USD,1,41654.09,6.89,41654.09,OK,38214.76,29551.72,8663.04,42,OK,Prefer not to say,4.1,OK
BMW-3931,31-03-2023,CORRUPTED,2023,6,Q2,Germany,Germany,Stuttgart Motors,BMW 2 Series,Coupe,Hybrid,Individual,Individual,EUR,EUR,1,40879.25,0.25,40879.25,OK,40879.25,29505.73,11373.52,68,OK,Female,4.1,OK
BMW-3695,18-02-2023,CORRUPTED,2023,3,Q1,Germany,Germany,Stuttgart Motors,BMW 3 Series,Sedan,Petrol,Individual,Individual,EUR,EUR,1,38542.16,7.38,38542.16,OK,38542.16,29960.82,8581.34,39,OK,Female,4.1,OK
BMW-4985,10-12-2022,CORRUPTED,2024,6,Q2,UK,UK,London BMW Centre,BMW 2 Series,Coupe,Diesel,Individual,Individual,GBP,GBP,1,32413.08,2.32,32413.08,OK,37689.62,27780.01,9909.61,29,OK,Male,4.1,OK
BMW-2397,05-12-2022,CORRUPTED,2021,9,Q3,UK,UK,London BMW Centre,BMW 2 Series,Coupe,Petrol,individual,Individual,GBP,GBP,1,31551.75,3.6,31551.75,OK,36688.09,27401.76,9286.32,51,OK,Female,4.1,OK
BMW-3040,20-11-2022,CORRUPTED,2022,6,Q2,USA,USA,Miami Auto Group,BMW M3,M Sport,Hybrid,Lease,Lease,USD,USD,7,92824.08,0.25,6497.6857,OK,596117.95,430265.95,165852,59,OK,Prefer not to say,4.1,OK
BMW-2288,25-10-2022,CORRUPTED,2021,8,Q3,Germany,Germany,BMW Munich HQ,BMW 5 Series,Sedan,Hybrid,Corporate Fleet,Corporate Fleet,EUR,EUR,3,58373.07,2.74,1751.192,OK,175119.2,129633.98,45485.21,35,OK,Male,4.1,OK
BMW-4001,22-10-2022,CORRUPTED,2023,7,Q3,Germany,Germany,Stuttgart Motors,BMW iX,Electric,Electric,Individual,Individual,EUR,EUR,1,93284.02,0.2,932.8402,OK,93284.02,67298.94,25985.09,41,OK,Prefer not to say,4.1,OK
BMW-5014,15-10-2022,CORRUPTED,2024,6,Q2,Australia,Australia,Sydney BMW,BMW 2 Series,Coupe,Diesel,Individual,Individual,AUD,AUD,1,65294.07,3.14,652.9407,OK,39572.16,29414.72,10157.44,29,OK,Female,4.1,OK
BMW-2408,27-08-2022,CORRUPTED,2021,9,Q3,China,China,Shenzhen Auto,BMW X7,SUV,Petrol,Individual,Individual,CNY,CNY,1,785593.27,3.56,-785593.27,BAD REVENUE,99442.19,74244.56,25197.63,47,OK,Prefer not to say,4.1,OK
BMW-4848,19-08-2022,CORRUPTED,2024,4,Q2,South Africa,South Africa,Cape Town BMW,BMW X3,SUV,Diesel,Lease,Lease,ZAR,ZAR,4,1045787,5.19,-4183148,BAD REVENUE,209157.4,158836.59,50320.81,33,OK,Male,4.1,OK
BMW-2011,08-12-2034,CORRUPTED,2021,3,Q1,India,India,Delhi Prestige Auto,BMW 5 Series,Sedan,Diesel,Government,Government,INR,INR,4,5677572.52,0.61,22710290.08,OK,249563.63,180796.67,68766.96,39,OK,Female,4.2,OK
BMW-1816,06-12-2034,CORRUPTED,2020,12,Q4,India,India,Bangalore Motors,BMW i4,Electric,Electric,Lease,Lease,INR,INR,4,5433838.28,3.47,21735353.12,OK,238850.03,178151.5,60698.54,67,OK,Female,4.2,OK
BMW-1117,01-12-2034,CORRUPTED,2020,2,Q1,India,India,Delhi Prestige Auto,BMW 3 Series,Sedan,Hybrid,corporate fleet,Corporate Fleet,INR,INR,5,4114170.01,5.65,20570850.07,OK,226053.3,172504.79,53548.51,30,OK,Male,4.2,OK
BMW-2145,16-11-2034,CORRUPTED,2021,5,Q2,India,India,Bangalore Motors,BMW iX,Electric,Electric,Lease,Lease,INR,INR,2,8113309.71,1.31,16226619.43,OK,178314.5,130086.59,48227.91,45,OK,Female,4.2,OK
BMW-1271,03-11-2034,CORRUPTED,2020,4,Q2,South Africa,South Africa,Cape Town BMW,BMW iX,Electric,Electric,Corporate Fleet,Corporate Fleet,ZAR,ZAR,8,1686643.23,4.32,13493145.8,OK,674657.29,507663.66,166993.63,44,OK,Female,4.2,OK
BMW-3439,13-09-2034,CORRUPTED,2022,11,Q4,South Africa,South Africa,Cape Town BMW,BMW 7 Series,Sedan,Diesel,Lease,Lease,ZAR,ZAR,5,1877459.16,5.98,9387295.78,OK,469364.79,359453.33,109911.45,58,OK,Male,4.2,OK
BMW-4397,07-08-2034,CORRUPTED,2023,11,Q4,India,India,Bangalore Motors,BMW iX,Electric,Electric,individual,Individual,INR,INR,1,7612341.75,2.28,7612341.75,OK,83652.11,61636.29,22015.81,42,OK,Female,4.2,OK
BMW-4416,02-08-2034,CORRUPTED,2023,11,Q4,South Africa,South Africa,Johannesburg Motors,BMW X3,SUV,Hybrid,corporate fleet,Corporate Fleet,ZAR,ZAR,7,1066965.6,0.79,7468759.22,OK,373437.96,271018.9,102419.06,43,OK,Male,4.2,OK
BMW-1050,12-06-2034,CORRUPTED,2020,1,Q1,India,India,Delhi Prestige Auto,BMW X5,SUV,Diesel,Individual,Individual,INR,INR,1,6215920.01,5.28,6215920.01,OK,68306.81,51922.34,16384.47,27,OK,Female,4.2,OK
BMW-3349,26-05-2034,CORRUPTED,2022,10,Q4,India,India,Mumbai BMW,BMW 5 Series,Sedan,Diesel,Individual,Individual,INR,INR,1,5771796.5,3.11,5771796.5,OK,63426.34,47134.8,16291.53,26,OK,Prefer not to say,4.2,OK
BMW-4919,27-04-2034,CORRUPTED,2024,5,Q2,India,India,Delhi Prestige Auto,BMW 5 Series,Sedan,Hybrid,Individual,Individual,INR,INR,1,5339850.24,0.57,5339850.24,OK,58679.67,42492.94,16186.74,47,OK,Female,4.2,OK
BMW-3895,26-04-2034,CORRUPTED,2023,5,Q2,India,India,Mumbai BMW,BMW 5 Series,Sedan,Hybrid,Individual,Individual,INR,INR,1,5301150.18,0.02,5301150.18,OK,58254.4,41951.4,16302.99,53,OK,Male,4.2,OK
BMW-5447,05-04-2034,CORRUPTED,2024,11,Q4,India,India,Mumbai BMW,BMW 5 Series,Sedan,Hybrid,individual,Individual,INR,INR,1,4992478.93,7.48,4992478.93,OK,54862.41,42695.89,12166.52,57,OK,Prefer not to say,4.2,OK
BMW-2345,03-04-2034,CORRUPTED,2021,8,Q3,India,India,Bangalore Motors,BMW X3,SUV,Diesel,Individual,Individual,INR,INR,1,4989357.78,1.01,4989357.78,OK,54828.11,39878.58,14949.53,42,OK,Male,4.2,OK
BMW-1309,20-01-2034,CORRUPTED,2020,5,Q2,China,China,Shanghai BMW,BMW iX,Electric,Electric,Corporate Fleet,Corporate Fleet,CNY,CNY,6,654970.43,5.67,3929822.6,OK,497445.9,379670.83,117775.07,39,OK,Male,4.2,OK
BMW-4830,29-12-2033,CORRUPTED,2024,4,Q2,India,India,Delhi Prestige Auto,BMW 2 Series,Coupe,Diesel,Individual,Individual,INR,INR,1,3667319.7,0.72,3667319.7,OK,40300.22,29225.88,11074.34,64,OK,Male,4.2,OK
BMW-1968,17-11-2033,CORRUPTED,2021,2,Q1,South Africa,South Africa,Cape Town BMW,BMW 5 Series,Sedan,Hybrid,Lease,Lease,ZAR,ZAR,3,1115638.05,0.15,3346914.16,OK,167345.71,120673.83,46671.87,40,OK,Male,4.2,OK
BMW-3959,10-11-2033,CORRUPTED,2023,6,Q2,China,China,Shenzhen Auto,BMW iX,Electric,Electric,Corporate Fleet,Corporate Fleet,CNY,CNY,5,658217.19,4.83,3291085.96,OK,416593.16,315182.74,101410.42,32,OK,Female,4.2,OK
BMW-1721,07-11-2033,CORRUPTED,2020,11,Q4,China,China,Beijing Luxury Motors,BMW X3,SUV,Hybrid,corporate fleet,Corporate Fleet,CNY,CNY,7,466522.16,0.6,3265655.14,OK,413374.07,299440.47,113933.6,49,OK,Male,4.2,OK
BMW-3155,03-11-2033,CORRUPTED,2022,7,Q3,South Africa,South Africa,Johannesburg Motors,BMW M3,M Sport,Hybrid,Corporate Fleet,Corporate Fleet,ZAR,ZAR,2,1597432.07,6.38,3194864.14,OK,159743.21,122847.34,36895.87,38,OK,Female,4.2,OK
BMW-5088,02-11-2033,CORRUPTED,2024,7,Q3,China,China,Guangzhou BMW,BMW X3,SUV,Petrol,Corporate Fleet,Corporate Fleet,CNY,CNY,8,399100.89,2.14,3192807.11,OK,404152.8,297346.26,106806.54,39,OK,Prefer not to say,4.2,OK
BMW-3568,23-10-2033,CORRUPTED,2023,1,Q1,China,China,Shenzhen Auto,BMW X3,SUV,Hybrid,Lease,Lease,CNY,CNY,7,438543.12,3.72,3069801.82,OK,388582.51,290585.7,97996.81,53,OK,Prefer not to say,4.2,OK
BMW-2148,07-10-2033,CORRUPTED,2021,5,Q2,UAE,UAE,Abu Dhabi Motors,BMW M5,M Sport,Diesel,Corporate Fleet,Corporate Fleet,AED,AED,6,481124.22,0.5,2886745.31,OK,721686.33,522206.03,199480.3,42,OK,Prefer not to say,4.2,OK
BMW-1804,27-09-2033,CORRUPTED,2020,12,Q4,China,China,Shanghai BMW,BMW X3,SUV,Petrol,Lease,Lease,CNY,CNY,7,402840.58,2.3,2819884.03,OK,356947.34,263051.47,93895.88,-5,BAD AGE,Prefer not to say,4.2,OK
BMW-4146,15-09-2033,CORRUPTED,2023,8,Q3,China,China,Guangzhou BMW,BMW 5 Series,Sedan,Diesel,corporate fleet,Corporate Fleet,CNY,CNY,6,447321.1,4.98,2683926.57,OK,339737.54,257433.13,82304.41,32,OK,Male,4.2,OK
BMW-4389,12-09-2033,CORRUPTED,2023,11,Q4,China,China,Guangzhou BMW,BMW X5,SUV,Diesel,lease,Lease,CNY,CNY,5,530697,3.95,2653485.01,OK,335884.18,251783.02,84101.16,70,OK,Prefer not to say,4.2,OK
BMW-4901,14-08-2033,CORRUPTED,2024,5,Q2,China,China,Beijing Luxury Motors,BMW 2 Series,Coupe,Petrol,Lease,Lease,CNY,CNY,8,307503.63,5.86,2460029.02,OK,311396.08,238150.67,73245.41,39,OK,Prefer not to say,4.2,OK
BMW-4582,18-07-2033,CORRUPTED,2024,1,Q1,China,China,Guangzhou BMW,BMW 5 Series,Sedan,Diesel,Corporate Fleet,Corporate Fleet,CNY,CNY,5,453137.54,4.9,2265687.68,OK,286795.91,217139.04,69656.87,33,OK,Male,4.2,OK
BMW-3523,08-07-2033,CORRUPTED,2022,12,Q4,South Africa,South Africa,Johannesburg Motors,BMW M5,M Sport,Diesel,Individual,Individual,ZAR,ZAR,1,2223976.07,5.93,2223976.07,OK,111198.8,85112.73,26086.08,39,OK,Prefer not to say,4.2,OK
BMW-4491,12-06-2033,CORRUPTED,2023,12,Q4,China,China,Beijing Luxury Motors,BMW 3 Series,Sedan,Petrol,Government,Government,CNY,CNY,6,348656.93,1.49,2091941.56,OK,264802.73,193546.58,71256.15,64,OK,Prefer not to say,4.2,OK
BMW-3497,30-05-2033,CORRUPTED,2022,12,Q4,China,China,Shenzhen Auto,BMW X3,SUV,Petrol,government,Government,CNY,CNY,5,405685.64,3.71,2028428.18,OK,256763.06,191991.14,64771.93,37,OK,Female,4.2,OK
BMW-3893,26-05-2033,CORRUPTED,2023,5,Q2,China,China,Beijing Luxury Motors,BMW X5,SUV,Diesel,corporate fleet,Corporate Fleet,CNY,CNY,4,505588.87,7.25,2022355.47,OK,255994.36,198734.06,57260.3,68,OK,Male,4.2,OK
BMW-3674,02-04-2033,CORRUPTED,2023,2,Q1,South Africa,South Africa,Cape Town BMW,BMW M3,M Sport,Hybrid,Individual,Individual,ZAR,ZAR,1,1779008.53,1.61,1779008.53,OK,88950.43,65093.41,23857.01,39,OK,Prefer not to say,4.2,OK
BMW-5024,28-02-2033,CORRUPTED,2024,6,Q2,South Africa,South Africa,Cape Town BMW,BMW iX,Electric,Electric,Individual,Individual,ZAR,ZAR,1,1680780.32,3.76,1680780.32,OK,84039.02,62870.24,21168.77,25,OK,Prefer not to say,4.2,OK
BMW-3571,14-01-2033,CORRUPTED,2023,1,Q1,China,China,Shenzhen Auto,BMW 2 Series,Coupe,Hybrid,Corporate Fleet,Corporate Fleet,CNY,CNY,5,298220.31,6.15,1491101.53,OK,188747.03,144798.94,43948.09,57,OK,Male,4.2,OK
BMW-4420,23-12-2032,CORRUPTED,2023,11,Q4,South Africa,South Africa,Cape Town BMW,BMW X5,SUV,Petrol,Individual,Individual,ZAR,ZAR,1,1413802.49,5.16,1413802.49,OK,70690.12,53664.78,17025.35,51,OK,Female,4.2,OK
BMW-2132,13-12-2032,CORRUPTED,2021,5,Q2,China,China,Shanghai BMW,BMW 5 Series,Sedan,Petrol,Corporate Fleet,Corporate Fleet,CNY,CNY,3,460184.55,4.65,1380553.65,OK,174753.63,131951.99,42801.63,35,OK,Prefer not to say,4.2,OK
BMW-4595,29-11-2032,CORRUPTED,2024,1,Q1,UAE,UAE,Dubai BMW,BMW 3 Series,Sedan,Petrol,Corporate Fleet,Corporate Fleet,AED,AED,7,191398.66,2.33,1339790.59,OK,334947.65,246925.02,88022.63,49,OK,Female,4.2,OK
BMW-2156,28-11-2032,CORRUPTED,2021,5,Q2,South Africa,South Africa,Cape Town BMW,BMW X5,SUV,Petrol,individual,Individual,ZAR,ZAR,1,1338024.9,2.68,1338024.9,OK,66901.24,49496.88,17404.36,150,BAD AGE,Prefer not to say,4.2,OK
BMW-1645,12-10-2032,CORRUPTED,2020,10,Q4,China,China,Shenzhen Auto,BMW X3,SUV,Diesel,Lease,Lease,CNY,CNY,3,405363.36,5.01,1216090.09,OK,153935.45,116679,37256.46,66,OK,Female,4.2,OK
BMW-4384,09-10-2032,CORRUPTED,2023,11,Q4,China,China,Shanghai BMW,BMW M3,M Sport,Hybrid,Corporate Fleet,Corporate Fleet,CNY,CNY,2,603218.83,6.04,1206437.65,OK,152713.63,117023.36,35690.27,30,OK,Prefer not to say,4.2,OK
BMW-3750,29-09-2032,CORRUPTED,2023,3,Q1,UAE,UAE,Dubai BMW,BMW X5,SUV,Hybrid,Corporate Fleet,Corporate Fleet,AED,AED,4,286561.79,0.4,1146247.18,OK,286561.79,207143.91,79417.88,34,OK,Male,4.2,OK
BMW-4422,28-09-2032,CORRUPTED,2023,11,Q4,South Africa,South Africa,Cape Town BMW,BMW X3,SUV,Diesel,Individual,Individual,ZAR,ZAR,1,1142465.43,3.26,1142465.43,OK,57123.27,42514.16,14609.12,63,OK,Male,4.2,OK
BMW-3913,24-09-2032,CORRUPTED,2023,5,Q2,South Africa,South Africa,Cape Town BMW,BMW X3,SUV,Petrol,Individual,Individual,ZAR,ZAR,1,1131104.65,4.23,1131104.65,OK,56555.23,42518.49,14036.75,60,OK,Female,4.2,OK
BMW-4337,16-09-2032,CORRUPTED,2023,10,Q4,South Africa,South Africa,Cape Town BMW,BMW X3,SUV,Hybrid,Individual,Individual,ZAR,ZAR,1,1097053.95,0.68,1097053.95,OK,54852.7,39763.3,15089.39,52,OK,Male,4.2,OK
BMW-2365,09-09-2032,CORRUPTED,2021,8,Q3,South Africa,South Africa,Cape Town BMW,BMW 5 Series,Sedan,Hybrid,Individual,Individual,ZAR,ZAR,1,1082817.97,4.78,1082817.97,OK,54140.9,40939.36,13201.54,46,OK,Prefer not to say,4.2,OK
BMW-1248,30-06-2032,CORRUPTED,2020,4,Q2,China,China,Shenzhen Auto,BMW M5,M Sport,Petrol,individual,Individual,CNY,CNY,1,957997.19,2.06,957997.19,OK,121265.47,89150.4,32115.07,33,OK,Prefer not to say,4.2,OK
BMW-3420,10-06-2032,CORRUPTED,2022,11,Q4,China,China,Beijing Luxury Motors,BMW i7,Electric,Electric,Individual,Individual,CNY,CNY,1,929352.46,7.29,929352.46,OK,117639.55,91357.08,26282.47,58,OK,Prefer not to say,4.2,OK
BMW-2342,05-06-2032,CORRUPTED,2021,8,Q3,China,China,Shanghai BMW,BMW i7,Electric,Electric,Individual,Individual,CNY,CNY,1,921918.82,2.75,921918.82,OK,116698.58,86395.58,30303,68,OK,Prefer not to say,4.2,OK
BMW-4990,04-06-2032,CORRUPTED,2024,6,Q2,China,China,Shenzhen Auto,BMW i7,Electric,Electric,individual,Individual,CNY,CNY,1,919012.19,3.03,919012.19,OK,116330.66,86374.93,29955.73,48,OK,Female,4.2,OK
BMW-3292,28-05-2032,CORRUPTED,2022,9,Q3,Australia,Australia,Sydney BMW,BMW M3,M Sport,Petrol,Government,Government,AUD,AUD,7,130438.07,3.63,913066.47,OK,553373.62,413451.09,139922.53,67,OK,Prefer not to say,4.2,OK
BMW-1960,18-05-2032,CORRUPTED,2021,2,Q1,UAE,UAE,Abu Dhabi Motors,BMW i7,Electric,Electric,Government,Government,AED,AED,2,451418.4,1.64,902836.81,OK,225709.2,165212.82,60496.38,42,OK,Male,4.2,OK
BMW-4823,03-05-2032,CORRUPTED,2024,4,Q2,China,China,Shanghai BMW,BMW 2 Series,Coupe,Hybrid,lease,Lease,CNY,CNY,3,292560.9,6.62,877682.69,OK,111099.07,85663.43,25435.65,27,OK,Female,4.2,OK
BMW-2608,01-05-2032,CORRUPTED,2021,12,Q4,USA,USA,Miami Auto Group,BMW i7,Electric,Electric,Lease,Lease,USD,USD,7,124269.33,7.89,869885.3,OK,798059.91,623840.06,174219.85,44,OK,Male,4.2,OK
BMW-5061,12-04-2032,CORRUPTED,2024,7,Q3,USA,USA,Dallas BMW,BMW i7,Electric,Electric,Corporate Fleet,Corporate Fleet,USD,USD,6,141347.08,2.95,848082.49,OK,778057.33,577235.96,200821.38,33,OK,Male,4.2,OK
BMW-5042,16-03-2032,CORRUPTED,2024,7,Q3,Germany,Germany,BMW Munich HQ,BMW M5,M Sport,Hybrid,Corporate Fleet,Corporate Fleet,EUR,EUR,7,115604.67,2.92,809232.7,OK,809232.7,600175.09,209057.61,34,OK,Female,4.2,OK
BMW-3806,28-01-2032,CORRUPTED,2023,4,Q2,China,China,Shenzhen Auto,BMW 3 Series,Sedan,Hybrid,Corporate Fleet,Corporate Fleet,CNY,CNY,2,381619.32,1.54,763238.64,OK,96612.49,70651.94,25960.55,31,OK,Male,4.2,OK
BMW-2997,10-01-2032,CORRUPTED,2022,5,Q2,China,China,Shenzhen Auto,BMW iX,Electric,Electric,individual,Individual,CNY,CNY,1,747916.33,3.52,747916.33,OK,94672.95,70654,24018.95,40,OK,Female,4.2,OK
BMW-4636,07-01-2032,CORRUPTED,2024,2,Q1,USA,USA,Dallas BMW,BMW X7,SUV,Diesel,Corporate Fleet,Corporate Fleet,USD,USD,7,106499.94,4.25,745499.58,OK,683944.57,514293.22,169651.35,50,OK,Prefer not to say,4.2,OK
BMW-4668,20-12-2031,CORRUPTED,2024,2,Q1,China,China,Shenzhen Auto,BMW iX,Electric,Electric,Individual,Individual,CNY,CNY,1,726165.91,4.16,726165.91,OK,91919.74,69057.25,22862.49,56,OK,Female,4.2,OK
BMW-4453,09-12-2031,CORRUPTED,2023,12,Q4,USA,USA,New York BMW,BMW M3,M Sport,Diesel,Corporate Fleet,Corporate Fleet,USD,USD,8,90238.19,0.41,721905.53,OK,662298.66,478818.97,183479.69,30,OK,Male,4.2,OK
BMW-2265,01-11-2031,CORRUPTED,2021,7,Q3,China,China,Shanghai BMW,BMW M3,M Sport,Diesel,Individual,Individual,CNY,CNY,1,695517.6,1.34,695517.6,OK,88040.2,64250.24,23789.96,25,OK,Male,4.2,OK
BMW-1380,18-10-2031,CORRUPTED,2020,6,Q2,China,China,Shanghai BMW,BMW M3,M Sport,Petrol,Individual,Individual,CNY,CNY,1,687662.44,0.24,687662.44,OK,87045.88,62825.76,24220.12,150,BAD AGE,Female,4.2,OK
BMW-5222,23-09-2031,CORRUPTED,2024,9,Q3,Germany,Germany,AutohaUSA Berlin,BMW M5,M Sport,Petrol,Corporate Fleet,Corporate Fleet,EUR,EUR,6,110898.43,2.12,665390.6,OK,665390.6,489454.02,175936.58,67,OK,Prefer not to say,4.2,OK
BMW-3807,13-09-2031,CORRUPTED,2023,4,Q2,China,China,Guangzhou BMW,BMW 2 Series,Coupe,Diesel,Corporate Fleet,Corporate Fleet,CNY,CNY,2,330175.51,3.82,660351.02,OK,83588.74,62576.26,21012.48,68,OK,Male,4.2,OK
BMW-3845,29-08-2031,CORRUPTED,2023,5,Q2,Germany,Germany,BMW Munich HQ,BMW X5,SUV,Diesel,Corporate Fleet,Corporate Fleet,EUR,EUR,8,81553.32,0.43,652426.55,OK,652426.55,471771.14,180655.41,55,OK,Male,4.2,OK
BMW-4187,01-07-2031,CORRUPTED,2023,9,Q3,Germany,Germany,Hamburg Drive,BMW X5,SUV,Hybrid,Corporate Fleet,Corporate Fleet,EUR,EUR,8,76791.11,4.81,614328.91,OK,614328.91,464671.91,149657,66,OK,Female,4.2,OK
BMW-4805,30-06-2031,CORRUPTED,2024,4,Q2,China,China,Beijing Luxury Motors,BMW X5,SUV,Diesel,Individual,Individual,CNY,CNY,1,613823.74,5.04,613823.74,OK,77699.21,58915.65,18783.56,53,OK,Male,4.2,OK
BMW-2903,06-06-2031,CORRUPTED,2022,4,Q2,China,China,Shenzhen Auto,BMW M3,M Sport,Hybrid,Individual,Individual,CNY,CNY,1,602056.62,4.98,602056.62,OK,76209.7,57747.01,18462.69,66,OK,Female,4.2,OK
BMW-3777,04-06-2031,CORRUPTED,2023,4,Q2,USA,USA,Miami Auto Group,BMW i7,Electric,Electric,Corporate Fleet,Corporate Fleet,USD,USD,5,119961.5,6.21,599807.52,OK,550282.13,422455.11,127827.02,31,OK,Prefer not to say,4.2,OK
BMW-3902,22-04-2031,CORRUPTED,2023,5,Q2,UAE,UAE,Abu Dhabi Motors,BMW i4,Electric,Electric,Lease,Lease,AED,AED,2,288508.43,0.27,577016.87,OK,144254.22,104141.33,40112.89,48,OK,Female,4.2,OK
BMW-4484,13-04-2031,CORRUPTED,2023,12,Q4,China,China,Shanghai BMW,BMW X5,SUV,Hybrid,Individual,Individual,CNY,CNY,1,572702.81,2.33,572702.81,OK,72494.03,53442.03,19052,40,OK,Prefer not to say,4.2,OK
BMW-1585,05-04-2031,CORRUPTED,2020,9,Q3,China,China,Shanghai BMW,BMW X5,SUV,Petrol,Individual,Individual,CNY,CNY,1,567314.32,0.1,567314.32,OK,71811.94,51755.96,20055.98,33,OK,Prefer not to say,4.2,OK
BMW-2558,21-03-2031,CORRUPTED,2021,11,Q4,China,China,Guangzhou BMW,BMW i4,Electric,Electric,Individual,Individual,CNY,CNY,1,561829.63,2.31,561829.63,OK,71117.67,52417.24,18700.43,41,OK,Prefer not to say,4.2,OK
BMW-1028,18-02-2031,CORRUPTED,2020,1,Q1,UK,UK,Edinburgh Motors,BMW iX,Electric,Electric,corporate fleet,Corporate Fleet,GBP,GBP,8,67906.53,5.09,543252.23,OK,631688.64,479213.96,152474.68,51,OK,Male,4.2,OK
BMW-2078,04-02-2031,CORRUPTED,2021,4,Q2,UAE,UAE,Abu Dhabi Motors,BMW X5,SUV,Diesel,Lease,Lease,AED,AED,2,265737.36,5.72,531474.72,OK,132868.68,101467.08,31401.6,70,OK,Male,4.2,OK
BMW-3969,02-02-2031,CORRUPTED,2023,6,Q2,China,China,Shanghai BMW,BMW X5,SUV,Hybrid,Individual,Individual,CNY,CNY,1,530165.3,4.07,530165.3,OK,67109.53,50369.41,16740.13,47,OK,Male,4.2,OK
BMW-3365,27-01-2031,CORRUPTED,2022,10,Q4,Australia,Australia,Sydney BMW,BMW i4,Electric,Electric,Lease,Lease,AUD,AUD,5,105633.9,5.04,528169.48,OK,320102.71,242707.06,77395.65,50,OK,Male,4.2,OK
BMW-4298,13-01-2031,CORRUPTED,2023,10,Q4,USA,USA,Beverly Hills BMW,BMW 5 Series,Sedan,Hybrid,Corporate Fleet,Corporate Fleet,USD,USD,8,65191.59,5.1,521532.7,OK,478470.37,363008.95,115461.42,39,OK,Prefer not to say,4.2,OK
BMW-2394,12-01-2031,CORRUPTED,2021,9,Q3,USA,USA,New York BMW,BMW X5,SUV,Petrol,Corporate Fleet,Corporate Fleet,USD,USD,7,74447.21,7.99,521130.47,OK,478101.34,374127,103974.34,42,OK,Male,4.2,OK
BMW-4738,11-01-2031,CORRUPTED,2024,3,Q1,China,China,Guangzhou BMW,BMW X5,SUV,Hybrid,Individual,Individual,CNY,CNY,1,520789.73,5.64,520789.73,OK,65922.75,50300.94,15621.81,25,OK,Male,4.2,OK
BMW-2962,09-01-2031,CORRUPTED,2022,5,Q2,USA,USA,Miami Auto Group,BMW X5,SUV,Petrol,Corporate Fleet,Corporate Fleet,USD,USD,6,86752.18,1,520513.1,OK,477534.96,347300.64,130234.31,48,OK,Prefer not to say,4.2,OK
BMW-3881,23-12-2030,CORRUPTED,2023,5,Q2,China,China,Guangzhou BMW,BMW i4,Electric,Electric,Individual,Individual,CNY,CNY,1,511894.8,2.4,511894.8,OK,64796.81,47800.48,16996.33,42,OK,Female,4.2,OK
BMW-4237,20-12-2030,CORRUPTED,2023,9,Q3,China,China,Beijing Luxury Motors,BMW 5 Series,Sedan,Diesel,Individual,Individual,CNY,CNY,1,510792.56,1.56,510792.56,OK,64657.29,47289.56,17367.72,26,OK,Male,4.2,OK
BMW-4965,13-12-2030,CORRUPTED,2024,6,Q2,USA,USA,Miami Auto Group,BMW X3,SUV,Hybrid,Corporate Fleet,Corporate Fleet,USD,USD,8,63496.19,0.56,507969.53,OK,466027.09,337427.59,128599.5,40,OK,Female,4.2,OK
BMW-3487,12-12-2030,CORRUPTED,2022,12,Q4,China,China,Beijing Luxury Motors,BMW 5 Series,Sedan,Petrol,Individual,Individual,CNY,CNY,1,507750.2,1.66,507750.2,OK,64272.18,47055.15,17217.03,52,OK,Female,4.2,OK
BMW-1547,31-10-2030,CORRUPTED,2020,9,Q3,Germany,Germany,AutohaUSA Berlin,BMW 5 Series,Sedan,Petrol,Corporate Fleet,Corporate Fleet,EUR,EUR,8,61326.1,4.62,490608.84,OK,490608.84,370351.36,120257.47,30,OK,Male,4.2,OK
BMW-4386,17-10-2030,CORRUPTED,2023,11,Q4,China,China,Shanghai BMW,BMW i4,Electric,Electric,Individual,Individual,CNY,CNY,1,482960.76,2.72,482960.76,OK,61134.27,45245.79,15888.49,25,OK,Prefer not to say,4.2,OK
BMW-2629,12-09-2030,CORRUPTED,2021,12,Q4,China,China,Beijing Luxury Motors,BMW 5 Series,Sedan,Diesel,Individual,Individual,CNY,CNY,1,471143.51,1.39,471143.51,OK,59638.42,43545.74,16092.68,25,OK,Female,4.2,OK
BMW-2258,09-08-2030,CORRUPTED,2021,7,Q3,China,China,Beijing Luxury Motors,BMW X3,SUV,Hybrid,Individual,Individual,CNY,CNY,1,457906.26,1.52,457906.26,OK,57962.82,42377.81,15585.01,56,OK,Prefer not to say,4.2,OK
BMW-4537,02-06-2030,CORRUPTED,2024,1,Q1,USA,USA,Miami Auto Group,BMW X7,SUV,Hybrid,Corporate Fleet,Corporate Fleet,USD,USD,4,108790.11,7.93,435160.42,OK,399229.75,312210.12,87019.63,43,OK,Female,4.2,OK
BMW-3357,18-05-2030,CORRUPTED,2022,10,Q4,UAE,UAE,Dubai BMW,BMW 5 Series,Sedan,Hybrid,Corporate Fleet,Corporate Fleet,AED,AED,2,215028.21,4.77,430056.42,OK,107514.1,81289.11,26225,33,OK,Female,4.2,OK
BMW-2706,12-05-2030,CORRUPTED,2022,1,Q1,China,China,Beijing Luxury Motors,BMW X3,SUV,Diesel,Individual,Individual,CNY,CNY,1,427946.2,0.69,427946.2,OK,54170.41,39273.26,14897.15,54,OK,Female,4.2,OK
BMW-3588,27-04-2030,CORRUPTED,2023,1,Q1,UAE,UAE,Abu Dhabi Motors,BMW X7,SUV,Hybrid,Individual,Individual,AED,AED,1,423114.42,3.85,423114.42,OK,105778.6,79211.06,26567.54,40,OK,Prefer not to say,4.2,OK
BMW-2825,24-04-2030,CORRUPTED,2022,3,Q1,China,China,Shanghai BMW,BMW 5 Series,Sedan,Diesel,Individual,Individual,CNY,CNY,1,422321,6.65,422321,OK,53458.35,41231.92,12226.43,33,OK,Female,4.2,OK
BMW-2677,19-04-2030,CORRUPTED,2022,1,Q1,USA,USA,New York BMW,BMW 7 Series,Sedan,Hybrid,Lease,Lease,USD,USD,4,105150.08,4.42,420600.33,OK,385871.86,290680.56,95191.3,60,OK,Male,4.2,OK
BMW-4782,03-04-2030,CORRUPTED,2024,4,Q2,USA,USA,Beverly Hills BMW,BMW X3,SUV,Petrol,Lease,Lease,USD,USD,7,59710.09,0.23,417970.64,OK,383459.3,276733.58,106725.72,59,OK,Prefer not to say,4.2,OK
BMW-5095,14-02-2030,CORRUPTED,2024,7,Q3,China,China,Shanghai BMW,BMW X3,SUV,Hybrid,Individual,Individual,CNY,CNY,1,407106.89,1.66,407106.89,OK,51532.52,37730.92,13801.6,52,OK,Prefer not to say,4.2,OK
BMW-5091,16-01-2030,CORRUPTED,2024,7,Q3,China,China,Beijing Luxury Motors,BMW X3,SUV,Petrol,Individual,Individual,CNY,CNY,1,400924.83,1.34,400924.83,OK,50749.98,37034.69,13715.29,45,OK,Female,4.2,OK
BMW-5219,10-01-2030,CORRUPTED,2024,9,Q3,Germany,Germany,Stuttgart Motors,BMW 5 Series,Sedan,Hybrid,Lease,Lease,EUR,EUR,7,57031.13,0.74,399217.92,OK,399217.92,289589.12,109628.8,38,OK,Prefer not to say,4.2,OK
BMW-5502,24-12-2029,CORRUPTED,2024,12,Q4,USA,USA,Chicago Motors,BMW iX,Electric,Electric,Corporate Fleet,Corporate Fleet,USD,USD,4,98304.73,5.81,393218.92,OK,360751.3,275769.22,84982.08,53,OK,Female,4.2,OK
BMW-4130,20-12-2029,CORRUPTED,2023,8,Q3,USA,USA,New York BMW,BMW 5 Series,Sedan,Petrol,Corporate Fleet,Corporate Fleet,USD,USD,6,65436.66,0.09,392619.93,OK,360201.77,259574.28,100627.49,52,OK,Prefer not to say,4.2,OK
BMW-2926,16-12-2029,CORRUPTED,2022,4,Q2,UAE,UAE,Dubai BMW,BMW 7 Series,Sedan,Hybrid,individual,Individual,AED,AED,1,391353.6,5.07,391353.6,OK,97838.4,74202.88,23635.52,52,OK,Female,4.2,OK
BMW-4323,22-10-2029,CORRUPTED,2023,10,Q4,UAE,UAE,Abu Dhabi Motors,BMW X7,SUV,Petrol,Individual,Individual,AED,AED,1,374291.67,4.83,374291.67,OK,93572.92,70789.01,22783.9,43,OK,Male,4.2,OK
BMW-1306,15-10-2029,CORRUPTED,2020,5,Q2,China,China,Guangzhou BMW,BMW 3 Series,Sedan,Diesel,individual,Individual,CNY,CNY,1,372482.31,0.86,372482.31,OK,47149.66,34240.8,12908.86,44,OK,Prefer not to say,4.2,OK
BMW-2977,10-10-2029,CORRUPTED,2022,5,Q2,UK,UK,Edinburgh Motors,BMW X3,SUV,Diesel,Government,Government,GBP,GBP,8,46457.12,5.31,371656.92,OK,432159.21,328604.63,103554.58,33,OK,Prefer not to say,4.2,OK
BMW-4743,06-10-2029,CORRUPTED,2024,3,Q1,China,China,Guangzhou BMW,BMW X3,SUV,Petrol,Individual,Individual,CNY,CNY,1,369850.62,6.03,369850.62,OK,46816.53,35869.35,10947.18,31,OK,Female,4.2,OK
BMW-1144,17-09-2029,CORRUPTED,2020,3,Q1,Germany,Germany,BMW Munich HQ,BMW X5,SUV,Diesel,lease,Lease,EUR,EUR,5,72889.3,0.91,364446.51,OK,364446.51,264807.16,99639.35,59,OK,Male,4.2,OK
BMW-2136,08-08-2029,CORRUPTED,2021,5,Q2,China,China,Beijing Luxury Motors,BMW 3 Series,Sedan,Diesel,individual,Individual,CNY,CNY,1,355296.96,3.05,355296.96,OK,44974.3,33399.38,11574.92,47,OK,Male,4.2,OK
BMW-3690,24-07-2029,CORRUPTED,2023,3,Q1,Germany,Germany,Stuttgart Motors,BMW i7,Electric,Electric,Corporate Fleet,Corporate Fleet,EUR,EUR,3,117227.46,6.99,351682.38,OK,351682.38,272232.39,79449.99,32,OK,Prefer not to say,4.2,OK
BMW-2929,23-07-2029,CORRUPTED,2022,4,Q2,UAE,UAE,Dubai BMW,BMW 3 Series,Sedan,Hybrid,Corporate Fleet,Corporate Fleet,AED,AED,2,175733.7,1.4,351467.39,OK,87866.85,64161.29,23705.55,35,OK,Prefer not to say,4.2,OK
BMW-4361,06-07-2029,CORRUPTED,2023,11,Q4,USA,USA,Dallas BMW,BMW X7,SUV,Diesel,Lease,Lease,USD,USD,3,115862.26,0.42,347586.79,OK,318886.97,230573.01,88313.96,28,OK,Male,4.2,OK
BMW-3435,26-06-2029,CORRUPTED,2022,11,Q4,Australia,Australia,Sydney BMW,BMW 5 Series,Sedan,Hybrid,corporate fleet,Corporate Fleet,AUD,AUD,4,86332.1,6.77,345328.4,OK,209289.94,161632.13,47657.81,48,OK,Prefer not to say,4.2,OK
BMW-4551,23-06-2029,CORRUPTED,2024,1,Q1,USA,USA,Miami Auto Group,BMW 5 Series,Sedan,Diesel,Corporate Fleet,Corporate Fleet,USD,USD,5,68975.62,2.26,344878.09,OK,316401.92,233068.19,83333.73,67,OK,Prefer not to say,4.2,OK
BMW-2982,03-06-2029,CORRUPTED,2022,5,Q2,China,China,Beijing Luxury Motors,BMW 3 Series,Sedan,Petrol,Individual,Individual,CNY,CNY,1,341475.71,5.72,341475.71,OK,43224.77,33008.29,10216.48,42,OK,Female,4.2,OK
BMW-1516,31-03-2029,CORRUPTED,2020,8,Q3,China,China,Shenzhen Auto,BMW 3 Series,Sedan,Hybrid,Individual,Individual,CNY,CNY,1,325533.21,2.9,325533.21,OK,41206.74,30554.28,10652.46,68,OK,Prefer not to say,4.2,OK
BMW-2230,22-03-2029,CORRUPTED,2021,7,Q3,Germany,Germany,BMW Munich HQ,BMW X5,SUV,Hybrid,Corporate Fleet,Corporate Fleet,EUR,EUR,4,80900.6,2,323602.4,OK,323602.4,237748.17,85854.22,64,OK,Male,4.2,OK
BMW-4344,11-02-2029,CORRUPTED,2023,11,Q4,Germany,Germany,BMW Munich HQ,BMW 7 Series,Sedan,Petrol,Corporate Fleet,Corporate Fleet,EUR,EUR,3,105117.07,1.99,315351.21,OK,315351.21,231658.92,83692.29,37,OK,Male,4.2,OK
BMW-1372,18-01-2029,CORRUPTED,2020,6,Q2,China,China,Guangzhou BMW,BMW 3 Series,Sedan,Hybrid,individual,Individual,CNY,CNY,1,306525.91,7.89,306525.91,OK,38800.75,30330.54,8470.21,46,OK,Female,4.2,OK
BMW-4597,02-01-2029,CORRUPTED,2024,1,Q1,UAE,UAE,Abu Dhabi Motors,BMW X5,SUV,Hybrid,Individual,Individual,AED,AED,1,303681.95,4,303681.95,OK,75920.49,56937.54,18982.95,50,OK,Female,4.2,OK
BMW-4339,28-12-2028,CORRUPTED,2023,11,Q4,Germany,Germany,AutohaUSA Berlin,BMW X3,SUV,Diesel,Corporate Fleet,Corporate Fleet,EUR,EUR,6,50312.72,2.62,301876.35,OK,301876.35,223193.28,78683.07,62,OK,Female,4.2,OK
BMW-2810,23-12-2028,CORRUPTED,2022,3,Q1,USA,USA,Dallas BMW,BMW X3,SUV,Hybrid,Corporate Fleet,Corporate Fleet,USD,USD,5,60247.68,5.38,301238.39,OK,276365.49,210306.18,66059.32,57,OK,Male,4.2,OK
BMW-4479,12-12-2028,CORRUPTED,2023,12,Q4,UK,UK,Edinburgh Motors,BMW 5 Series,Sedan,Diesel,Corporate Fleet,Corporate Fleet,GBP,GBP,6,49947.63,1.38,299685.81,OK,348471.87,254409.62,94062.25,67,OK,Female,4.2,OK
BMW-3586,28-11-2028,CORRUPTED,2023,1,Q1,UAE,UAE,Abu Dhabi Motors,BMW X5,SUV,Diesel,individual,Individual,AED,AED,1,295248.34,4.03,295248.34,OK,73812.08,55376.48,18435.61,65,OK,Female,4.2,OK
BMW-1301,01-11-2028,CORRUPTED,2020,5,Q2,China,China,Shenzhen Auto,BMW 2 Series,Coupe,Hybrid,Individual,Individual,CNY,CNY,1,287150.46,5.95,287150.46,OK,36348.16,27825.77,8522.39,58,OK,Female,4.2,OK
BMW-4351,27-10-2028,CORRUPTED,2023,11,Q4,Germany,Germany,AutohaUSA Berlin,BMW 5 Series,Sedan,Diesel,lease,Lease,EUR,EUR,5,56886.27,2.87,284431.36,OK,284431.36,210848.93,73582.43,35,OK,Prefer not to say,4.2,OK
BMW-5274,15-10-2028,CORRUPTED,2024,9,Q3,China,China,Shanghai BMW,BMW 2 Series,Coupe,Diesel,Corporate Fleet,Corporate Fleet,CNY,CNY,1,277875.1,6.26,277875.1,OK,35174.06,27015.86,8158.21,58,OK,Female,4.2,OK
BMW-2219,28-09-2028,CORRUPTED,2021,6,Q2,UAE,UAE,Abu Dhabi Motors,BMW i4,Electric,Electric,Individual,Individual,AED,AED,1,272828.66,4.09,272828.66,OK,68207.16,51202.79,17004.37,63,OK,Prefer not to say,4.2,OK
BMW-1456,17-09-2028,CORRUPTED,2020,7,Q3,UAE,UAE,Abu Dhabi Motors,BMW X5,SUV,Hybrid,Individual,Individual,AED,AED,1,271013.78,6.08,271013.78,OK,67753.45,51941.74,15811.7,52,OK,Prefer not to say,4.2,OK
BMW-2081,19-08-2028,CORRUPTED,2021,4,Q2,UAE,UAE,Dubai BMW,BMW i4,Electric,Electric,Individual,Individual,AED,AED,1,262359.51,0.01,262359.51,OK,65589.88,47228.91,18360.96,64,OK,Female,4.2,OK
BMW-4035,23-07-2028,CORRUPTED,2023,7,Q3,USA,USA,Chicago Motors,BMW 3 Series,Sedan,Petrol,Corporate Fleet,Corporate Fleet,USD,USD,5,50742.7,3.31,253713.48,OK,232764.66,173332.27,59432.39,36,OK,Male,4.2,OK
BMW-1714,12-06-2028,CORRUPTED,2020,11,Q4,UK,UK,Edinburgh Motors,BMW 2 Series,Coupe,Hybrid,Lease,Lease,GBP,GBP,8,30310.03,2.4,242480.21,OK,281953.74,207995.26,73958.48,69,OK,Prefer not to say,4.2,OK
BMW-2234,25-05-2028,CORRUPTED,2021,7,Q3,Germany,Germany,Stuttgart Motors,BMW 5 Series,Sedan,Diesel,corporate fleet,Corporate Fleet,EUR,EUR,4,59172.74,2.05,236690.97,OK,236690.97,173989.82,62701.15,37,OK,Male,4.2,OK
BMW-2696,16-05-2028,CORRUPTED,2022,1,Q1,UK,UK,Edinburgh Motors,BMW X3,SUV,Petrol,Corporate Fleet,Corporate Fleet,GBP,GBP,5,46690.24,0.08,233451.21,OK,271454.9,195603.53,75851.37,26,OK,Prefer not to say,4.2,OK
BMW-1796,11-05-2028,CORRUPTED,2020,12,Q4,UK,UK,London BMW Centre,BMW 5 Series,Sedan,Hybrid,Corporate Fleet,Corporate Fleet,GBP,GBP,5,46516.12,2.99,232580.61,OK,270442.57,200723.02,69719.56,61,OK,Prefer not to say,4.2,OK
BMW-5161,18-04-2028,CORRUPTED,2024,8,Q3,UK,UK,Edinburgh Motors,BMW 2 Series,Coupe,Hybrid,Corporate Fleet,Corporate Fleet,GBP,GBP,7,32187.8,2.93,225314.6,OK,261993.72,194319.59,67674.13,56,OK,Prefer not to say,4.2,OK
BMW-4859,14-03-2028,CORRUPTED,2024,5,Q2,Germany,Germany,Hamburg Drive,BMW 3 Series,Sedan,Petrol,Corporate Fleet,Corporate Fleet,eur,EUR,5,43235.55,4.35,216177.75,OK,216177.75,162725.93,53451.82,0,BAD AGE,Male,4.2,OK
BMW-3323,23-02-2028,CORRUPTED,2022,10,Q4,USA,USA,Miami Auto Group,BMW 3 Series,Sedan,Hybrid,Corporate Fleet,Corporate Fleet,USD,USD,4,52943.39,0.39,211773.58,OK,194287.69,140439.44,53848.25,55,OK,Female,4.2,OK
BMW-2354,16-01-2028,CORRUPTED,2021,8,Q3,Australia,Australia,Sydney BMW,BMW M5,M Sport,Petrol,Corporate Fleet,Corporate Fleet,AUD,AUD,1,202790.51,6.01,202790.51,OK,122903.34,94150.13,28753.21,45,OK,Female,4.2,OK
BMW-2856,07-01-2028,CORRUPTED,2022,4,Q2,Germany,Germany,BMW Munich HQ,BMW 7 Series,Sedan,Hybrid,corporate fleet,Corporate Fleet,EUR,EUR,2,100585.74,6.43,201171.48,OK,201171.48,154805.17,46366.31,56,OK,Prefer not to say,4.2,OK
BMW-2321,21-12-2027,CORRUPTED,2021,8,Q3,UK,UK,Edinburgh Motors,BMW X3,SUV,Petrol,Government,Government,GBP,GBP,4,48947.05,1.49,195788.19,OK,227660.68,166388.58,61272.1,35,OK,Female,4.2,OK
BMW-4004,29-11-2027,CORRUPTED,2023,7,Q3,Germany,Germany,Hamburg Drive,BMW 3 Series,Sedan,Petrol,Government,Government,EUR,EUR,4,47407.36,1.9,189629.43,OK,189629.43,139179.82,50449.61,47,OK,Prefer not to say,4.2,OK
BMW-5297,26-11-2027,CORRUPTED,2024,9,Q3,UAE,UAE,Dubai BMW,BMW X3,SUV,Petrol,Individual,Individual,AED,AED,1,188785.54,6.04,188785.54,OK,47196.39,36167.35,11029.04,33,OK,Male,4.2,OK
BMW-1597,20-11-2027,CORRUPTED,2020,9,Q3,Australia,Australia,Melbourne Auto Group,BMW i7,Electric,Electric,lease,Lease,AUD,AUD,1,187023.67,2.04,187023.67,OK,113347.68,83305.71,30041.97,34,OK,Male,4.2,OK
BMW-1846,05-11-2027,CORRUPTED,2021,1,Q1,Germany,Germany,BMW Munich HQ,BMW 7 Series,Sedan,Hybrid,Government,Government,EUR,EUR,2,91260.59,1.32,182521.18,OK,182521.18,133176.2,49344.97,59,OK,Female,4.2,OK
BMW-2018,10-10-2027,CORRUPTED,2021,3,Q1,UAE,UAE,Dubai BMW,BMW 2 Series,Coupe,Petrol,Individual,Individual,AED,AED,1,170466.52,1.76,170466.52,OK,42616.63,31234.82,11381.81,37,OK,Prefer not to say,4.2,OK
BMW-3024,02-10-2027,CORRUPTED,2022,6,Q2,USA,USA,Dallas BMW,BMW 5 Series,Sedan,Petrol,Corporate Fleet,Corporate Fleet,USD,USD,3,56175.84,6.48,168527.52,OK,154612.4,119035.78,35576.62,0,BAD AGE,Female,4.2,OK
BMW-4545,24-09-2027,CORRUPTED,2024,1,Q1,USA,USA,Chicago Motors,BMW X3,SUV,Diesel,Corporate Fleet,Corporate Fleet,USD,USD,3,54885.2,4.74,164655.59,OK,151060.17,114176.75,36883.42,41,OK,Female,4.2,OK
BMW-3919,20-09-2027,CORRUPTED,2023,6,Q2,Germany,Germany,AutohaUSA Berlin,BMW 5 Series,Sedan,Petrol,Government,Government,EUR,EUR,3,54469.21,7.2,163407.64,OK,163407.64,126781.6,36626.03,70,OK,Prefer not to say,4.2,OK
BMW-5213,09-08-2027,CORRUPTED,2024,9,Q3,Germany,Germany,AutohaUSA Berlin,BMW M3,M Sport,Petrol,Lease,Lease,eur,EUR,2,76741.91,4.54,153483.82,OK,153483.82,115758.7,37725.11,37,OK,Prefer not to say,4.2,OK
BMW-2428,05-08-2027,CORRUPTED,2021,9,Q3,Australia,Australia,Sydney BMW,BMW iX,Electric,Electric,individual,Individual,AUD,AUD,1,152196.25,2.5,152196.25,OK,92240.15,68117.67,24122.48,31,OK,Female,4.2,OK
BMW-1259,02-08-2027,CORRUPTED,2020,4,Q2,Australia,Australia,Sydney BMW,BMW iX,Electric,Electric,Individual,Individual,AUD,AUD,1,151044.38,3.96,151044.38,OK,91542.05,68630.75,22911.3,32,OK,Prefer not to say,4.2,OK
BMW-3033,24-07-2027,CORRUPTED,2022,6,Q2,USA,USA,New York BMW,BMW 3 Series,Sedan,Hybrid,Corporate Fleet,Corporate Fleet,USD,USD,3,49927.85,0.7,149783.55,OK,137416.11,99638.8,37777.3,70,OK,Male,4.2,OK
BMW-3406,13-06-2027,CORRUPTED,2022,11,Q4,UK,UK,Manchester Prestige,BMW X3,SUV,Diesel,Lease,Lease,GBP,GBP,3,46827.3,3.21,140481.89,OK,163351.04,121518.78,41832.25,31,OK,Prefer not to say,4.2,OK
BMW-2878,01-06-2027,CORRUPTED,2022,4,Q2,USA,USA,Miami Auto Group,BMW 5 Series,Sedan,Hybrid,Corporate Fleet,Corporate Fleet,USD,USD,2,68536.46,1.82,137072.93,OK,125754.98,92226.54,33528.44,35,OK,Female,4.2,OK
BMW-2875,28-05-2027,CORRUPTED,2022,4,Q2,USA,USA,Beverly Hills BMW,BMW i4,Electric,Electric,Corporate Fleet,Corporate Fleet,USD,USD,2,68178.22,7.93,136356.44,OK,125097.65,97831.78,27265.87,63,OK,Prefer not to say,4.2,OK
BMW-3547,27-05-2027,CORRUPTED,2023,1,Q1,USA,USA,Dallas BMW,BMW M5,M Sport,Hybrid,Individual,Individual,USD,USD,1,136270.54,1.72,136270.54,OK,125018.85,91588.93,33429.91,35,OK,Female,4.2,OK
BMW-3434,09-05-2027,CORRUPTED,2022,11,Q4,Australia,Australia,Melbourne Auto Group,BMW iX,Electric,Electric,Individual,Individual,AUD,AUD,1,134026.68,3.34,134026.68,OK,81228.29,60507.6,20720.7,61,OK,Male,4.2,OK
BMW-4441,28-04-2027,CORRUPTED,2023,12,Q4,USA,USA,Dallas BMW,BMW i4,Electric,Electric,Lease,Lease,USD,USD,2,65235.7,4.41,130471.4,OK,119698.53,90163.32,29535.22,25,OK,Male,4.2,OK
BMW-4897,21-04-2027,CORRUPTED,2024,5,Q2,UK,UK,London BMW Centre,BMW X3,SUV,Diesel,Lease,Lease,GBP,GBP,3,42977.69,6.68,128933.08,OK,149922.18,115676.13,34246.06,49,OK,Female,4.2,OK
BMW-5406,20-04-2027,CORRUPTED,2024,11,Q4,USA,USA,Chicago Motors,BMW i7,Electric,Electric,Individual,Individual,USD,USD,1,128678.28,6.74,128678.28,OK,118053.46,91141.21,26912.26,48,OK,Female,4.2,OK
BMW-2668,02-04-2027,CORRUPTED,2022,1,Q1,Germany,Germany,AutohaUSA Berlin,BMW M5,M Sport,Petrol,Individual,Individual,EUR,EUR,1,126273.64,2.63,126273.64,OK,126273.64,93375.2,32898.43,48,OK,Female,4.2,OK
BMW-1712,22-03-2027,CORRUPTED,2020,11,Q4,UK,UK,London BMW Centre,BMW X3,SUV,Diesel,Corporate Fleet,Corporate Fleet,GBP,GBP,3,41640.43,2.35,124921.29,OK,145257.32,107098.3,38159.02,58,OK,Male,4.2,OK
BMW-1015,17-02-2027,CORRUPTED,2020,1,Q1,USA,USA,New York BMW,BMW 5 Series,Sedan,Diesel,Corporate Fleet,Corporate Fleet,USD,USD,2,60218.71,1.57,120437.43,OK,110493.05,80822.18,29670.87,49,OK,Prefer not to say,4.2,OK
BMW-4327,18-11-2026,CORRUPTED,2023,10,Q4,Australia,Australia,Sydney BMW,BMW i4,Electric,Electric,individual,Individual,AUD,AUD,1,108554.24,1.68,108554.24,OK,65790.45,48180.17,17610.28,68,OK,Female,4.2,OK
BMW-4615,11-11-2026,CORRUPTED,2024,2,Q1,Germany,Germany,Stuttgart Motors,BMW X7,SUV,Petrol,Individual,Individual,EUR,EUR,1,107862.02,3.24,107862.02,OK,107862.02,80264.57,27597.45,39,OK,Male,4.2,OK
BMW-4621,07-11-2026,CORRUPTED,2024,2,Q1,Germany,Germany,Hamburg Drive,BMW X3,SUV,Diesel,Corporate Fleet,Corporate Fleet,EUR,EUR,2,53670.98,7.16,107341.97,OK,107341.97,83244.29,24097.67,51,OK,Male,4.2,OK
BMW-5017,29-10-2026,CORRUPTED,2024,6,Q2,Australia,Australia,Sydney BMW,BMW 5 Series,Sedan,Petrol,Individual,Individual,AUD,AUD,1,106610.62,0.54,106610.62,OK,64612.5,46774.23,17838.27,45,OK,Female,4.2,OK
BMW-2591,21-09-2026,CORRUPTED,2021,12,Q4,Germany,Germany,Hamburg Drive,BMW 7 Series,Sedan,Petrol,Individual,Individual,EUR,EUR,1,103094.2,4.36,103094.2,OK,103094.2,77610.55,25483.64,28,OK,Prefer not to say,4.2,OK
BMW-4089,19-08-2026,CORRUPTED,2023,7,Q3,Australia,Australia,Sydney BMW,BMW i4,Electric,Electric,individual,Individual,AUD,AUD,1,99569.5,4.52,99569.5,OK,60345.15,45506.45,14838.7,36,OK,Male,4.2,OK
BMW-4798,27-07-2026,CORRUPTED,2024,4,Q2,UK,UK,London BMW Centre,BMW M5,M Sport,Hybrid,Individual,Individual,GBP,GBP,1,97452.43,1.7,97452.43,OK,113316.78,83001.43,30315.34,32,OK,Prefer not to say,4.2,OK
BMW-3713,06-07-2026,CORRUPTED,2023,3,Q1,USA,USA,Dallas BMW,BMW M3,M Sport,Petrol,Corporate Fleet,Corporate Fleet,USD,USD,1,96021.21,1.33,96021.21,OK,88092.85,64282.66,23810.19,69,OK,Prefer not to say,4.2,OK
BMW-2943,23-06-2026,CORRUPTED,2022,5,Q2,Germany,Germany,Stuttgart Motors,BMW X7,SUV,Petrol,individual,Individual,EUR,EUR,1,95377.44,2.24,95377.44,OK,95377.44,70242.96,25134.48,57,OK,Female,4.2,OK
BMW-3229,07-06-2026,CORRUPTED,2022,9,Q3,Germany,Germany,BMW Munich HQ,BMW 7 Series,Sedan,Petrol,Individual,Individual,eur,EUR,1,94300.05,1.48,94300.05,OK,94300.05,68918.94,25381.11,29,OK,Prefer not to say,4.2,OK
BMW-3223,04-06-2026,CORRUPTED,2022,9,Q3,Germany,Germany,Hamburg Drive,BMW 3 Series,Sedan,Hybrid,Corporate Fleet,Corporate Fleet,EUR,EUR,2,47088.4,0.73,94176.8,OK,94176.8,68307.21,25869.59,67,OK,Male,4.2,OK
BMW-2315,23-05-2026,CORRUPTED,2021,8,Q3,USA,USA,Dallas BMW,BMW M3,M Sport,Petrol,individual,Individual,USD,USD,1,93460.14,3.48,93460.14,OK,85743.24,63963.08,21780.17,49,OK,Prefer not to say,4.2,OK
BMW-4258,16-05-2026,CORRUPTED,2023,9,Q3,Australia,Australia,Sydney BMW,BMW 5 Series,Sedan,Hybrid,Individual,Individual,AUD,AUD,1,92890.29,0.81,92890.29,OK,56297.14,40864.54,15432.61,43,OK,Prefer not to say,4.2,OK
BMW-1608,13-05-2026,CORRUPTED,2020,10,Q4,Germany,Germany,Stuttgart Motors,BMW X7,SUV,Hybrid,Individual,Individual,EUR,EUR,1,92628.5,6.59,92628.5,OK,92628.5,71397.87,21230.63,47,OK,Male,4.2,OK
BMW-1614,10-05-2026,CORRUPTED,2020,10,Q4,Germany,Germany,Stuttgart Motors,BMW 7 Series,Sedan,Hybrid,Individual,Individual,EUR,EUR,1,92513.67,4.75,92513.67,OK,92513.67,69931.07,22582.6,48,OK,Prefer not to say,4.2,OK
BMW-3048,22-04-2026,CORRUPTED,2022,6,Q2,UK,UK,London BMW Centre,BMW M5,M Sport,Petrol,Individual,Individual,GBP,GBP,1,91522.38,7.52,91522.38,OK,106421.37,82857.86,23563.51,70,OK,Female,4.2,OK
BMW-1467,25-03-2026,CORRUPTED,2020,8,Q3,Germany,Germany,BMW Munich HQ,BMW X7,SUV,Petrol,Individual,Individual,EUR,EUR,1,89331.51,5.73,89331.51,OK,89331.51,68228.58,21102.92,66,OK,Female,4.2,OK
BMW-3725,20-03-2026,CORRUPTED,2023,3,Q1,UK,UK,Edinburgh Motors,BMW M5,M Sport,Hybrid,Individual,Individual,GBP,GBP,1,89000.98,7.8,89000.98,OK,103489.51,80820.35,22669.16,54,OK,Prefer not to say,4.2,OK
BMW-3795,15-02-2026,CORRUPTED,2023,4,Q2,USA,USA,New York BMW,BMW 2 Series,Coupe,Hybrid,Lease,Lease,USD,USD,2,43078.48,6.76,86156.97,OK,79043.09,61034.13,18008.96,29,OK,Male,4.2,OK
BMW-2679,28-01-2026,CORRUPTED,2022,1,Q1,USA,USA,Beverly Hills BMW,BMW iX,Electric,Electric,individual,Individual,USD,USD,1,85254.85,5.78,85254.85,OK,78215.46,59771.55,18443.91,42,OK,Prefer not to say,4.2,OK
BMW-5257,25-01-2026,CORRUPTED,2024,9,Q3,UK,UK,London BMW Centre,BMW X7,SUV,Hybrid,Individual,Individual,GBP,GBP,1,85165.36,6.12,85165.36,OK,99029.49,75947.06,23082.42,52,OK,Female,4.2,OK
BMW-5236,31-12-2025,CORRUPTED,2024,9,Q3,USA,USA,New York BMW,BMW X5,SUV,Hybrid,Individual,Individual,USD,USD,1,83612.08,1.89,83612.08,OK,76708.33,56293.59,20414.73,36,OK,Male,4.2,OK
BMW-2153,11-11-2025,CORRUPTED,2021,5,Q2,Australia,Australia,Sydney BMW,BMW X3,SUV,Hybrid,Individual,Individual,AUD,AUD,1,80716.82,7.92,80716.82,OK,48919.28,38249.75,10669.53,41,OK,Male,4.2,OK
BMW-2611,08-08-2025,CORRUPTED,2021,12,Q4,USA,USA,New York BMW,BMW X5,SUV,Diesel,Individual,Individual,USD,USD,1,75678.23,2.55,75678.23,OK,69429.56,51297.65,18131.91,60,OK,Prefer not to say,4.2,OK
BMW-1227,01-08-2025,CORRUPTED,2020,4,Q2,USA,USA,Chicago Motors,BMW i4,Electric,Electric,Individual,Individual,USD,USD,1,75337.65,0.54,75337.65,OK,69117.11,50032.8,19084.31,26,OK,Female,4.2,OK
BMW-1991,30-07-2025,CORRUPTED,2021,3,Q1,USA,USA,Dallas BMW,BMW X5,SUV,Diesel,Individual,Individual,USD,USD,1,75266.21,5.86,75266.21,OK,69051.57,52814.15,16237.42,62,OK,Male,4.2,OK
BMW-1429,23-07-2025,CORRUPTED,2020,7,Q3,UK,UK,Edinburgh Motors,BMW iX,Electric,Electric,Individual,Individual,GBP,GBP,1,74939.81,4.99,74939.81,OK,87139.31,66034.56,21104.75,58,OK,Prefer not to say,4.2,OK
BMW-3183,16-07-2025,CORRUPTED,2022,8,Q3,USA,USA,Beverly Hills BMW,BMW i4,Electric,Electric,Individual,Individual,USD,USD,1,74566.1,6.91,74566.1,OK,68409.26,52912.99,15496.27,48,OK,Female,4.2,OK
BMW-1914,01-07-2025,CORRUPTED,2021,2,Q1,USA,USA,Miami Auto Group,BMW i4,Electric,Electric,Individual,Individual,USD,USD,1,73749.93,2.22,73749.93,OK,67660.49,49819.6,17840.88,27,OK,Female,4.2,OK
BMW-3706,20-06-2025,CORRUPTED,2023,3,Q1,USA,USA,Dallas BMW,BMW X5,SUV,Petrol,Individual,Individual,USD,USD,1,72947.18,7.63,72947.18,OK,66924.02,52164.1,14759.92,49,OK,Female,4.2,OK
BMW-3703,24-05-2025,CORRUPTED,2023,3,Q1,USA,USA,Miami Auto Group,BMW 5 Series,Sedan,Hybrid,Individual,Individual,USD,USD,1,71173.2,2.07,71173.2,OK,65296.51,48006.59,17289.92,33,OK,Male,4.2,OK
BMW-1396,20-05-2025,CORRUPTED,2020,6,Q2,Australia,Australia,Melbourne Auto Group,BMW 3 Series,Sedan,Diesel,Individual,Individual,AUD,AUD,1,71087.74,7.18,71087.74,OK,43083.48,33421.16,9662.32,-5,BAD AGE,Prefer not to say,4.2,OK
BMW-1863,28-03-2025,CORRUPTED,2021,1,Q1,UK,UK,London BMW Centre,BMW M3,M Sport,Petrol,individual,Individual,GBP,GBP,1,67805.7,6.43,67805.7,OK,78843.84,60667.45,18176.39,0,BAD AGE,Male,4.2,OK
BMW-4764,26-03-2025,CORRUPTED,2024,3,Q1,Australia,Australia,Sydney BMW,BMW 3 Series,Sedan,Hybrid,Individual,Individual,AUD,AUD,1,67693.74,1.92,67693.74,OK,41026.51,30118.6,10907.91,65,OK,Female,4.2,OK
BMW-1067,24-03-2025,CORRUPTED,2020,2,Q1,Germany,Germany,BMW Munich HQ,BMW i4,Electric,Electric,Individual,Individual,EUR,EUR,1,67569.63,4.56,67569.63,OK,67569.63,50974.84,16594.8,69,OK,Female,4.2,OK
BMW-1554,19-03-2025,CORRUPTED,2020,9,Q3,USA,USA,New York BMW,BMW 5 Series,Sedan,Petrol,Individual,Individual,USD,USD,1,67385.86,0.67,67385.86,OK,61821.89,44810.97,17010.92,57,OK,Male,4.2,OK
BMW-1775,12-03-2025,CORRUPTED,2020,12,Q4,USA,USA,Miami Auto Group,BMW 5 Series,Sedan,Hybrid,Individual,Individual,USD,USD,1,67098.07,6.62,67098.07,OK,61557.86,47463.79,14094.07,30,OK,Male,4.2,OK
BMW-3471,08-02-2025,CORRUPTED,2022,12,Q4,USA,USA,Chicago Motors,BMW 5 Series,Sedan,Hybrid,Individual,Individual,USD,USD,1,65650.19,1.26,65650.19,OK,60229.53,43918.21,16311.33,58,OK,Prefer not to say,4.2,OK
BMW-5496,04-02-2025,CORRUPTED,2024,12,Q4,USA,USA,Beverly Hills BMW,BMW 5 Series,Sedan,Hybrid,Individual,Individual,USD,USD,1,65481.45,6.36,65481.45,OK,60074.73,46189.39,13885.34,25,OK,Female,4.2,OK
BMW-2084,05-01-2025,CORRUPTED,2021,4,Q2,Australia,Australia,Sydney BMW,BMW 3 Series,Sedan,Petrol,individual,Individual,AUD,AUD,1,64169.47,6.65,64169.47,OK,38890.59,29996.64,8893.94,47,OK,Prefer not to say,4.2,OK
BMW-3530,12-12-2024,CORRUPTED,2023,1,Q1,Germany,Germany,Stuttgart Motors,BMW i4,Electric,Electric,Individual,Individual,EUR,EUR,1,63058.91,5.38,63058.91,OK,63058.91,47982.99,15075.92,53,OK,Male,4.2,OK
BMW-5405,10-12-2024,CORRUPTED,2024,11,Q4,USA,USA,Miami Auto Group,BMW X3,SUV,Diesel,individual,Individual,USD,USD,1,63031.18,1.75,63031.18,OK,57826.77,42375.14,15451.64,33,OK,Female,4.2,OK
BMW-1105,04-12-2024,CORRUPTED,2020,2,Q1,UK,UK,Manchester Prestige,BMW 2 Series,Coupe,Diesel,Lease,Lease,GBP,GBP,2,31398.12,6.21,62796.24,OK,73018.88,56055.37,16963.52,29,OK,Female,4.2,OK
BMW-4712,18-11-2024,CORRUPTED,2024,3,Q1,USA,USA,New York BMW,BMW 5 Series,Sedan,Diesel,Individual,Individual,USD,USD,1,62350.69,2.52,62350.69,OK,57202.47,42251.46,14951.01,66,OK,Male,4.2,OK
BMW-5509,12-11-2024,CORRUPTED,2024,12,Q4,USA,USA,New York BMW,BMW 5 Series,Sedan,Diesel,Individual,Individual,USD,USD,1,62057.94,3.28,62057.94,OK,56933.89,42382.86,14551.03,26,OK,Male,4.2,OK
BMW-4465,29-10-2024,CORRUPTED,2023,12,Q4,USA,USA,Dallas BMW,BMW 5 Series,Sedan,Diesel,Individual,Individual,USD,USD,1,61567.74,7.33,61567.74,OK,56484.17,43886.23,12597.94,67,OK,Male,4.2,OK
BMW-4119,07-10-2024,CORRUPTED,2023,8,Q3,USA,USA,Beverly Hills BMW,BMW 5 Series,Sedan,Petrol,Individual,Individual,USD,USD,1,61045.8,5,61045.8,OK,56005.32,42444.08,13561.24,0,BAD AGE,Prefer not to say,4.2,OK
BMW-3855,27-08-2024,CORRUPTED,2023,5,Q2,USA,USA,Beverly Hills BMW,BMW 5 Series,Sedan,Hybrid,Individual,Individual,USD,USD,1,59377.43,2.28,59377.43,OK,54474.71,40135.4,14339.31,34,OK,Male,4.2,OK
BMW-2697,21-08-2024,CORRUPTED,2022,1,Q1,UK,UK,Manchester Prestige,BMW i4,Electric,Electric,Individual,Individual,GBP,GBP,1,59233.94,5.47,59233.94,OK,68876.68,52458.26,16418.41,40,OK,Female,4.2,OK
BMW-4094,26-07-2024,CORRUPTED,2023,8,Q3,Germany,Germany,BMW Munich HQ,BMW 5 Series,Sedan,Petrol,individual,Individual,EUR,EUR,1,58454.68,6.97,58454.68,OK,58454.68,45238.93,13215.75,43,OK,Female,4.2,OK
BMW-4872,03-07-2024,CORRUPTED,2024,5,Q2,USA,USA,Beverly Hills BMW,BMW X3,SUV,Diesel,corporate fleet,Corporate Fleet,USD,USD,1,57826.91,3.52,57826.91,OK,53052.21,39590.61,13461.6,46,OK,Prefer not to say,4.2,OK
BMW-2788,30-05-2024,CORRUPTED,2022,3,Q1,Germany,Germany,Hamburg Drive,BMW X3,SUV,Hybrid,Individual,Individual,EUR,EUR,1,56973.87,4.02,56973.87,OK,56973.87,42741.35,14232.52,49,OK,Female,4.2,OK
BMW-4463,28-05-2024,CORRUPTED,2023,12,Q4,USA,USA,Chicago Motors,BMW X3,SUV,Petrol,individual,Individual,USD,USD,1,56900.23,1.49,56900.23,OK,52202.05,38152.89,14049.16,39,OK,Female,4.2,OK
BMW-3227,21-05-2024,CORRUPTED,2022,9,Q3,Germany,Germany,Stuttgart Motors,BMW 5 Series,Sedan,Hybrid,individual,Individual,EUR,EUR,1,56771.13,3.4,56771.13,OK,56771.13,42312.11,14459.02,39,OK,Prefer not to say,4.2,OK
BMW-1430,12-05-2024,CORRUPTED,2020,7,Q3,UK,UK,Edinburgh Motors,BMW X5,SUV,Hybrid,Individual,Individual,GBP,GBP,1,56306.79,6.04,56306.79,OK,65473.01,50172.04,15300.97,40,OK,Female,4.2,OK
BMW-1843,06-04-2024,CORRUPTED,2021,1,Q1,Germany,Germany,BMW Munich HQ,BMW X3,SUV,Hybrid,Individual,Individual,EUR,EUR,1,55173.67,3.51,55173.67,OK,55173.67,41171.69,14001.99,44,OK,Male,4.2,OK
BMW-3380,24-03-2024,CORRUPTED,2022,11,Q4,Germany,Germany,Hamburg Drive,BMW X3,SUV,Hybrid,individual,Individual,EUR,EUR,1,54655.67,6.2,54655.67,OK,54655.67,41952.76,12702.91,42,OK,Female,4.2,OK
BMW-3528,29-02-2024,CORRUPTED,2023,1,Q1,Germany,Germany,BMW Munich HQ,BMW X3,SUV,Petrol,Individual,Individual,EUR,EUR,1,53859.54,0.17,53859.54,OK,53859.54,38846.08,15013.46,67,OK,Male,4.2,OK
BMW-4198,28-02-2024,CORRUPTED,2023,9,Q3,USA,USA,Dallas BMW,BMW X3,SUV,Diesel,Individual,Individual,USD,USD,1,53821.25,2.22,53821.25,OK,49377.29,36360.07,13017.22,33,OK,Male,4.2,OK
BMW-2036,18-02-2024,CORRUPTED,2021,4,Q2,Germany,Germany,BMW Munich HQ,BMW X3,SUV,Petrol,Individual,Individual,EUR,EUR,1,53546.39,0.4,53546.39,OK,53546.39,38710.17,14836.22,67,OK,Female,4.2,OK
BMW-4024,03-02-2024,CORRUPTED,2023,7,Q3,USA,USA,Beverly Hills BMW,BMW X3,SUV,Diesel,Individual,Individual,USD,USD,1,53113.7,1.73,53113.7,OK,48728.17,35701.87,13026.29,57,OK,Male,4.2,OK
BMW-3862,22-12-2023,CORRUPTED,2023,5,Q2,USA,USA,Miami Auto Group,BMW 3 Series,Sedan,Hybrid,Individual,Individual,USD,USD,1,51456.42,1.84,51456.42,OK,47207.72,34626.69,12581.03,35,OK,Prefer not to say,4.2,OK
BMW-4624,15-12-2023,CORRUPTED,2024,2,Q1,Germany,Germany,AutohaUSA Berlin,BMW X3,SUV,Diesel,Individual,Individual,EUR,EUR,1,51004.68,2.33,51004.68,OK,51004.68,37600.7,13403.99,69,OK,Male,4.2,OK
BMW-1147,12-12-2023,CORRUPTED,2020,3,Q1,USA,USA,Miami Auto Group,BMW X3,SUV,Diesel,Government,Government,USD,USD,1,50899.68,6.04,50899.68,OK,46696.95,35783.52,10913.43,67,OK,Female,4.2,OK
BMW-5076,04-11-2023,CORRUPTED,2024,7,Q3,UK,UK,Edinburgh Motors,BMW 5 Series,Sedan,Diesel,Individual,Individual,GBP,GBP,1,49223.42,3.71,49223.42,OK,57236.53,42798.37,14438.16,46,OK,Male,4.2,OK
BMW-1500,28-10-2023,CORRUPTED,2020,8,Q3,UK,UK,London BMW Centre,BMW 5 Series,Sedan,Hybrid,Individual,Individual,gbp,GBP,1,48865.53,5.78,48865.53,OK,56820.39,43418.8,13401.59,56,OK,Male,4.2,OK
BMW-1980,17-10-2023,CORRUPTED,2021,3,Q1,Germany,Germany,Stuttgart Motors,BMW X3,SUV,Diesel,Individual,Individual,EUR,EUR,1,48660.13,4.76,48660.13,OK,48660.13,36786.98,11873.15,44,OK,Female,4.2,OK
BMW-5418,19-09-2023,CORRUPTED,2024,11,Q4,UK,UK,Manchester Prestige,BMW X3,SUV,Hybrid,Individual,Individual,GBP,GBP,1,47485.7,2.69,47485.7,OK,55215.93,40853.5,14362.44,44,OK,Male,4.2,OK
BMW-3726,22-08-2023,CORRUPTED,2023,3,Q1,UK,UK,Edinburgh Motors,BMW X3,SUV,Diesel,Individual,Individual,GBP,GBP,1,46659.46,7.15,46659.46,OK,54255.19,42070.01,12185.18,36,OK,Female,4.2,OK
BMW-1229,12-08-2023,CORRUPTED,2020,4,Q2,USA,USA,Miami Auto Group,BMW 3 Series,Sedan,Petrol,Individual,Individual,USD,USD,1,46178.59,0.29,46178.59,OK,42365.68,30592.74,11772.94,40,OK,Female,4.2,OK
BMW-1555,23-07-2023,CORRUPTED,2020,9,Q3,USA,USA,Beverly Hills BMW,BMW 3 Series,Sedan,Hybrid,individual,Individual,USD,USD,1,45450.88,7.74,45450.88,OK,41698.05,32540.24,9157.81,59,OK,Prefer not to say,4.2,OK
BMW-3947,19-07-2023,CORRUPTED,2023,6,Q2,USA,USA,New York BMW,BMW 3 Series,Sedan,Hybrid,Individual,Individual,USD,USD,1,45373.93,3.52,45373.93,OK,41627.46,31065.64,10561.82,50,OK,Female,4.2,OK
BMW-3760,15-07-2023,CORRUPTED,2023,4,Q2,Germany,Germany,BMW Munich HQ,BMW 3 Series,Sedan,Hybrid,Individual,Individual,EUR,EUR,1,45212.42,4.66,45212.42,OK,45212.42,34144.21,11068.21,52,OK,Female,4.2,OK
BMW-3708,07-06-2023,CORRUPTED,2023,3,Q1,USA,USA,Chicago Motors,BMW 3 Series,Sedan,Petrol,Individual,Individual,USD,USD,1,43989.86,5.64,43989.86,OK,40357.67,30795.88,9561.79,44,OK,Female,4.2,OK
BMW-1347,03-06-2023,CORRUPTED,2020,6,Q2,USA,USA,Dallas BMW,BMW 3 Series,Sedan,Petrol,Individual,Individual,USD,USD,1,43872.17,5.44,43872.17,OK,40249.69,30647.57,9602.13,42,OK,Prefer not to say,4.2,OK
BMW-4125,02-06-2023,CORRUPTED,2023,8,Q3,USA,USA,New York BMW,BMW 3 Series,Sedan,Hybrid,Individual,Individual,USD,USD,1,43863.66,3.99,43863.66,OK,40241.89,30179.43,10062.45,54,OK,Prefer not to say,4.2,OK
BMW-3106,31-05-2023,CORRUPTED,2022,7,Q3,USA,USA,Miami Auto Group,BMW 3 Series,Sedan,Hybrid,Individual,Individual,USD,USD,1,43850.4,6.84,43850.4,OK,40229.72,31092.39,9137.33,40,OK,Male,4.2,OK
BMW-5310,23-05-2023,CORRUPTED,2024,10,Q4,Germany,Germany,Hamburg Drive,BMW 2 Series,Coupe,Petrol,Lease,Lease,eur,EUR,1,43343.59,0.36,43343.59,OK,43343.59,31321.4,12022.18,67,OK,Prefer not to say,4.2,OK
BMW-4555,02-05-2023,CORRUPTED,2024,1,Q1,UK,UK,Manchester Prestige,BMW X3,SUV,Petrol,individual,Individual,GBP,GBP,1,42187.79,2.78,42187.79,OK,49055.57,36328.57,12727,34,OK,Prefer not to say,4.2,OK
BMW-2392,27-04-2023,CORRUPTED,2021,9,Q3,USA,USA,Chicago Motors,BMW 2 Series,Coupe,Hybrid,Individual,Individual,USD,USD,1,41987.02,3.62,41987.02,OK,38520.21,28777.02,9743.18,59,OK,Prefer not to say,4.2,OK
BMW-5412,01-04-2023,CORRUPTED,2024,11,Q4,USA,USA,Dallas BMW,BMW 2 Series,Coupe,Hybrid,individual,Individual,USD,USD,1,40914.88,6.43,40914.88,OK,37536.58,28883.1,8653.48,53,OK,Female,4.2,OK
BMW-4692,30-03-2023,CORRUPTED,2024,3,Q1,Germany,Germany,Stuttgart Motors,BMW 3 Series,Sedan,Hybrid,individual,Individual,EUR,EUR,1,40852.64,6.39,40852.64,OK,40852.64,31421.63,9431.01,69,OK,Male,4.2,OK
BMW-4442,18-03-2023,CORRUPTED,2023,12,Q4,USA,USA,Beverly Hills BMW,BMW 2 Series,Coupe,Petrol,Individual,Individual,USD,USD,1,40146.42,0.18,40146.42,OK,36831.57,26566.23,10265.35,34,OK,Female,4.2,OK
BMW-1971,17-02-2023,CORRUPTED,2021,3,Q1,Germany,Germany,Stuttgart Motors,BMW 2 Series,Coupe,Petrol,Individual,Individual,EUR,EUR,1,38535.37,5.43,38535.37,OK,38535.37,29337.93,9197.44,-5,BAD AGE,Male,4.2,OK
BMW-5344,05-02-2023,CORRUPTED,2024,10,Q4,UK,UK,Manchester Prestige,BMW 3 Series,Sedan,Diesel,Individual,Individual,GBP,GBP,1,37669.32,3.85,37669.32,OK,43801.53,32798.62,11002.91,43,OK,Male,4.2,OK
BMW-2946,07-01-2023,CORRUPTED,2022,5,Q2,Germany,Germany,Stuttgart Motors,BMW 2 Series,Coupe,Hybrid,individual,Individual,EUR,EUR,1,36064.86,5.21,36064.86,OK,36064.86,27392.95,8671.91,66,OK,Prefer not to say,4.2,OK
BMW-2890,17-12-2022,CORRUPTED,2022,4,Q2,UK,UK,Manchester Prestige,BMW 2 Series,Coupe,Petrol,Individual,Individual,GBP,GBP,1,34143.93,3.47,34143.93,OK,39702.24,29613.93,10088.32,34,OK,Female,4.2,OK
BMW-5517,15-12-2022,CORRUPTED,2024,12,Q4,UK,UK,Manchester Prestige,BMW 2 Series,Coupe,Petrol,Individual,Individual,GBP,GBP,1,34049.44,7.77,34049.44,OK,39592.37,30907.35,8685.02,47,OK,Female,4.2,OK
BMW-3189,09-12-2022,CORRUPTED,2022,8,Q3,UK,UK,Edinburgh Motors,BMW 2 Series,Coupe,Diesel,Individual,Individual,gbp,GBP,1,32372.59,2.26,32372.59,OK,37642.55,27728.02,9914.52,65,OK,Prefer not to say,4.2,OK
BMW-3081,29-11-2022,CORRUPTED,2022,6,Q2,South Africa,South Africa,Johannesburg Motors,BMW i7,Electric,Electric,Individual,Individual,ZAR,ZAR,1,2594190.9,4.24,25941.909,OK,129709.54,97524.42,32185.13,60,OK,Male,4.2,OK
BMW-3208,16-11-2022,CORRUPTED,2022,8,Q3,China,China,Guangzhou BMW,BMW X5,SUV,Hybrid,individual,Individual,CNY,CNY,1,568445.71,6.09,5684.4571,OK,71955.15,55164.84,16790.31,59,OK,Prefer not to say,4.2,OK
BMW-2373,10-10-2022,CORRUPTED,2021,9,Q3,Germany,Germany,BMW Munich HQ,BMW X3,SUV,Hybrid,Individual,Individual,EUR,EUR,1,56130.57,3.84,561.3057,OK,56130.57,42029.84,14100.73,58,OK,Female,4.2,OK
BMW-4789,04-09-2022,CORRUPTED,2024,4,Q2,USA,USA,Beverly Hills BMW,BMW X3,SUV,Petrol,Corporate Fleet,Corporate Fleet,USD,USD,6,60459.39,7.18,-362756.36,BAD REVENUE,332804,258149.84,74654.16,26,OK,Female,4.2,OK
BMW-1046,16-08-2022,CORRUPTED,2020,1,Q1,China,China,Beijing Luxury Motors,BMW iX,Electric,Electric,corporate fleet,Corporate Fleet,CNY,CNY,8,686628.72,1.49,-5493029.73,BAD REVENUE,695320.22,508213.86,187106.36,28,OK,Male,4.2,OK
BMW-3505,13-01-2035,CORRUPTED,2022,12,Q4,India,India,Bangalore Motors,BMW 5 Series,Sedan,Hybrid,lease,Lease,INR,INR,7,5229538.52,2.78,36606769.64,OK,402272.19,297929.59,104342.6,34,OK,Male,4.3,OK
BMW-1182,03-01-2035,CORRUPTED,2020,3,Q1,India,India,Bangalore Motors,BMW i4,Electric,Electric,Corporate Fleet,Corporate Fleet,INR,INR,5,6034885.19,3.28,30174425.93,OK,331587.1,246847.13,84739.97,36,OK,Female,4.3,OK
BMW-3345,22-12-2034,CORRUPTED,2022,10,Q4,India,India,Mumbai BMW,BMW 5 Series,Sedan,Diesel,Corporate Fleet,Corporate Fleet,INR,INR,5,5373569.38,4.75,26867846.9,OK,295251.06,223179.29,72071.77,69,OK,Prefer not to say,4.3,OK
BMW-1052,13-11-2034,CORRUPTED,2020,1,Q1,India,India,Mumbai BMW,BMW i4,Electric,Electric,Lease,Lease,INR,INR,3,5318150.61,7.18,15954451.84,OK,175323.65,135994.33,39329.32,999,BAD AGE,Female,4.3,OK
BMW-4584,24-10-2034,CORRUPTED,2024,1,Q1,India,India,Bangalore Motors,BMW X5,SUV,Hybrid,Lease,Lease,INR,INR,2,5947339.92,4.48,11894679.83,OK,130710.77,98525.41,32185.36,31,OK,Female,4.3,OK
BMW-2937,17-10-2034,CORRUPTED,2022,4,Q2,South Africa,South Africa,Cape Town BMW,BMW X7,SUV,Hybrid,Corporate Fleet,Corporate Fleet,ZAR,ZAR,6,1919981.89,0.69,11519891.33,OK,575994.57,417586.09,158408.48,45,OK,Female,4.3,OK
BMW-3525,30-08-2034,CORRUPTED,2022,12,Q4,South Africa,South Africa,Johannesburg Motors,BMW 5 Series,Sedan,Petrol,government,Government,ZAR,ZAR,8,1078715.8,3.08,8629726.41,OK,431486.32,320555.32,110931,69,OK,Prefer not to say,4.3,OK
BMW-2727,12-07-2034,CORRUPTED,2022,1,Q1,South Africa,South Africa,Johannesburg Motors,BMW X3,SUV,Hybrid,Lease,Lease,ZAR,ZAR,7,981524.52,7.25,6870671.66,OK,343533.58,266692.54,76841.04,53,OK,Prefer not to say,4.3,OK
BMW-3347,03-07-2034,CORRUPTED,2022,10,Q4,India,India,Mumbai BMW,BMW 2 Series,Coupe,Diesel,Corporate Fleet,Corporate Fleet,INR,INR,2,3395203.67,1.37,6790407.33,OK,74619.86,54472.9,20146.96,59,OK,Female,4.3,OK
BMW-2434,15-06-2034,CORRUPTED,2021,9,Q3,South Africa,South Africa,Johannesburg Motors,BMW X7,SUV,Petrol,Corporate Fleet,Corporate Fleet,ZAR,ZAR,3,2109812.88,4.55,6329438.64,OK,316471.93,238732.73,77739.2,33,OK,Male,4.3,OK
BMW-4656,01-06-2034,CORRUPTED,2024,2,Q1,China,China,Shanghai BMW,BMW X7,SUV,Diesel,Corporate Fleet,Corporate Fleet,CNY,CNY,8,739383.53,0.29,5915068.2,OK,748742.81,540651.46,208091.35,53,OK,Prefer not to say,4.3,OK
BMW-2905,06-05-2034,CORRUPTED,2022,4,Q2,China,China,Shanghai BMW,BMW M3,M Sport,Petrol,Government,Government,CNY,CNY,8,688529.47,6.74,5508235.8,OK,697245.04,538296.03,158949,45,OK,Prefer not to say,4.3,OK
BMW-2715,16-04-2034,CORRUPTED,2022,1,Q1,India,India,Delhi Prestige Auto,BMW 5 Series,Sedan,Diesel,Individual,Individual,INR,INR,1,5159180.46,4.55,5159180.46,OK,56694.29,42766.34,13927.95,63,OK,Prefer not to say,4.3,OK
BMW-4247,11-04-2034,CORRUPTED,2023,9,Q3,India,India,Mumbai BMW,BMW X3,SUV,Diesel,Individual,Individual,INR,INR,1,5131280.57,2.84,5131280.57,OK,56387.7,41787.41,14600.29,49,OK,Female,4.3,OK
BMW-2574,31-03-2034,CORRUPTED,2021,11,Q4,India,India,Delhi Prestige Auto,BMW 5 Series,Sedan,Hybrid,Lease,Lease,INR,INR,1,4962413.44,5.71,4962413.44,OK,54532.02,41640.42,12891.6,28,OK,Female,4.3,OK
BMW-2404,13-02-2034,CORRUPTED,2021,9,Q3,China,China,Shenzhen Auto,BMW i4,Electric,Electric,Government,Government,CNY,CNY,8,546108.56,3.87,4368868.46,OK,553021.32,414219.67,138801.65,35,OK,Female,4.3,OK
BMW-2488,10-01-2034,CORRUPTED,2021,10,Q4,India,India,Delhi Prestige Auto,BMW 3 Series,Sedan,Petrol,Individual,Individual,INR,INR,1,3814383.32,4.52,3814383.32,OK,41916.3,31607.36,10308.94,38,OK,Prefer not to say,4.3,OK
BMW-5079,19-12-2033,CORRUPTED,2024,7,Q3,China,China,Shanghai BMW,BMW i7,Electric,Electric,Lease,Lease,CNY,CNY,4,898921.07,2.11,3595684.28,OK,455149.91,334765.09,120384.82,27,OK,Male,4.3,OK
BMW-2627,01-12-2033,CORRUPTED,2021,12,Q4,China,China,Shanghai BMW,BMW X3,SUV,Hybrid,lease,Lease,CNY,CNY,8,430488.45,4.85,3443907.63,OK,435937.67,329886.95,106050.73,46,OK,Male,4.3,OK
BMW-5368,08-11-2033,CORRUPTED,2024,10,Q4,India,India,Delhi Prestige Auto,BMW 2 Series,Coupe,Petrol,Individual,Individual,INR,INR,1,3280909.07,4.19,3280909.07,OK,36053.95,27092.88,8961.07,60,OK,Female,4.3,OK
BMW-2985,28-10-2033,CORRUPTED,2022,5,Q2,China,China,Shenzhen Auto,BMW 5 Series,Sedan,Petrol,lease,Lease,CNY,CNY,7,445864.21,5.85,3121049.48,OK,395069.55,302109.7,92959.86,41,OK,Male,4.3,OK
BMW-3052,24-10-2033,CORRUPTED,2022,6,Q2,China,China,Beijing Luxury Motors,BMW 5 Series,Sedan,Diesel,Corporate Fleet,Corporate Fleet,CNY,CNY,7,438655.12,3.31,3070585.84,OK,388681.75,289424.22,99257.53,61,OK,Prefer not to say,4.3,OK
BMW-3888,18-08-2033,CORRUPTED,2023,5,Q2,China,China,Shenzhen Auto,BMW 5 Series,Sedan,Diesel,Corporate Fleet,Corporate Fleet,CNY,CNY,5,495424.67,5.13,2477123.37,OK,313559.92,237975.88,75584.04,53,OK,Male,4.3,OK
BMW-4916,16-08-2033,CORRUPTED,2024,5,Q2,China,China,Guangzhou BMW,BMW 3 Series,Sedan,Petrol,Corporate Fleet,Corporate Fleet,CNY,CNY,7,352405.83,3.14,2466840.78,OK,312258.33,232107.25,80151.07,26,OK,Prefer not to say,4.3,OK
BMW-5189,12-08-2033,CORRUPTED,2024,8,Q3,UAE,UAE,Abu Dhabi Motors,BMW X7,SUV,Diesel,corporate fleet,Corporate Fleet,AED,AED,6,408907.6,3.93,2453445.62,OK,613361.41,459695.1,153666.3,51,OK,Prefer not to say,4.3,OK
BMW-5105,29-06-2033,CORRUPTED,2024,7,Q3,UAE,UAE,Dubai BMW,BMW X7,SUV,Petrol,Lease,Lease,AED,AED,5,437854.36,0.87,2189271.79,OK,547317.95,397519.34,149798.61,42,OK,Prefer not to say,4.3,OK
BMW-3640,22-06-2033,CORRUPTED,2023,2,Q1,China,China,Shanghai BMW,BMW 3 Series,Sedan,Petrol,lease,Lease,CNY,CNY,6,355671.39,1.84,2134028.35,OK,270130.17,198138.87,71991.3,28,OK,Female,4.3,OK
BMW-1532,21-06-2033,CORRUPTED,2020,8,Q3,South Africa,South Africa,Cape Town BMW,BMW X7,SUV,Hybrid,Individual,Individual,ZAR,ZAR,1,2133729.46,0.54,2133729.46,OK,106686.47,77232.36,29454.12,48,OK,Prefer not to say,4.3,OK
BMW-1735,06-06-2033,CORRUPTED,2020,11,Q4,UAE,UAE,Abu Dhabi Motors,BMW iX,Electric,Electric,Corporate Fleet,Corporate Fleet,AED,AED,6,343872.17,4.75,2063232.99,OK,515808.25,389896.11,125912.14,30,OK,Male,4.3,OK
BMW-4680,29-05-2033,CORRUPTED,2024,2,Q1,UAE,UAE,Dubai BMW,BMW X5,SUV,Petrol,Lease,Lease,AED,AED,8,253495.63,7.72,2027965.04,OK,506991.26,395585.19,111406.08,150,BAD AGE,Male,4.3,OK
BMW-1376,15-05-2033,CORRUPTED,2020,6,Q2,China,China,Shanghai BMW,BMW 5 Series,Sedan,Diesel,Government,Government,CNY,CNY,4,491794.96,1.61,1967179.82,OK,249010.1,182229.97,66780.13,43,OK,Prefer not to say,4.3,OK
BMW-2770,11-05-2033,CORRUPTED,2022,2,Q1,China,China,Guangzhou BMW,BMW X3,SUV,Hybrid,Government,Government,CNY,CNY,5,391935.5,5.83,1959677.48,OK,248060.44,189668.64,58391.8,45,OK,Prefer not to say,4.3,OK
BMW-3758,16-03-2033,CORRUPTED,2023,3,Q1,South Africa,South Africa,Cape Town BMW,BMW iX,Electric,Electric,Individual,Individual,ZAR,ZAR,1,1733342.62,5.92,1733342.62,OK,86667.13,66325.74,20341.39,0,BAD AGE,Female,4.3,OK
BMW-2014,03-03-2033,CORRUPTED,2021,3,Q1,UAE,UAE,Abu Dhabi Motors,BMW X3,SUV,Diesel,Corporate Fleet,Corporate Fleet,AED,AED,8,210930.11,1.45,1687440.89,OK,421860.22,308221.61,113638.61,60,OK,Female,4.3,OK
BMW-3562,01-03-2033,CORRUPTED,2023,1,Q1,China,China,Beijing Luxury Motors,BMW 5 Series,Sedan,Diesel,Corporate Fleet,Corporate Fleet,CNY,CNY,4,421234.6,7.93,1684938.39,OK,213283.34,166796.62,46486.72,51,OK,Female,4.3,OK
BMW-4812,13-02-2033,CORRUPTED,2024,4,Q2,China,China,Guangzhou BMW,BMW 7 Series,Sedan,Diesel,corporate fleet,Corporate Fleet,CNY,CNY,2,806735.87,3.62,1613471.74,OK,204236.93,152569.19,51667.74,46,OK,Female,4.3,OK
BMW-1965,02-02-2033,CORRUPTED,2021,2,Q1,South Africa,South Africa,Johannesburg Motors,BMW X5,SUV,Hybrid,Individual,Individual,ZAR,ZAR,1,1568317.81,1,1568317.81,OK,78415.89,57031.98,21383.91,44,OK,Male,4.3,OK
BMW-2282,08-01-2033,CORRUPTED,2021,7,Q3,South Africa,South Africa,Cape Town BMW,BMW i4,Electric,Electric,Individual,Individual,ZAR,ZAR,1,1461649.65,1.65,1461649.65,OK,73082.48,53500.19,19582.29,50,OK,Male,4.3,OK
BMW-1405,02-01-2033,CORRUPTED,2020,6,Q2,South Africa,South Africa,Cape Town BMW,BMW i4,Electric,Electric,Individual,Individual,ZAR,ZAR,1,1438164.67,1.82,1438164.67,OK,71908.23,52736.17,19172.06,30,OK,Female,4.3,OK
BMW-3268,17-12-2032,CORRUPTED,2022,9,Q3,China,China,Shanghai BMW,BMW 5 Series,Sedan,Hybrid,Corporate Fleet,Corporate Fleet,CNY,CNY,3,463787.06,2.2,1391361.17,OK,176121.67,129664.86,46456.81,60,OK,Female,4.3,OK
BMW-1313,20-09-2032,CORRUPTED,2020,5,Q2,China,China,Beijing Luxury Motors,BMW 3 Series,Sedan,Petrol,Corporate Fleet,Corporate Fleet,CNY,CNY,3,373495.31,0.2,1120485.92,OK,141833.66,102321.5,39512.16,58,OK,Female,4.3,OK
BMW-2080,12-09-2032,CORRUPTED,2021,4,Q2,UAE,UAE,Dubai BMW,BMW i4,Electric,Electric,Government,Government,AED,AED,4,272600.09,5.41,1090400.36,OK,272600.09,207499.64,65100.45,36,OK,Female,4.3,OK
BMW-4163,24-07-2032,CORRUPTED,2023,8,Q3,UAE,UAE,Abu Dhabi Motors,BMW i4,Electric,Electric,Corporate Fleet,Corporate Fleet,AED,AED,4,246544.56,7.87,986178.25,OK,246544.56,192667.15,53877.41,38,OK,Prefer not to say,4.3,OK
BMW-2771,17-06-2032,CORRUPTED,2022,2,Q1,China,China,Beijing Luxury Motors,BMW i7,Electric,Electric,Individual,Individual,CNY,CNY,1,938583.07,6.61,938583.07,OK,118807.98,91593.42,27214.56,64,OK,Prefer not to say,4.3,OK
BMW-1937,03-06-2032,CORRUPTED,2021,2,Q1,China,China,Shanghai BMW,BMW i7,Electric,Electric,Individual,Individual,CNY,CNY,1,918785.88,4.3,918785.88,OK,116302.01,87503.77,28798.24,52,OK,Male,4.3,OK
BMW-3123,02-06-2032,CORRUPTED,2022,7,Q3,UK,UK,Manchester Prestige,BMW i7,Electric,Electric,Lease,Lease,GBP,GBP,8,114753.35,3.11,918026.84,OK,1067473.07,793257.35,274215.71,54,OK,Female,4.3,OK
BMW-1153,10-05-2032,CORRUPTED,2020,3,Q1,USA,USA,Chicago Motors,BMW i7,Electric,Electric,Government,Government,USD,USD,6,147345.17,1.18,884071.04,OK,811074.35,590926.3,220148.05,32,OK,Female,4.3,OK
BMW-5503,30-04-2032,CORRUPTED,2024,12,Q4,USA,USA,Dallas BMW,BMW 7 Series,Sedan,Hybrid,Corporate Fleet,Corporate Fleet,USD,USD,8,108640.08,5.97,869120.61,OK,797358.36,610532.37,186825.99,63,OK,Male,4.3,OK
BMW-5414,09-04-2032,CORRUPTED,2024,11,Q4,USA,USA,Chicago Motors,BMW X7,SUV,Diesel,Lease,Lease,USD,USD,8,105760.89,6.85,846087.1,OK,776226.69,599967.86,176258.83,30,OK,Female,4.3,OK
BMW-2371,13-03-2032,CORRUPTED,2021,9,Q3,Germany,Germany,BMW Munich HQ,BMW M5,M Sport,Petrol,corporate fleet,Corporate Fleet,EUR,EUR,7,115206.57,3.8,806445.97,OK,806445.97,603582.47,202863.51,66,OK,Prefer not to say,4.3,OK
BMW-5535,19-02-2032,CORRUPTED,2024,12,Q4,China,China,Beijing Luxury Motors,BMW 7 Series,Sedan,Petrol,Individual,Individual,CNY,CNY,1,786089.73,0.73,786089.73,OK,99505.03,72169.4,27335.63,59,OK,Female,4.3,OK
BMW-2439,17-02-2032,CORRUPTED,2021,9,Q3,South Africa,South Africa,Cape Town BMW,BMW 2 Series,Coupe,Hybrid,Individual,Individual,ZAR,ZAR,1,785642.92,6.46,785642.92,OK,39282.15,30237.6,9044.55,60,OK,Female,4.3,OK
BMW-3353,14-02-2032,CORRUPTED,2022,10,Q4,UAE,UAE,Abu Dhabi Motors,BMW X7,SUV,Hybrid,Corporate Fleet,Corporate Fleet,AED,AED,2,391483.32,6.83,782966.65,OK,195741.66,151257.93,44483.73,-5,BAD AGE,Prefer not to say,4.3,OK
BMW-4123,01-02-2032,CORRUPTED,2023,8,Q3,USA,USA,Miami Auto Group,BMW i7,Electric,Electric,Lease,Lease,USD,USD,6,127525.69,2.38,765154.16,OK,701976.3,517761.24,184215.06,70,OK,Prefer not to say,4.3,OK
BMW-3077,08-01-2032,CORRUPTED,2022,6,Q2,South Africa,South Africa,Johannesburg Motors,BMW 2 Series,Coupe,Diesel,Individual,Individual,ZAR,ZAR,1,747085.68,3.8,747085.68,OK,37354.28,27958.3,9395.98,50,OK,Male,4.3,OK
BMW-1811,26-12-2031,CORRUPTED,2020,12,Q4,China,China,Shanghai BMW,BMW M3,M Sport,Diesel,Individual,Individual,CNY,CNY,1,731815.56,0.85,731815.56,OK,92634.88,67267.03,25367.85,57,OK,Prefer not to say,4.3,OK
BMW-3565,31-10-2031,CORRUPTED,2023,1,Q1,China,China,Beijing Luxury Motors,BMW iX,Electric,Electric,Individual,Individual,CNY,CNY,1,695041.82,6.09,695041.82,OK,87979.98,67451.44,20528.54,62,OK,Prefer not to say,4.3,OK
BMW-3508,27-10-2031,CORRUPTED,2022,12,Q4,UAE,UAE,Abu Dhabi Motors,BMW X3,SUV,Hybrid,corporate fleet,Corporate Fleet,AED,AED,3,230900.84,0.58,692702.51,OK,173175.63,125411.55,47764.08,26,OK,Prefer not to say,4.3,OK
BMW-5363,20-10-2031,CORRUPTED,2024,10,Q4,China,China,Shenzhen Auto,BMW iX,Electric,Electric,Individual,Individual,CNY,CNY,1,687777.73,0.35,687777.73,OK,87060.47,62901.66,24158.81,55,OK,Prefer not to say,4.3,OK
BMW-5152,11-10-2031,CORRUPTED,2024,8,Q3,USA,USA,Dallas BMW,BMW iX,Electric,Electric,Lease,Lease,USD,USD,7,97457.04,0.9,682199.27,OK,625870.89,454700.17,171170.72,50,OK,Female,4.3,OK
BMW-5142,22-09-2031,CORRUPTED,2024,8,Q3,USA,USA,Beverly Hills BMW,BMW i7,Electric,Electric,Lease,Lease,USD,USD,5,132932.22,0.77,664661.11,OK,609780.83,442464.74,167316.09,47,OK,Female,4.3,OK
BMW-4314,08-09-2031,CORRUPTED,2023,10,Q4,China,China,Beijing Luxury Motors,BMW iX,Electric,Electric,Individual,Individual,CNY,CNY,1,656972.92,1.08,656972.92,OK,83161.13,60531.59,22629.54,26,OK,Prefer not to say,4.3,OK
BMW-4488,31-08-2031,CORRUPTED,2023,12,Q4,China,China,Shenzhen Auto,BMW iX,Electric,Electric,Individual,Individual,CNY,CNY,1,652996.12,4.29,652996.12,OK,82657.74,62182.08,20475.66,37,OK,Female,4.3,OK
BMW-2256,04-08-2031,CORRUPTED,2021,7,Q3,China,China,Guangzhou BMW,BMW iX,Electric,Electric,individual,Individual,CNY,CNY,1,633194.71,6.27,633194.71,OK,80151.23,61566.19,18585.04,37,OK,Female,4.3,OK
BMW-4282,24-07-2031,CORRUPTED,2023,10,Q4,USA,USA,Chicago Motors,BMW M5,M Sport,Diesel,corporate fleet,Corporate Fleet,USD,USD,5,125374.99,7.65,626874.95,OK,575114.64,448395.52,126719.12,67,OK,Female,4.3,OK
BMW-2336,23-07-2031,CORRUPTED,2021,8,Q3,China,China,Beijing Luxury Motors,BMW iX,Electric,Electric,individual,Individual,CNY,CNY,1,625729.8,6.13,625729.8,OK,79206.3,60754.47,18451.83,58,OK,Female,4.3,OK
BMW-4482,18-07-2031,CORRUPTED,2023,12,Q4,China,China,Guangzhou BMW,BMW 3 Series,Sedan,Diesel,Government,Government,CNY,CNY,2,310854.35,4.97,621708.71,OK,78697.3,59624.82,19072.49,41,OK,Prefer not to say,4.3,OK
BMW-2672,24-06-2031,CORRUPTED,2022,1,Q1,Germany,Germany,AutohaUSA Berlin,BMW M3,M Sport,Petrol,government,Government,EUR,EUR,7,87249.35,6.1,610745.43,OK,610745.43,468280.64,142464.79,67,OK,Male,4.3,OK
BMW-5347,23-06-2031,CORRUPTED,2024,10,Q4,China,China,Guangzhou BMW,BMW X5,SUV,Diesel,Individual,Individual,CNY,CNY,1,610724.17,6,610724.17,OK,77306.86,59214.54,18092.31,43,OK,Prefer not to say,4.3,OK
BMW-4752,07-06-2031,CORRUPTED,2024,3,Q1,China,China,Shenzhen Auto,BMW X5,SUV,Petrol,Individual,Individual,CNY,CNY,1,602405.03,4.55,602405.03,OK,76253.8,57520.95,18732.85,52,OK,Female,4.3,OK
BMW-2506,08-05-2031,CORRUPTED,2021,10,Q4,Australia,Australia,Melbourne Auto Group,BMW X3,SUV,Petrol,Lease,Lease,AUD,AUD,7,83540.65,5.01,584784.56,OK,354414.89,268648.84,85766.04,54,OK,Prefer not to say,4.3,OK
BMW-2138,20-04-2031,CORRUPTED,2021,5,Q2,China,China,Shanghai BMW,BMW 2 Series,Coupe,Petrol,Lease,Lease,CNY,CNY,2,287621.25,3.54,575242.5,OK,72815.51,54351.55,18463.96,65,OK,Male,4.3,OK
BMW-1486,11-04-2031,CORRUPTED,2020,8,Q3,USA,USA,New York BMW,BMW M3,M Sport,Hybrid,Corporate Fleet,Corporate Fleet,USD,USD,6,95268.8,1.42,571612.82,OK,524415.43,383015.75,141399.68,67,OK,Prefer not to say,4.3,OK
BMW-1060,10-04-2031,CORRUPTED,2020,1,Q1,Australia,Australia,Sydney BMW,BMW X3,SUV,Diesel,lease,Lease,AUD,AUD,6,95118.47,3.14,570710.82,OK,345885.34,257123.42,88761.93,32,OK,Prefer not to say,4.3,OK
BMW-1383,04-04-2031,CORRUPTED,2020,6,Q2,China,China,Beijing Luxury Motors,BMW X5,SUV,Diesel,Individual,Individual,CNY,CNY,1,566009.62,8,566009.62,OK,71646.79,56068.54,15578.25,68,OK,Prefer not to say,4.3,OK
BMW-2215,02-04-2031,CORRUPTED,2021,6,Q2,UAE,UAE,Dubai BMW,BMW 2 Series,Coupe,Hybrid,Lease,Lease,AED,AED,4,141449.25,6.98,565796.99,OK,141449.25,109490.66,31958.58,63,OK,Prefer not to say,4.3,OK
BMW-1037,31-03-2031,CORRUPTED,2020,1,Q1,China,China,Shenzhen Auto,BMW X5,SUV,Hybrid,Individual,Individual,CNY,CNY,1,565667.71,5.62,565667.71,OK,71603.51,54626.82,16976.69,57,OK,Prefer not to say,4.3,OK
BMW-2260,31-01-2031,CORRUPTED,2021,7,Q3,China,China,Shenzhen Auto,BMW X5,SUV,Hybrid,Corporate Fleet,Corporate Fleet,CNY,CNY,1,529360.77,6.88,529360.77,OK,67007.69,51808.49,15199.2,34,OK,Female,4.3,OK
BMW-2388,17-01-2031,CORRUPTED,2021,9,Q3,USA,USA,New York BMW,BMW iX,Electric,Electric,Lease,Lease,USD,USD,5,104860.12,0.08,524300.61,OK,481009.73,346618.53,134391.2,31,OK,Female,4.3,OK
BMW-2164,04-01-2031,CORRUPTED,2021,6,Q2,Germany,Germany,BMW Munich HQ,BMW i4,Electric,Electric,corporate fleet,Corporate Fleet,EUR,EUR,8,64654.76,6.66,517238.11,OK,517238.11,398987.58,118250.53,35,OK,Prefer not to say,4.3,OK
BMW-5470,30-12-2030,CORRUPTED,2024,12,Q4,Germany,Germany,AutohaUSA Berlin,BMW X5,SUV,Diesel,Corporate Fleet,Corporate Fleet,eur,EUR,7,73535.84,5.63,514750.88,OK,514750.88,392722.59,122028.29,54,OK,Male,4.3,OK
BMW-1110,28-12-2030,CORRUPTED,2020,2,Q1,China,China,Shanghai BMW,BMW 5 Series,Sedan,Petrol,Individual,Individual,CNY,CNY,1,514474.39,0.73,514474.39,OK,65123.34,47233.75,17889.59,29,OK,Male,4.3,OK
BMW-5500,30-11-2030,CORRUPTED,2024,12,Q4,USA,USA,Miami Auto Group,BMW 7 Series,Sedan,Diesel,Corporate Fleet,Corporate Fleet,USD,USD,5,100406.78,2.67,502033.9,OK,460581.56,340722.86,119858.7,-5,BAD AGE,Male,4.3,OK
BMW-2567,29-11-2030,CORRUPTED,2021,11,Q4,China,China,Shanghai BMW,BMW 5 Series,Sedan,Hybrid,Individual,Individual,CNY,CNY,1,501770.4,4.15,501770.4,OK,63515.24,47709.45,15805.79,61,OK,Male,4.3,OK
BMW-1790,23-11-2030,CORRUPTED,2020,12,Q4,USA,USA,Miami Auto Group,BMW 5 Series,Sedan,Diesel,Lease,Lease,USD,USD,8,62491.48,2.32,499931.86,OK,458653.08,338074.79,120578.3,33,OK,Male,4.3,OK
BMW-5430,14-11-2030,CORRUPTED,2024,11,Q4,China,China,Shanghai BMW,BMW 5 Series,Sedan,Petrol,Individual,Individual,CNY,CNY,1,495415.22,0.3,495415.22,OK,62710.79,45286.65,17424.13,28,OK,Male,4.3,OK
BMW-4906,04-11-2030,CORRUPTED,2024,5,Q2,China,China,Shenzhen Auto,BMW 5 Series,Sedan,Hybrid,Individual,Individual,CNY,CNY,1,492028.15,5.49,492028.15,OK,62282.04,47447.9,14834.15,47,OK,Prefer not to say,4.3,OK
BMW-5176,14-09-2030,CORRUPTED,2024,8,Q3,China,China,Shenzhen Auto,BMW i4,Electric,Electric,Individual,Individual,CNY,CNY,1,471984.17,4,471984.17,OK,59744.83,44809.61,14935.22,35,OK,Prefer not to say,4.3,OK
BMW-2851,28-08-2030,CORRUPTED,2022,3,Q1,Australia,Australia,Melbourne Auto Group,BMW 5 Series,Sedan,Diesel,Corporate Fleet,Corporate Fleet,AUD,AUD,5,93109.81,4.74,465549.06,OK,282150.94,213256.76,68894.18,63,OK,Prefer not to say,4.3,OK
BMW-3490,18-08-2030,CORRUPTED,2022,12,Q4,China,China,Beijing Luxury Motors,BMW 5 Series,Sedan,Hybrid,Individual,Individual,CNY,CNY,1,459943.17,6.43,459943.17,OK,58220.65,44801.66,13418.99,58,OK,Prefer not to say,4.3,OK
BMW-3222,16-08-2030,CORRUPTED,2022,8,Q3,Australia,Australia,Melbourne Auto Group,BMW 2 Series,Coupe,Petrol,Lease,Lease,AUD,AUD,8,57480.03,5.2,459840.22,OK,278691.04,211665.74,67025.31,55,OK,Male,4.3,OK
BMW-4927,07-07-2030,CORRUPTED,2024,5,Q2,UAE,UAE,Abu Dhabi Motors,BMW X3,SUV,Diesel,Corporate Fleet,Corporate Fleet,AED,AED,2,221947.98,3.45,443895.96,OK,110973.99,82759.12,28214.87,-5,BAD AGE,Prefer not to say,4.3,OK
BMW-3129,01-06-2030,CORRUPTED,2022,7,Q3,China,China,Beijing Luxury Motors,BMW X3,SUV,Hybrid,Individual,Individual,CNY,CNY,1,434005.68,2.27,434005.68,OK,54937.43,40472.2,14465.23,47,OK,Male,4.3,OK
BMW-1041,22-05-2030,CORRUPTED,2020,1,Q1,China,China,Shenzhen Auto,BMW 5 Series,Sedan,Petrol,Individual,Individual,CNY,CNY,1,431003.93,3.92,431003.93,OK,54557.46,40882.16,13675.3,54,OK,Prefer not to say,4.3,OK
BMW-3886,04-04-2030,CORRUPTED,2023,5,Q2,China,China,Shenzhen Auto,BMW X3,SUV,Hybrid,Individual,Individual,CNY,CNY,1,417987.3,4.26,417987.3,OK,52909.79,39791.87,13117.92,61,OK,Female,4.3,OK
BMW-3570,13-02-2030,CORRUPTED,2023,1,Q1,China,China,Shenzhen Auto,BMW X3,SUV,Diesel,Individual,Individual,CNY,CNY,1,407062.43,3.14,407062.43,OK,51526.89,38302.95,13223.94,62,OK,Female,4.3,OK
BMW-2220,30-01-2030,CORRUPTED,2021,6,Q2,UAE,UAE,Abu Dhabi Motors,BMW X7,SUV,Diesel,Individual,Individual,AED,AED,1,404300.13,3.69,404300.13,OK,101075.03,75560.06,25514.97,64,OK,Male,4.3,OK
BMW-4055,29-01-2030,CORRUPTED,2023,7,Q3,China,China,Guangzhou BMW,BMW X3,SUV,Petrol,individual,Individual,CNY,CNY,1,403823.04,3.05,403823.04,OK,51116.84,37961.52,13155.32,27,OK,Female,4.3,OK
BMW-4521,05-01-2030,CORRUPTED,2024,1,Q1,Germany,Germany,AutohaUSA Berlin,BMW X3,SUV,Diesel,corporate fleet,Corporate Fleet,EUR,EUR,8,49719.88,6.2,397759.03,OK,397759.03,305300.44,92458.59,49,OK,Female,4.3,OK
BMW-5259,31-12-2029,CORRUPTED,2024,9,Q3,UK,UK,Manchester Prestige,BMW iX,Electric,Electric,corporate fleet,Corporate Fleet,gbp,GBP,5,79191.85,2.7,395959.23,OK,460417.71,340716.75,119700.95,53,OK,Female,4.3,OK
BMW-3020,21-11-2029,CORRUPTED,2022,6,Q2,Germany,Germany,AutohaUSA Berlin,BMW X3,SUV,Petrol,Government,Government,EUR,EUR,8,47905.58,7.38,383244.63,OK,383244.63,297917.89,85326.74,59,OK,Prefer not to say,4.3,OK
BMW-1992,11-11-2029,CORRUPTED,2021,3,Q1,USA,USA,Chicago Motors,BMW 5 Series,Sedan,Petrol,Lease,Lease,USD,USD,6,63290.61,7.45,379743.64,OK,348388.66,271038.84,77349.82,28,OK,Female,4.3,OK
BMW-3898,17-10-2029,CORRUPTED,2023,5,Q2,UAE,UAE,Abu Dhabi Motors,BMW 7 Series,Sedan,Diesel,Individual,Individual,AED,AED,1,372989.58,0.18,372989.58,OK,93247.39,67262.35,25985.05,66,OK,Male,4.3,OK
BMW-5482,29-08-2029,CORRUPTED,2024,12,Q4,Germany,Germany,AutohaUSA Berlin,BMW i4,Electric,Electric,Corporate Fleet,Corporate Fleet,EUR,EUR,5,71964.5,0.84,359822.49,OK,359822.49,261271.44,98551.05,42,OK,Female,4.3,OK
BMW-4719,26-08-2029,CORRUPTED,2024,3,Q1,USA,USA,New York BMW,BMW 5 Series,Sedan,Hybrid,Corporate Fleet,Corporate Fleet,USD,USD,6,59737,0.86,358421.98,OK,328827.5,238804.47,90023.03,52,OK,Female,4.3,OK
BMW-5345,12-08-2029,CORRUPTED,2024,10,Q4,UK,UK,Manchester Prestige,BMW X5,SUV,Hybrid,corporate fleet,Corporate Fleet,Gbp,GBP,6,59349.53,1.42,356097.19,OK,414066.5,302427.3,111639.21,62,OK,Prefer not to say,4.3,OK
BMW-2842,04-08-2029,CORRUPTED,2022,3,Q1,UAE,UAE,Abu Dhabi Motors,BMW iX,Electric,Electric,Individual,Individual,AED,AED,1,354200.49,6.23,354200.49,OK,88550.12,67990.63,20559.49,31,OK,Male,4.3,OK
BMW-3946,30-07-2029,CORRUPTED,2023,6,Q2,USA,USA,Miami Auto Group,BMW i4,Electric,Electric,Government,Government,USD,USD,5,70687.36,3.39,353436.81,OK,324253.96,241651.67,82602.29,25,OK,Prefer not to say,4.3,OK
BMW-5397,16-07-2029,CORRUPTED,2024,11,Q4,Germany,Germany,AutohaUSA Berlin,BMW X5,SUV,Petrol,Corporate Fleet,Corporate Fleet,EUR,EUR,5,70039.02,2.38,350195.09,OK,350195.09,258291.2,91903.9,61,OK,Female,4.3,OK
BMW-2041,04-07-2029,CORRUPTED,2021,4,Q2,Germany,Germany,BMW Munich HQ,BMW i4,Electric,Electric,Lease,Lease,EUR,EUR,5,69431.22,2.17,347156.12,OK,347156.12,255501.74,91654.38,28,OK,Female,4.3,OK
BMW-1911,22-06-2029,CORRUPTED,2021,2,Q1,Germany,Germany,AutohaUSA Berlin,BMW M3,M Sport,Diesel,Corporate Fleet,Corporate Fleet,EUR,EUR,4,86206.55,3.64,344826.2,OK,344826.2,257657.13,87169.07,69,OK,Female,4.3,OK
BMW-3242,04-06-2029,CORRUPTED,2022,9,Q3,Germany,Germany,AutohaUSA Berlin,BMW 3 Series,Sedan,Diesel,Lease,Lease,EUR,EUR,8,42695.24,3.1,341561.89,OK,341561.89,253805.14,87756.75,60,OK,Prefer not to say,4.3,OK
BMW-5504,14-04-2029,CORRUPTED,2024,12,Q4,USA,USA,Beverly Hills BMW,BMW 5 Series,Sedan,Diesel,corporate fleet,Corporate Fleet,USD,USD,5,65709.57,3.42,328547.85,OK,301420.05,224697.5,76722.55,36,OK,Prefer not to say,4.3,OK
BMW-2017,26-03-2029,CORRUPTED,2021,3,Q1,UAE,UAE,Dubai BMW,BMW M3,M Sport,Diesel,individual,Individual,AED,AED,1,324396,5.85,324396,OK,81099,62020.66,19078.34,69,OK,Prefer not to say,4.3,OK
BMW-5540,14-12-2028,CORRUPTED,2024,12,Q4,China,China,Shanghai BMW,BMW 2 Series,Coupe,Petrol,Individual,Individual,CNY,CNY,1,300258.32,4.85,300258.32,OK,38007.38,28759.8,9247.59,39,OK,Male,4.3,OK
BMW-3017,12-11-2028,CORRUPTED,2022,6,Q2,Germany,Germany,Hamburg Drive,BMW X7,SUV,Petrol,Corporate Fleet,Corporate Fleet,EUR,EUR,3,96662.01,6.73,289986.03,OK,289986.03,223846.49,66139.55,60,OK,Female,4.3,OK
BMW-1022,04-11-2028,CORRUPTED,2020,1,Q1,USA,USA,Beverly Hills BMW,BMW iX,Electric,Electric,Government,Government,USD,USD,3,95989.06,0.93,287967.19,OK,264190.08,191996.58,72193.51,55,OK,Prefer not to say,4.3,OK
BMW-4674,26-10-2028,CORRUPTED,2024,2,Q1,UAE,UAE,Abu Dhabi Motors,BMW i4,Electric,Electric,Individual,Individual,AED,AED,1,284345.86,0.59,284345.86,OK,71086.46,51483.64,19602.82,26,OK,Male,4.3,OK
BMW-3373,29-09-2028,CORRUPTED,2022,11,Q4,Germany,Germany,Hamburg Drive,BMW X3,SUV,Diesel,Government,Government,EUR,EUR,5,54774.16,5.89,273870.79,OK,273870.79,209518.7,64352.09,40,OK,Prefer not to say,4.3,OK
BMW-2248,20-09-2028,CORRUPTED,2021,7,Q3,USA,USA,Miami Auto Group,BMW X3,SUV,Diesel,Lease,Lease,USD,USD,5,54223.57,4.31,271117.84,OK,248731.96,187147.77,61584.2,26,OK,Male,4.3,OK
BMW-5158,01-09-2028,CORRUPTED,2024,8,Q3,UK,UK,Edinburgh Motors,BMW 3 Series,Sedan,Hybrid,corporate fleet,Corporate Fleet,GBP,GBP,7,38083.78,1.02,266586.48,OK,309984.28,225491.71,84492.58,45,OK,Male,4.3,OK
BMW-1414,14-08-2028,CORRUPTED,2020,7,Q3,Germany,Germany,Stuttgart Motors,BMW 2 Series,Coupe,Hybrid,Lease,Lease,EUR,EUR,7,37212.75,4.76,260489.24,OK,260489.24,196917.26,63571.97,52,OK,Male,4.3,OK
BMW-1098,12-08-2028,CORRUPTED,2020,2,Q1,UK,UK,Manchester Prestige,BMW X3,SUV,Diesel,corporate fleet,Corporate Fleet,GBP,GBP,6,43322.11,0.15,259932.68,OK,302247.3,217935.75,84311.55,60,OK,Prefer not to say,4.3,OK
BMW-5489,11-08-2028,CORRUPTED,2024,12,Q4,USA,USA,Beverly Hills BMW,BMW 2 Series,Coupe,Petrol,Corporate Fleet,Corporate Fleet,USD,USD,7,37046.44,6.5,259325.09,OK,237912.93,183204.91,54708.02,49,OK,Male,4.3,OK
BMW-3196,12-07-2028,CORRUPTED,2022,8,Q3,UK,UK,London BMW Centre,BMW X5,SUV,Diesel,Corporate Fleet,Corporate Fleet,GBP,GBP,4,62761.39,1.37,251045.57,OK,291913.46,213088.66,78824.8,50,OK,Female,4.3,OK
BMW-2892,08-07-2028,CORRUPTED,2022,4,Q2,UK,UK,Edinburgh Motors,BMW X5,SUV,Hybrid,lease,Lease,GBP,GBP,4,62471.7,6.9,249886.81,OK,290566.06,224717.97,65848.09,37,OK,Female,4.3,OK
BMW-1054,30-06-2028,CORRUPTED,2020,1,Q1,UAE,UAE,Abu Dhabi Motors,BMW 5 Series,Sedan,Petrol,Individual,Individual,AED,AED,1,248355.44,0.07,248355.44,OK,62088.86,44736.9,17351.97,26,OK,Prefer not to say,4.3,OK
BMW-1552,13-06-2028,CORRUPTED,2020,9,Q3,USA,USA,Chicago Motors,BMW 2 Series,Coupe,Hybrid,Corporate Fleet,Corporate Fleet,USD,USD,6,40417.91,1.47,242507.45,OK,222483.9,162584.58,59899.32,68,OK,Male,4.3,OK
BMW-3634,19-05-2028,CORRUPTED,2023,2,Q1,UK,UK,Manchester Prestige,BMW 3 Series,Sedan,Diesel,Corporate Fleet,Corporate Fleet,Gbp,GBP,6,38979.32,0.8,233875.91,OK,271948.73,197377.86,74570.87,52,OK,Male,4.3,OK
BMW-5313,18-05-2028,CORRUPTED,2024,10,Q4,Germany,Germany,AutohaUSA Berlin,BMW M3,M Sport,Diesel,Government,Government,EUR,EUR,3,77945.31,3.97,233835.93,OK,233835.93,175321.94,58513.99,43,OK,Prefer not to say,4.3,OK
BMW-1026,10-05-2028,CORRUPTED,2020,1,Q1,USA,USA,Beverly Hills BMW,BMW 5 Series,Sedan,Petrol,corporate fleet,Corporate Fleet,USD,USD,4,58057.93,5.71,232231.7,OK,213056.61,162683.4,50373.2,27,OK,Female,4.3,OK
BMW-2221,16-04-2028,CORRUPTED,2021,6,Q2,UAE,UAE,Dubai BMW,BMW X3,SUV,Diesel,Individual,Individual,AED,AED,1,225195.55,0.84,225195.55,OK,56298.89,40879.9,15418.98,37,OK,Male,4.3,OK
BMW-4599,05-04-2028,CORRUPTED,2024,1,Q1,UAE,UAE,Dubai BMW,BMW X3,SUV,Diesel,Individual,Individual,AED,AED,1,223066.46,6.37,223066.46,OK,55766.62,42884.86,12881.75,53,OK,Female,4.3,OK
BMW-1077,03-04-2028,CORRUPTED,2020,2,Q1,Germany,Germany,Hamburg Drive,BMW X3,SUV,Diesel,lease,Lease,EUR,EUR,4,55409.14,0.24,221636.54,OK,221636.54,159968.64,61667.91,39,OK,Female,4.3,OK
BMW-3172,16-03-2028,CORRUPTED,2022,8,Q3,USA,USA,Beverly Hills BMW,BMW 3 Series,Sedan,Petrol,Lease,Lease,USD,USD,5,43444.49,6.17,217222.46,OK,199286.66,152922.61,46364.04,49,OK,Prefer not to say,4.3,OK
BMW-4978,15-03-2028,CORRUPTED,2024,6,Q2,USA,USA,Miami Auto Group,BMW i4,Electric,Electric,Government,Government,USD,USD,3,72237.58,7.51,216712.74,OK,198819.03,154768.01,44051.02,0,BAD AGE,Female,4.3,OK
BMW-1856,01-03-2028,CORRUPTED,2021,1,Q1,USA,USA,Miami Auto Group,BMW 7 Series,Sedan,Petrol,corporate fleet,Corporate Fleet,USD,USD,2,106701.41,4.26,213402.83,OK,195782.41,147235.62,48546.79,70,OK,Male,4.3,OK
BMW-2820,03-02-2028,CORRUPTED,2022,3,Q1,UK,UK,London BMW Centre,BMW M3,M Sport,Diesel,Government,Government,GBP,GBP,3,68986.11,7.48,206958.34,OK,240649.23,187272.78,53376.45,47,OK,Female,4.3,OK
BMW-4049,24-01-2028,CORRUPTED,2023,7,Q3,UK,UK,London BMW Centre,BMW i4,Electric,Electric,Lease,Lease,GBP,GBP,4,51114.5,7.76,204458,OK,237741.86,185571.85,52170.01,55,OK,Female,4.3,OK
BMW-4222,15-12-2027,CORRUPTED,2023,9,Q3,UK,UK,Edinburgh Motors,BMW X5,SUV,Diesel,government,Government,GBP,GBP,3,65051.29,3.11,195153.88,OK,226923.12,168634.78,58288.34,37,OK,Prefer not to say,4.3,OK
BMW-1357,05-12-2027,CORRUPTED,2020,6,Q2,USA,USA,Chicago Motors,BMW 5 Series,Sedan,Diesel,lease,Lease,USD,USD,3,64084.04,7.27,192252.12,OK,176378.09,136951.71,39426.38,40,OK,Prefer not to say,4.3,OK
BMW-3289,17-11-2027,CORRUPTED,2022,9,Q3,UAE,UAE,Dubai BMW,BMW 3 Series,Sedan,Diesel,Corporate Fleet,Corporate Fleet,AED,AED,1,186102.14,3.97,186102.14,OK,46525.53,34881.7,11643.83,50,OK,Female,4.3,OK
BMW-1059,29-10-2027,CORRUPTED,2020,1,Q1,UAE,UAE,Abu Dhabi Motors,BMW 3 Series,Sedan,Hybrid,Individual,Individual,AED,AED,1,177564.46,4.55,177564.46,OK,44391.11,33483.94,10907.18,67,OK,Male,4.3,OK
BMW-4411,20-10-2027,CORRUPTED,2023,11,Q4,Australia,Australia,Sydney BMW,BMW 7 Series,Sedan,Diesel,Individual,Individual,AUD,AUD,1,173353.09,2.95,173353.09,OK,105062.48,77943.87,27118.6,49,OK,Male,4.3,OK
BMW-3514,16-09-2027,CORRUPTED,2022,12,Q4,UAE,UAE,Dubai BMW,BMW 3 Series,Sedan,Petrol,Individual,Individual,AED,AED,1,162227.91,1.77,162227.91,OK,40556.98,29726.89,10830.09,52,OK,Male,4.3,OK
BMW-3752,13-09-2027,CORRUPTED,2023,3,Q1,UAE,UAE,Abu Dhabi Motors,BMW 3 Series,Sedan,Diesel,Individual,Individual,AED,AED,1,160625.88,1.88,160625.88,OK,40156.47,29467.76,10688.71,27,OK,Male,4.3,OK
BMW-5476,10-09-2027,CORRUPTED,2024,12,Q4,Germany,Germany,Hamburg Drive,BMW X5,SUV,Diesel,Corporate Fleet,Corporate Fleet,EUR,EUR,2,80246.94,2.56,160493.89,OK,160493.89,118585.92,41907.97,63,OK,Female,4.3,OK
BMW-1963,29-06-2027,CORRUPTED,2021,2,Q1,Australia,Australia,Sydney BMW,BMW 7 Series,Sedan,Petrol,Individual,Individual,AUD,AUD,1,144317.84,3.59,144317.84,OK,87465.36,65321.61,22143.75,58,OK,Prefer not to say,4.3,OK
BMW-2751,28-06-2027,CORRUPTED,2022,2,Q1,USA,USA,Chicago Motors,BMW 3 Series,Sedan,Petrol,Corporate Fleet,Corporate Fleet,USD,USD,3,48071.66,0.71,144214.99,OK,132307.33,95947.03,36360.3,44,OK,Male,4.3,OK
BMW-1923,17-06-2027,CORRUPTED,2021,2,Q1,USA,USA,Dallas BMW,BMW M5,M Sport,Petrol,Individual,Individual,USD,USD,1,141626.45,0.68,141626.45,OK,129932.52,94192.7,35739.82,27,OK,Male,4.3,OK
BMW-2964,24-05-2027,CORRUPTED,2022,5,Q2,USA,USA,Beverly Hills BMW,BMW 3 Series,Sedan,Petrol,Lease,Lease,USD,USD,3,45281.41,4.85,135844.22,OK,124627.72,94309.28,30318.45,45,OK,Male,4.3,OK
BMW-1009,19-05-2027,CORRUPTED,2020,1,Q1,Germany,Germany,BMW Munich HQ,BMW 2 Series,Coupe,Petrol,Corporate Fleet,Corporate Fleet,EUR,EUR,4,33816.48,7.59,135265.92,OK,135265.92,105391.85,29874.07,54,OK,Female,4.3,OK
BMW-1416,17-05-2027,CORRUPTED,2020,7,Q3,USA,USA,Beverly Hills BMW,BMW i7,Electric,Electric,Individual,Individual,USD,USD,1,135109.1,5.54,135109.1,OK,123953.3,94480.09,29473.21,32,OK,Male,4.3,OK
BMW-4630,03-05-2027,CORRUPTED,2024,2,Q1,USA,USA,New York BMW,BMW i7,Electric,Electric,individual,Individual,USD,USD,1,132168.01,3.19,132168.01,OK,121255.05,90179.72,31075.34,70,OK,Female,4.3,OK
BMW-2370,13-02-2027,CORRUPTED,2021,9,Q3,Germany,Germany,AutohaUSA Berlin,BMW M5,M Sport,Hybrid,Individual,Individual,EUR,EUR,1,119891.54,4.66,119891.54,OK,119891.54,90537.86,29353.68,55,OK,Female,4.3,OK
BMW-3926,08-02-2027,CORRUPTED,2023,6,Q2,Germany,Germany,BMW Munich HQ,BMW 2 Series,Coupe,Diesel,Corporate Fleet,Corporate Fleet,EUR,EUR,3,39857.72,6.09,119573.15,OK,119573.15,91680.05,27893.09,67,OK,Male,4.3,OK
BMW-4127,20-01-2027,CORRUPTED,2023,8,Q3,USA,USA,Chicago Motors,BMW i7,Electric,Electric,Individual,Individual,USD,USD,1,116137.88,7.8,116137.88,OK,106548.52,83203.99,23344.52,62,OK,Prefer not to say,4.3,OK
BMW-2247,11-01-2027,CORRUPTED,2021,7,Q3,USA,USA,Chicago Motors,BMW X7,SUV,Diesel,individual,Individual,USD,USD,1,115164.46,6.04,115164.46,OK,105655.47,80959.08,24696.39,53,OK,Female,4.3,OK
BMW-5063,09-01-2027,CORRUPTED,2024,7,Q3,USA,USA,Beverly Hills BMW,BMW X3,SUV,Hybrid,Corporate Fleet,Corporate Fleet,USD,USD,2,57371.98,5.93,114743.96,OK,105269.69,80569.14,24700.55,52,OK,Male,4.3,OK
BMW-3721,04-01-2027,CORRUPTED,2023,3,Q1,UK,UK,Manchester Prestige,BMW i7,Electric,Electric,Individual,Individual,GBP,GBP,1,113945.22,3.95,113945.22,OK,132494.44,99317.04,33177.4,42,OK,Female,4.3,OK
BMW-1018,25-11-2026,CORRUPTED,2020,1,Q1,USA,USA,Miami Auto Group,BMW X3,SUV,Petrol,Government,Government,USD,USD,2,54554.65,4.34,109109.3,OK,100100.27,75343.28,24757,65,OK,Female,4.3,OK
BMW-4257,22-11-2026,CORRUPTED,2023,9,Q3,Australia,Australia,Sydney BMW,BMW X5,SUV,Petrol,Individual,Individual,AUD,AUD,1,108772.03,7.78,108772.03,OK,65922.44,51466.36,14456.09,67,OK,Female,4.3,OK
BMW-5458,10-11-2026,CORRUPTED,2024,11,Q4,Australia,Australia,Melbourne Auto Group,BMW X5,SUV,Petrol,Individual,Individual,AUD,AUD,1,107659.12,6.96,107659.12,OK,65247.95,50494.15,14753.81,49,OK,Female,4.3,OK
BMW-3452,08-11-2026,CORRUPTED,2022,12,Q4,Germany,Germany,BMW Munich HQ,BMW X7,SUV,Diesel,Corporate Fleet,Corporate Fleet,EUR,EUR,1,107526.33,0.47,107526.33,OK,107526.33,77781.71,29744.62,68,OK,Prefer not to say,4.3,OK
BMW-3848,22-10-2026,CORRUPTED,2023,5,Q2,Germany,Germany,AutohaUSA Berlin,BMW X7,SUV,Hybrid,Individual,Individual,EUR,EUR,1,105840.45,1.08,105840.45,OK,105840.45,77033.58,28806.87,36,OK,Prefer not to say,4.3,OK
BMW-2103,05-10-2026,CORRUPTED,2021,5,Q2,USA,USA,New York BMW,BMW 7 Series,Sedan,Diesel,individual,Individual,USD,USD,1,104260.5,6.56,104260.5,OK,95651.83,73704.75,21947.08,52,OK,Prefer not to say,4.3,OK
BMW-5018,02-10-2026,CORRUPTED,2024,6,Q2,Australia,Australia,Melbourne Auto Group,BMW 5 Series,Sedan,Diesel,individual,Individual,AUD,AUD,1,103783.68,5.59,103783.68,OK,62899.2,47968.79,14930.41,26,OK,Female,4.3,OK
BMW-1996,01-10-2026,CORRUPTED,2021,3,Q1,UK,UK,London BMW Centre,BMW M5,M Sport,Diesel,individual,Individual,GBP,GBP,1,103620.57,0.83,103620.57,OK,120489.04,87474.75,33014.28,34,OK,Male,4.3,OK
BMW-2320,10-09-2026,CORRUPTED,2021,8,Q3,USA,USA,New York BMW,BMW X7,SUV,Petrol,Individual,Individual,USD,USD,1,101840.15,3.04,101840.15,OK,93431.33,69378.2,24053.13,70,OK,Female,4.3,OK
BMW-5495,05-09-2026,CORRUPTED,2024,12,Q4,USA,USA,Beverly Hills BMW,BMW 3 Series,Sedan,Diesel,Lease,Lease,USD,USD,2,50593.84,4.55,101187.67,OK,92832.73,70024.88,22807.85,70,OK,Male,4.3,OK
BMW-4040,31-08-2026,CORRUPTED,2023,7,Q3,USA,USA,Dallas BMW,BMW X7,SUV,Hybrid,Individual,Individual,USD,USD,1,100875.92,6.25,100875.92,OK,92546.72,71077.34,21469.38,31,OK,Prefer not to say,4.3,OK
BMW-1922,25-08-2026,CORRUPTED,2021,2,Q1,USA,USA,Miami Auto Group,BMW X7,SUV,Diesel,Individual,Individual,USD,USD,1,100054.33,2.68,100054.33,OK,91792.96,67912.51,23880.46,51,OK,Male,4.3,OK
BMW-2452,20-08-2026,CORRUPTED,2021,10,Q4,Germany,Germany,Stuttgart Motors,BMW 7 Series,Sedan,Petrol,Individual,Individual,EUR,EUR,1,99600.08,2.73,99600.08,OK,99600.08,73723,25877.08,50,OK,Prefer not to say,4.3,OK
BMW-1635,15-08-2026,CORRUPTED,2020,10,Q4,USA,USA,Miami Auto Group,BMW 7 Series,Sedan,Hybrid,Individual,Individual,USD,USD,1,98934.49,0.25,98934.49,OK,90765.59,65513.47,25252.12,55,OK,Female,4.3,OK
BMW-1483,25-07-2026,CORRUPTED,2020,8,Q3,USA,USA,Dallas BMW,BMW 3 Series,Sedan,Petrol,Corporate Fleet,Corporate Fleet,USD,USD,2,48605.05,7.35,97210.1,OK,89183.57,69307.23,19876.34,58,OK,Female,4.3,OK
BMW-4227,05-07-2026,CORRUPTED,2023,9,Q3,UK,UK,Edinburgh Motors,BMW i7,Electric,Electric,Individual,Individual,GBP,GBP,1,95965.04,7.13,95965.04,OK,111587.26,86510.91,25076.35,59,OK,Male,4.3,OK
BMW-5156,01-07-2026,CORRUPTED,2024,8,Q3,USA,USA,Beverly Hills BMW,BMW iX,Electric,Electric,Individual,Individual,USD,USD,1,95857.58,7.48,95857.58,OK,87942.73,68439.95,19502.78,61,OK,Prefer not to say,4.3,OK
BMW-2165,12-06-2026,CORRUPTED,2021,6,Q2,Germany,Germany,BMW Munich HQ,BMW X3,SUV,Diesel,Corporate Fleet,Corporate Fleet,EUR,EUR,2,47250.71,5.54,94501.42,OK,94501.42,72028.83,22472.59,48,OK,Prefer not to say,4.3,OK
BMW-5224,29-05-2026,CORRUPTED,2024,9,Q3,Germany,Germany,BMW Munich HQ,BMW iX,Electric,Electric,individual,Individual,eur,EUR,1,93841.12,6.05,93841.12,OK,93841.12,71919.8,21921.32,48,OK,Male,4.3,OK
BMW-3930,24-05-2026,CORRUPTED,2023,6,Q2,Germany,Germany,AutohaUSA Berlin,BMW 3 Series,Sedan,Hybrid,Lease,Lease,EUR,EUR,2,46766.54,4.44,93533.07,OK,93533.07,70469.93,23063.14,30,OK,Female,4.3,OK
BMW-2427,19-05-2026,CORRUPTED,2021,9,Q3,Australia,Australia,Melbourne Auto Group,BMW X3,SUV,Petrol,Lease,Lease,AUD,AUD,1,93245.33,2.88,93245.33,OK,56512.32,41894.34,14617.98,28,OK,Prefer not to say,4.3,OK
BMW-5015,07-05-2026,CORRUPTED,2024,6,Q2,Australia,Australia,Sydney BMW,BMW 5 Series,Sedan,Diesel,individual,Individual,AUD,AUD,1,92374.22,3.05,92374.22,OK,55984.38,41578.93,14405.45,68,OK,Prefer not to say,4.3,OK
BMW-4614,09-04-2026,CORRUPTED,2024,2,Q1,Germany,Germany,BMW Munich HQ,BMW iX,Electric,Electric,Individual,Individual,EUR,EUR,1,90866.9,6.15,90866.9,OK,90866.9,69708.43,21158.46,35,OK,Prefer not to say,4.3,OK
BMW-2318,23-01-2026,CORRUPTED,2021,8,Q3,USA,USA,Miami Auto Group,BMW X5,SUV,Hybrid,Corporate Fleet,Corporate Fleet,USD,USD,1,85118.52,0.97,85118.52,OK,78090.39,56776.05,21314.34,67,OK,Prefer not to say,4.3,OK
BMW-1694,13-01-2026,CORRUPTED,2020,11,Q4,USA,USA,New York BMW,BMW X5,SUV,Hybrid,Individual,Individual,USD,USD,1,84340.19,0.39,84340.19,OK,77376.32,55926.54,21449.78,48,OK,Male,4.3,OK
BMW-3609,26-12-2025,CORRUPTED,2023,2,Q1,Germany,Germany,AutohaUSA Berlin,BMW M3,M Sport,Petrol,Individual,Individual,EUR,EUR,1,83415.29,7.51,83415.29,OK,83415.29,64934.76,18480.54,61,OK,Female,4.3,OK
BMW-3704,28-10-2025,CORRUPTED,2023,3,Q1,USA,USA,Miami Auto Group,BMW X5,SUV,Hybrid,Individual,Individual,USD,USD,1,79681.43,7.26,79681.43,OK,73102.22,56756.56,16345.67,49,OK,Female,4.3,OK
BMW-4030,16-10-2025,CORRUPTED,2023,7,Q3,USA,USA,Chicago Motors,BMW X5,SUV,Petrol,Individual,Individual,USD,USD,1,79150.05,3.6,79150.05,OK,72614.73,54237.87,18376.85,62,OK,Male,4.3,OK
BMW-1193,10-10-2025,CORRUPTED,2020,3,Q1,Australia,Australia,Sydney BMW,BMW X3,SUV,Diesel,individual,Individual,AUD,AUD,1,78570.12,6.36,78570.12,OK,47618.25,36614.62,11003.64,45,OK,Prefer not to say,4.3,OK
BMW-2329,04-10-2025,CORRUPTED,2021,8,Q3,UK,UK,Manchester Prestige,BMW 7 Series,Sedan,Hybrid,Individual,Individual,GBP,GBP,1,78329.52,3.87,78329.52,OK,91080.84,68216.82,22864.02,65,OK,Male,4.3,OK
BMW-4183,01-10-2025,CORRUPTED,2023,9,Q3,Germany,Germany,AutohaUSA Berlin,BMW X5,SUV,Hybrid,Individual,Individual,EUR,EUR,1,78211.28,5.36,78211.28,OK,78211.28,59502.72,18708.56,26,OK,Male,4.3,OK
BMW-2048,14-09-2025,CORRUPTED,2021,4,Q2,USA,USA,Miami Auto Group,BMW X5,SUV,Petrol,Individual,Individual,USD,USD,1,77325.82,4.24,77325.82,OK,70941.12,53338.93,17602.2,68,OK,Female,4.3,OK
BMW-2451,11-09-2025,CORRUPTED,2021,10,Q4,Germany,Germany,AutohaUSA Berlin,BMW X5,SUV,Diesel,Individual,Individual,EUR,EUR,1,77258.69,2.2,77258.69,OK,77258.69,56878.02,20380.67,36,OK,Prefer not to say,4.3,OK
BMW-1932,07-06-2025,CORRUPTED,2021,2,Q1,UK,UK,Manchester Prestige,BMW M3,M Sport,Diesel,Individual,Individual,GBP,GBP,1,72143.68,4.04,72143.68,OK,83888,62944.89,20943.1,64,OK,Female,4.3,OK
BMW-3550,21-04-2025,CORRUPTED,2023,1,Q1,USA,USA,Dallas BMW,BMW i4,Electric,Electric,Individual,Individual,USD,USD,1,69091.81,4.44,69091.81,OK,63386.98,47758.77,15628.21,33,OK,Prefer not to say,4.3,OK
BMW-2094,19-04-2025,CORRUPTED,2021,5,Q2,Germany,Germany,AutohaUSA Berlin,BMW i4,Electric,Electric,Individual,Individual,EUR,EUR,1,68837.55,2.52,68837.55,OK,68837.55,50845.31,17992.24,43,OK,Male,4.3,OK
BMW-1920,27-03-2025,CORRUPTED,2021,2,Q1,USA,USA,New York BMW,BMW 5 Series,Sedan,Hybrid,individual,Individual,USD,USD,1,67792.65,2.29,67792.65,OK,62195.09,45830.98,16364.11,50,OK,Female,4.3,OK
BMW-4864,09-03-2025,CORRUPTED,2024,5,Q2,Germany,Germany,AutohaUSA Berlin,BMW X5,SUV,Hybrid,Individual,Individual,EUR,EUR,1,66741.47,7.32,66741.47,OK,66741.47,51851.53,14889.94,33,OK,Male,4.3,OK
BMW-1482,06-03-2025,CORRUPTED,2020,8,Q3,USA,USA,New York BMW,BMW 5 Series,Sedan,Petrol,individual,Individual,USD,USD,1,66664.16,2.29,66664.16,OK,61159.78,45065.81,16093.97,45,OK,Male,4.3,OK
BMW-4306,28-02-2025,CORRUPTED,2023,10,Q4,UK,UK,Manchester Prestige,BMW X5,SUV,Diesel,Individual,Individual,GBP,GBP,1,66516.43,5.73,66516.43,OK,77344.69,59076,18268.68,58,OK,Female,4.3,OK
BMW-3329,22-02-2025,CORRUPTED,2022,10,Q4,UK,UK,Manchester Prestige,BMW X5,SUV,Petrol,Individual,Individual,GBP,GBP,1,66380.08,0.1,66380.08,OK,77186.14,55630.79,21555.35,57,OK,Prefer not to say,4.3,OK
BMW-4705,03-02-2025,CORRUPTED,2024,3,Q1,USA,USA,Chicago Motors,BMW 5 Series,Sedan,Petrol,Individual,Individual,USD,USD,1,65400.28,2.26,65400.28,OK,60000.26,44199.08,15801.18,28,OK,Male,4.3,OK
BMW-4110,01-02-2025,CORRUPTED,2023,8,Q3,Germany,Germany,AutohaUSA Berlin,BMW X5,SUV,Hybrid,Individual,Individual,EUR,EUR,1,65320.11,4.75,65320.11,OK,65320.11,49375.43,15944.68,36,OK,Female,4.3,OK
BMW-2723,23-01-2025,CORRUPTED,2022,1,Q1,Australia,Australia,Melbourne Auto Group,BMW 3 Series,Sedan,Diesel,Individual,Individual,AUD,AUD,1,64835.3,5.83,64835.3,OK,39294.12,30042.64,9251.48,56,OK,Female,4.3,OK
BMW-2799,29-12-2024,CORRUPTED,2022,3,Q1,USA,USA,Beverly Hills BMW,BMW 5 Series,Sedan,Petrol,Individual,Individual,USD,USD,1,63964.48,3.33,63964.48,OK,58683.01,43706.57,14976.44,57,OK,Female,4.3,OK
BMW-4219,11-12-2024,CORRUPTED,2023,9,Q3,UK,UK,Edinburgh Motors,BMW i4,Electric,Electric,Individual,Individual,GBP,GBP,1,63041.53,0.62,63041.53,OK,73304.1,53108.96,20195.14,52,OK,Male,4.3,OK
BMW-4716,09-12-2024,CORRUPTED,2024,3,Q1,USA,USA,Dallas BMW,BMW 5 Series,Sedan,Diesel,Individual,Individual,USD,USD,1,62995.21,1.13,62995.21,OK,57793.77,42085.38,15708.4,43,OK,Female,4.3,OK
BMW-4010,08-11-2024,CORRUPTED,2023,7,Q3,Germany,Germany,Hamburg Drive,BMW 5 Series,Sedan,Hybrid,Individual,Individual,EUR,EUR,1,61924.71,2.52,61924.71,OK,61924.71,45736.44,16188.28,68,OK,Female,4.3,OK
BMW-4526,02-11-2024,CORRUPTED,2024,1,Q1,Germany,Germany,Hamburg Drive,BMW 5 Series,Sedan,Diesel,individual,Individual,EUR,EUR,1,61722.3,6.04,61722.3,OK,61722.3,47296.51,14425.79,25,OK,Female,4.3,OK
BMW-3409,03-10-2024,CORRUPTED,2022,11,Q4,UK,UK,Edinburgh Motors,BMW X5,SUV,Hybrid,Individual,Individual,GBP,GBP,1,60758.8,2.29,60758.8,OK,70649.76,52057.35,18592.42,27,OK,Male,4.3,OK
BMW-5423,27-09-2024,CORRUPTED,2024,11,Q4,UK,UK,Edinburgh Motors,BMW X5,SUV,Diesel,Individual,Individual,GBP,GBP,1,60473.74,4.68,60473.74,OK,70318.3,53114.56,17203.74,38,OK,Prefer not to say,4.3,OK
BMW-2308,13-09-2024,CORRUPTED,2021,8,Q3,USA,USA,Chicago Motors,BMW 5 Series,Sedan,Diesel,Individual,Individual,USD,USD,1,59953.67,2.62,59953.67,OK,55003.37,40669.07,14334.3,49,OK,Male,4.3,OK
BMW-3948,10-09-2024,CORRUPTED,2023,6,Q2,USA,USA,Chicago Motors,BMW X3,SUV,Diesel,individual,Individual,USD,USD,1,59802.68,4.88,59802.68,OK,54864.84,41528.25,13336.6,53,OK,Prefer not to say,4.3,OK
BMW-1190,20-08-2024,CORRUPTED,2020,3,Q1,Australia,Australia,Sydney BMW,BMW 2 Series,Coupe,Diesel,Individual,Individual,AUD,AUD,1,59185.09,7.44,59185.09,OK,35869.75,27901.01,7968.75,33,OK,Female,4.3,OK
BMW-5515,04-07-2024,CORRUPTED,2024,12,Q4,USA,USA,Beverly Hills BMW,BMW X3,SUV,Petrol,Individual,Individual,USD,USD,1,57837.38,5.86,57837.38,OK,53061.82,40584.14,12477.67,31,OK,Prefer not to say,4.3,OK
BMW-3775,22-06-2024,CORRUPTED,2023,4,Q2,USA,USA,New York BMW,BMW X3,SUV,Petrol,Individual,Individual,USD,USD,1,57576.1,4.24,57576.1,OK,52822.11,39715.12,13106.98,34,OK,Prefer not to say,4.3,OK
BMW-2953,11-05-2024,CORRUPTED,2022,5,Q2,USA,USA,Beverly Hills BMW,BMW X3,SUV,Diesel,Individual,Individual,USD,USD,1,56305.96,5.34,56305.96,OK,51656.84,39290.79,12366.05,34,OK,Female,4.3,OK
BMW-4772,21-04-2024,CORRUPTED,2024,4,Q2,Germany,Germany,Stuttgart Motors,BMW X3,SUV,Hybrid,individual,Individual,EUR,EUR,1,55700.41,6.24,55700.41,OK,55700.41,42772.02,12928.39,44,OK,Male,4.3,OK
BMW-1133,17-04-2024,CORRUPTED,2020,3,Q1,Germany,Germany,Hamburg Drive,BMW 5 Series,Sedan,Diesel,Individual,Individual,EUR,EUR,1,55478.13,7.46,55478.13,OK,55478.13,43165.17,12312.97,45,OK,Prefer not to say,4.3,OK
BMW-1141,09-04-2024,CORRUPTED,2020,3,Q1,Germany,Germany,BMW Munich HQ,BMW X3,SUV,Diesel,Individual,Individual,EUR,EUR,1,55199.9,6.8,55199.9,OK,55199.9,42642.41,12557.49,34,OK,Male,4.3,OK
BMW-4520,27-03-2024,CORRUPTED,2024,1,Q1,Germany,Germany,BMW Munich HQ,BMW X3,SUV,Hybrid,Individual,Individual,EUR,EUR,1,54891.26,5.52,54891.26,OK,54891.26,41830.73,13060.53,64,OK,Prefer not to say,4.3,OK
BMW-5380,05-03-2024,CORRUPTED,2024,11,Q4,Germany,Germany,BMW Munich HQ,BMW 5 Series,Sedan,Diesel,Individual,Individual,EUR,EUR,1,54071.12,5.02,54071.12,OK,54071.12,40989.28,13081.84,51,OK,Male,4.3,OK
BMW-2750,12-02-2024,CORRUPTED,2022,2,Q1,USA,USA,New York BMW,BMW X3,SUV,Petrol,Corporate Fleet,Corporate Fleet,USD,USD,1,53273.93,5.67,53273.93,OK,48875.16,37305.8,11569.36,26,OK,Prefer not to say,4.3,OK
BMW-1339,05-02-2024,CORRUPTED,2020,6,Q2,Germany,Germany,Hamburg Drive,BMW X3,SUV,Petrol,Individual,Individual,EUR,EUR,1,53181.75,6.41,53181.75,OK,53181.75,40915.08,12266.67,34,OK,Male,4.3,OK
BMW-4290,01-02-2024,CORRUPTED,2023,10,Q4,USA,USA,New York BMW,BMW X3,SUV,Petrol,Individual,Individual,USD,USD,1,53089.4,2.51,53089.4,OK,48705.87,35970.08,12735.79,29,OK,Female,4.3,OK
BMW-3932,25-01-2024,CORRUPTED,2023,6,Q2,Germany,Germany,Stuttgart Motors,BMW X3,SUV,Hybrid,Individual,Individual,EUR,EUR,1,52803.86,7.24,52803.86,OK,52803.86,40987.84,11816.02,61,OK,Prefer not to say,4.3,OK
BMW-3190,19-01-2024,CORRUPTED,2022,8,Q3,UK,UK,Edinburgh Motors,BMW 5 Series,Sedan,Petrol,Individual,Individual,GBP,GBP,1,52464.02,0.41,52464.02,OK,61004.67,44105.73,16898.94,69,OK,Female,4.3,OK
BMW-1754,09-01-2024,CORRUPTED,2020,12,Q4,Germany,Germany,AutohaUSA Berlin,BMW X3,SUV,Hybrid,individual,Individual,EUR,EUR,1,52190.43,3.98,52190.43,OK,52190.43,39134.8,13055.63,47,OK,Female,4.3,OK
BMW-2369,08-12-2023,CORRUPTED,2021,9,Q3,Germany,Germany,BMW Munich HQ,BMW X3,SUV,Petrol,Individual,Individual,EUR,EUR,1,50644.18,7.28,50644.18,OK,50644.18,39326.57,11317.62,56,OK,Prefer not to say,4.3,OK
BMW-3027,28-11-2023,CORRUPTED,2022,6,Q2,USA,USA,Miami Auto Group,BMW 3 Series,Sedan,Diesel,Individual,Individual,USD,USD,1,50186.06,2.41,50186.06,OK,46042.25,33969.02,12073.23,56,OK,Male,4.3,OK
BMW-3245,27-11-2023,CORRUPTED,2022,9,Q3,USA,USA,Beverly Hills BMW,BMW 3 Series,Sedan,Petrol,Individual,Individual,USD,USD,1,50160.05,5.25,50160.05,OK,46018.4,34968.82,11049.58,31,OK,Prefer not to say,4.3,OK
BMW-4988,10-11-2023,CORRUPTED,2024,6,Q2,UK,UK,Edinburgh Motors,BMW 5 Series,Sedan,Petrol,Individual,Individual,GBP,GBP,1,49503.41,4.09,49503.41,OK,57562.11,43210.66,14351.45,35,OK,Female,4.3,OK
BMW-5053,09-11-2023,CORRUPTED,2024,7,Q3,USA,USA,Miami Auto Group,BMW 3 Series,Sedan,Diesel,Individual,Individual,USD,USD,1,49491.63,3.56,49491.63,OK,45405.16,33899.4,11505.76,63,OK,Prefer not to say,4.3,OK
BMW-2667,06-10-2023,CORRUPTED,2022,1,Q1,Germany,Germany,Hamburg Drive,BMW 3 Series,Sedan,Diesel,Individual,Individual,eur,EUR,1,48129.69,0.48,48129.69,OK,48129.69,34819.85,13309.84,33,OK,Female,4.3,OK
BMW-1492,09-09-2023,CORRUPTED,2020,8,Q3,USA,USA,Miami Auto Group,BMW 3 Series,Sedan,Hybrid,Corporate Fleet,Corporate Fleet,USD,USD,1,47077.23,5.51,47077.23,OK,43190.12,32910.62,10279.5,49,OK,Female,4.3,OK
BMW-3681,06-09-2023,CORRUPTED,2023,3,Q1,Germany,Germany,Stuttgart Motors,BMW 3 Series,Sedan,Petrol,Individual,Individual,EUR,EUR,1,46909.01,1.55,46909.01,OK,46909.01,34306.2,12602.81,47,OK,Prefer not to say,4.3,OK
BMW-5144,26-06-2023,CORRUPTED,2024,8,Q3,USA,USA,Chicago Motors,BMW 2 Series,Coupe,Hybrid,Individual,Individual,USD,USD,1,44530.14,5.14,44530.14,OK,40853.34,31008.86,9844.48,57,OK,Prefer not to say,4.3,OK
BMW-4804,04-06-2023,CORRUPTED,2024,4,Q2,UK,UK,Manchester Prestige,BMW X3,SUV,Petrol,Individual,Individual,gbp,GBP,1,43933.42,3.61,43933.42,OK,51085.37,38158.87,12926.5,46,OK,Female,4.3,OK
BMW-2821,30-05-2023,CORRUPTED,2022,3,Q1,UK,UK,Manchester Prestige,BMW X3,SUV,Petrol,Individual,Individual,GBP,GBP,1,43643.15,3.44,43643.15,OK,50747.85,37838.42,12909.43,36,OK,Female,4.3,OK
BMW-5253,26-05-2023,CORRUPTED,2024,9,Q3,USA,USA,Miami Auto Group,BMW 2 Series,Coupe,Hybrid,individual,Individual,USD,USD,1,43393.92,7.98,43393.92,OK,39810.94,31149.13,8661.81,42,OK,Female,4.3,OK
BMW-3694,24-05-2023,CORRUPTED,2023,3,Q1,Germany,Germany,Hamburg Drive,BMW 3 Series,Sedan,Hybrid,Individual,Individual,EUR,EUR,1,43356.65,3.07,43356.65,OK,43356.65,32206.68,11149.97,31,OK,Female,4.3,OK
BMW-2097,08-05-2023,CORRUPTED,2021,5,Q2,Germany,Germany,BMW Munich HQ,BMW 3 Series,Sedan,Hybrid,Individual,Individual,EUR,EUR,1,42512.01,5.84,42512.01,OK,42512.01,32507.75,10004.26,45,OK,Male,4.3,OK
BMW-2471,02-04-2023,CORRUPTED,2021,10,Q4,UK,UK,Edinburgh Motors,BMW X3,SUV,Hybrid,individual,Individual,GBP,GBP,1,40955.53,4.58,40955.53,OK,47622.71,35934.95,11687.76,59,OK,Prefer not to say,4.3,OK
BMW-1136,17-03-2023,CORRUPTED,2020,3,Q1,Germany,Germany,Hamburg Drive,BMW 3 Series,Sedan,Petrol,individual,Individual,EUR,EUR,1,40140.48,4.75,40140.48,OK,40140.48,30343.38,9797.1,66,OK,Male,4.3,OK
BMW-4117,14-03-2023,CORRUPTED,2023,8,Q3,USA,USA,Miami Auto Group,BMW 2 Series,Coupe,Hybrid,Individual,Individual,USD,USD,1,39955.57,0.17,39955.57,OK,36656.49,26436.76,10219.73,62,OK,Male,4.3,OK
BMW-1363,11-03-2023,CORRUPTED,2020,6,Q2,UK,UK,Manchester Prestige,BMW 3 Series,Sedan,Hybrid,Individual,Individual,GBP,GBP,1,39839.1,3.45,39839.1,OK,46324.53,34544.45,11780.09,65,OK,Male,4.3,OK
BMW-4518,27-10-2022,CORRUPTED,2024,1,Q1,Germany,Germany,Hamburg Drive,BMW 3 Series,Sedan,Diesel,Government,Government,EUR,EUR,5,46947.41,3.68,2347.3704,OK,234737.04,175459.71,59277.33,55,OK,Prefer not to say,4.3,OK
BMW-4601,16-10-2022,CORRUPTED,2024,1,Q1,Australia,Australia,Melbourne Auto Group,BMW 3 Series,Sedan,Diesel,Individual,Individual,AUD,AUD,1,66054.43,3.72,660.5443,OK,40032.99,29936.28,10096.71,34,OK,Male,4.3,OK
BMW-5228,09-10-2022,CORRUPTED,2024,9,Q3,USA,USA,Dallas BMW,BMW X3,SUV,Petrol,Individual,Individual,USD,USD,1,56074.15,3.78,560.7415,OK,51444.18,38493.12,12951.06,39,OK,Female,4.3,OK
BMW-3785,23-09-2022,CORRUPTED,2023,4,Q2,USA,USA,Dallas BMW,BMW 2 Series,Coupe,Diesel,Lease,Lease,USD,USD,1,40917.93,3.12,-40917.93,BAD REVENUE,37539.38,27897.76,9641.62,29,OK,Male,4.3,OK
BMW-2033,03-09-2022,CORRUPTED,2021,4,Q2,Germany,Germany,Stuttgart Motors,BMW i4,Electric,Electric,Lease,Lease,EUR,EUR,6,64666.69,0.19,-388000.11,BAD REVENUE,388000.11,279890.93,108109.19,31,OK,Female,4.3,OK
BMW-4154,25-08-2022,CORRUPTED,2023,8,Q3,China,China,Shanghai BMW,BMW M5,M Sport,Petrol,Individual,Individual,CNY,CNY,1,875501.11,6.96,-875501.11,BAD REVENUE,110822.93,85760.12,25062.8,41,OK,Male,4.3,OK
BMW-3673,21-08-2022,CORRUPTED,2023,2,Q1,South Africa,South Africa,Cape Town BMW,BMW M5,M Sport,Diesel,Individual,Individual,ZAR,ZAR,1,2462527.07,5.74,-2462527.07,BAD REVENUE,123126.35,94048.89,29077.47,67,OK,Female,4.3,OK
BMW-2644,17-01-2035,CORRUPTED,2021,12,Q4,India,India,Bangalore Motors,BMW M3,M Sport,Hybrid,Corporate Fleet,Corporate Fleet,INR,INR,5,7516978.44,3.01,37584892.2,OK,413020.79,306602.24,106418.55,69,OK,Female,4.4,OK
BMW-2268,20-12-2034,CORRUPTED,2021,7,Q3,India,India,Bangalore Motors,BMW X3,SUV,Petrol,Corporate Fleet,Corporate Fleet,INR,INR,5,5245771.3,2.82,26228856.5,OK,288229.19,213544,74685.19,37,OK,Prefer not to say,4.4,OK
BMW-1521,13-12-2034,CORRUPTED,2020,8,Q3,India,India,Bangalore Motors,BMW iX,Electric,Electric,lease,Lease,INR,INR,3,8395476.37,1.08,25186429.12,OK,276773.95,201458.7,75315.24,44,OK,Prefer not to say,4.4,OK
BMW-4503,02-12-2034,CORRUPTED,2023,12,Q4,India,India,Mumbai BMW,BMW 3 Series,Sedan,Petrol,Corporate Fleet,Corporate Fleet,INR,INR,5,4169919.35,5.15,20849596.76,OK,229116.45,173927.97,55188.48,44,OK,Male,4.4,OK
BMW-1951,30-11-2034,CORRUPTED,2021,2,Q1,India,India,Delhi Prestige Auto,BMW X3,SUV,Hybrid,Corporate Fleet,Corporate Fleet,INR,INR,4,5041572.36,1.76,20166289.43,OK,221607.58,162422.65,59184.93,68,OK,Male,4.4,OK
BMW-1656,27-11-2034,CORRUPTED,2020,10,Q4,India,India,Bangalore Motors,BMW 7 Series,Sedan,Diesel,Corporate Fleet,Corporate Fleet,INR,INR,2,9585366.16,3.26,19170732.32,OK,210667.39,156793.03,53874.36,49,OK,Female,4.4,OK
BMW-5205,22-11-2034,CORRUPTED,2024,8,Q3,South Africa,South Africa,Cape Town BMW,BMW M5,M Sport,Hybrid,lease,Lease,ZAR,ZAR,7,2483197.15,0.88,17382380.03,OK,869119,631343.89,237775.11,49,OK,Male,4.4,OK
BMW-1955,12-11-2034,CORRUPTED,2021,2,Q1,India,India,Delhi Prestige Auto,BMW 3 Series,Sedan,Hybrid,corporate fleet,Corporate Fleet,INR,INR,4,3961507.47,2.81,15846029.88,OK,174132.2,128999.76,45132.44,39,OK,Female,4.4,OK
BMW-2658,26-10-2034,CORRUPTED,2021,12,Q4,South Africa,South Africa,Cape Town BMW,BMW M5,M Sport,Petrol,lease,Lease,ZAR,ZAR,5,2430537.44,5.31,12152687.21,OK,607634.36,462040.8,145593.56,59,OK,Prefer not to say,4.4,OK
BMW-2784,15-10-2034,CORRUPTED,2022,2,Q1,South Africa,South Africa,Johannesburg Motors,BMW X5,SUV,Hybrid,Corporate Fleet,Corporate Fleet,ZAR,ZAR,8,1388722.96,5.02,11109783.65,OK,555489.18,421107.25,134381.93,44,OK,Prefer not to say,4.4,OK
BMW-3973,10-09-2034,CORRUPTED,2023,6,Q2,India,India,Mumbai BMW,BMW X7,SUV,Diesel,individual,Individual,INR,INR,1,9244142.08,2.5,9244142.08,OK,101583.98,75016.82,26567.16,44,OK,Male,4.4,OK
BMW-4338,28-08-2034,CORRUPTED,2023,10,Q4,South Africa,South Africa,Johannesburg Motors,BMW 5 Series,Sedan,Diesel,Corporate Fleet,Corporate Fleet,ZAR,ZAR,7,1216481.99,7.26,8515373.95,OK,425768.7,330540.59,95228.11,46,OK,Male,4.4,OK
BMW-1814,06-08-2034,CORRUPTED,2020,12,Q4,India,India,Delhi Prestige Auto,BMW iX,Electric,Electric,Individual,Individual,INR,INR,1,7605231.5,6.72,7605231.5,OK,83573.97,64507.11,19066.86,33,OK,Male,4.4,OK
BMW-2143,03-08-2034,CORRUPTED,2021,5,Q2,India,India,Mumbai BMW,BMW M3,M Sport,Hybrid,Individual,Individual,INR,INR,1,7502642.07,6.11,7502642.07,OK,82446.62,63224.27,19222.34,39,OK,Male,4.4,OK
BMW-1401,22-07-2034,CORRUPTED,2020,6,Q2,South Africa,South Africa,Cape Town BMW,BMW X5,SUV,Petrol,Corporate Fleet,Corporate Fleet,ZAR,ZAR,5,1433069.74,5.67,7165348.69,OK,358267.43,273464.47,84802.96,42,OK,Male,4.4,OK
BMW-2344,19-07-2034,CORRUPTED,2021,8,Q3,India,India,Mumbai BMW,BMW X5,SUV,Hybrid,individual,Individual,INR,INR,1,6970115.25,0.64,6970115.25,OK,76594.67,55502.11,21092.56,30,OK,Male,4.4,OK
BMW-4659,01-07-2034,CORRUPTED,2024,2,Q1,China,China,Beijing Luxury Motors,BMW i7,Electric,Electric,lease,Lease,CNY,CNY,7,966488.49,6.11,6765419.43,OK,856382.21,656700.2,199682.01,26,OK,Male,4.4,OK
BMW-1447,14-06-2034,CORRUPTED,2020,7,Q3,India,India,Bangalore Motors,BMW i4,Electric,Electric,individual,Individual,INR,INR,1,6267127.48,1.73,6267127.48,OK,68869.53,50458.13,18411.4,39,OK,Prefer not to say,4.4,OK
BMW-4403,09-06-2034,CORRUPTED,2023,11,Q4,India,India,Mumbai BMW,BMW X5,SUV,Diesel,Individual,Individual,INR,INR,1,6184432.92,1.9,6184432.92,OK,67960.8,49878.06,18082.75,59,OK,Female,4.4,OK
BMW-1734,07-06-2034,CORRUPTED,2020,11,Q4,India,India,Bangalore Motors,BMW i4,Electric,Electric,Individual,Individual,INR,INR,1,6097860.9,7.85,6097860.9,OK,67009.46,52356.56,14652.9,27,OK,Prefer not to say,4.4,OK
BMW-5531,27-05-2034,CORRUPTED,2024,12,Q4,China,China,Shanghai BMW,BMW X7,SUV,Petrol,Lease,Lease,CNY,CNY,7,826464.61,0.64,5785252.28,OK,732310.42,530673.53,201636.89,-5,BAD AGE,Male,4.4,OK
BMW-1371,24-05-2034,CORRUPTED,2020,6,Q2,China,China,Guangzhou BMW,BMW iX,Electric,Electric,Corporate Fleet,Corporate Fleet,CNY,CNY,8,720256.06,0.33,5762048.44,OK,729373.22,526901.1,202472.12,33,OK,Female,4.4,OK
BMW-2009,22-05-2034,CORRUPTED,2021,3,Q1,India,India,Bangalore Motors,BMW 5 Series,Sedan,Hybrid,Individual,Individual,INR,INR,1,5737004.53,0.55,5737004.53,OK,63044.01,45641.62,17402.39,38,OK,Prefer not to say,4.4,OK
BMW-3979,21-05-2034,CORRUPTED,2023,6,Q2,India,India,Delhi Prestige Auto,BMW i4,Electric,Electric,Corporate Fleet,Corporate Fleet,INR,INR,1,5725960.51,0.88,5725960.51,OK,62922.64,45708.52,17214.13,66,OK,Female,4.4,OK
BMW-1813,18-05-2034,CORRUPTED,2020,12,Q4,India,India,Mumbai BMW,BMW i4,Electric,Electric,Lease,Lease,INR,INR,1,5680625.3,7.66,5680625.3,OK,62424.45,48674.38,13750.07,999,BAD AGE,Female,4.4,OK
BMW-1889,03-05-2034,CORRUPTED,2021,1,Q1,India,India,Delhi Prestige Auto,BMW 5 Series,Sedan,Diesel,Individual,Individual,INR,INR,1,5480194.71,6.09,5480194.71,OK,60221.92,46170.07,14051.85,59,OK,Male,4.4,OK
BMW-1834,06-04-2034,CORRUPTED,2020,12,Q4,South Africa,South Africa,Johannesburg Motors,BMW 3 Series,Sedan,Hybrid,Corporate Fleet,Corporate Fleet,ZAR,ZAR,6,839836.57,0.56,5039019.43,OK,251950.97,182433.51,69517.46,59,OK,Male,4.4,OK
BMW-5006,28-03-2034,CORRUPTED,2024,6,Q2,India,India,Mumbai BMW,BMW X3,SUV,Diesel,Individual,Individual,INR,INR,1,4945239.04,5.13,4945239.04,OK,54343.29,41242.75,13100.53,40,OK,Female,4.4,OK
BMW-3585,23-03-2034,CORRUPTED,2023,1,Q1,India,India,Bangalore Motors,BMW X3,SUV,Diesel,individual,Individual,INR,INR,1,4849514.46,6.49,4849514.46,OK,53291.37,41031.99,12259.38,36,OK,Female,4.4,OK
BMW-2704,20-03-2034,CORRUPTED,2022,1,Q1,China,China,Shanghai BMW,BMW iX,Electric,Electric,Government,Government,CNY,CNY,7,681383.5,4.86,4769684.49,OK,603757.53,456891.07,146866.46,-5,BAD AGE,Prefer not to say,4.4,OK
BMW-2211,19-03-2034,CORRUPTED,2021,6,Q2,India,India,Delhi Prestige Auto,BMW X3,SUV,Petrol,Individual,Individual,INR,INR,1,4759468.28,7.56,4759468.28,OK,52301.85,40737.14,11564.71,26,OK,Prefer not to say,4.4,OK
BMW-2989,18-03-2034,CORRUPTED,2022,5,Q2,China,China,Shenzhen Auto,BMW iX,Electric,Electric,Corporate Fleet,Corporate Fleet,CNY,CNY,7,679702.79,7.23,4757919.53,OK,602268.29,467439.72,134828.57,41,OK,Female,4.4,OK
BMW-5278,18-02-2034,CORRUPTED,2024,9,Q3,China,China,Beijing Luxury Motors,BMW X7,SUV,Petrol,Government,Government,CNY,CNY,6,735608.35,4.26,4413650.1,OK,558689.89,420139,138550.89,150,BAD AGE,Prefer not to say,4.4,OK
BMW-2000,09-02-2034,CORRUPTED,2021,3,Q1,China,China,Shenzhen Auto,BMW X5,SUV,Petrol,Corporate Fleet,Corporate Fleet,CNY,CNY,8,538322.18,4.91,4306577.47,OK,545136.39,412772.61,132363.78,58,OK,Female,4.4,OK
BMW-2491,06-02-2034,CORRUPTED,2021,10,Q4,India,India,Delhi Prestige Auto,BMW 3 Series,Sedan,Diesel,Individual,Individual,INR,INR,1,4216114.42,5.41,4216114.42,OK,46330.93,35267.87,11063.06,43,OK,Female,4.4,OK
BMW-2130,02-02-2034,CORRUPTED,2021,5,Q2,China,China,Shenzhen Auto,BMW 5 Series,Sedan,Hybrid,Lease,Lease,CNY,CNY,8,516324.43,0.99,4130595.43,OK,522860.18,380241.85,142618.33,43,OK,Prefer not to say,4.4,OK
BMW-3051,23-01-2034,CORRUPTED,2022,6,Q2,China,China,Shenzhen Auto,BMW i7,Electric,Electric,Government,Government,CNY,CNY,4,999250.62,0.76,3997002.48,OK,505949.68,367075.2,138874.48,50,OK,Male,4.4,OK
BMW-1381,27-11-2033,CORRUPTED,2020,6,Q2,China,China,Shanghai BMW,BMW 5 Series,Sedan,Hybrid,Corporate Fleet,Corporate Fleet,CNY,CNY,7,488705.51,1.73,3420938.59,OK,433030.2,317255.68,115774.52,46,OK,Female,4.4,OK
BMW-1724,06-10-2033,CORRUPTED,2020,11,Q4,China,China,Guangzhou BMW,BMW 3 Series,Sedan,Diesel,Corporate Fleet,Corporate Fleet,CNY,CNY,8,357748.5,1.18,2861987.99,OK,362276.96,263942.59,98334.37,45,OK,Male,4.4,OK
BMW-2133,24-09-2033,CORRUPTED,2021,5,Q2,China,China,Guangzhou BMW,BMW X5,SUV,Diesel,Lease,Lease,CNY,CNY,5,556562.51,6.48,2782812.56,OK,352254.75,271189.45,81065.3,38,OK,Prefer not to say,4.4,OK
BMW-4404,10-09-2033,CORRUPTED,2023,11,Q4,UAE,UAE,Abu Dhabi Motors,BMW iX,Electric,Electric,Lease,Lease,AED,AED,7,376348.4,5.67,2634438.8,OK,658609.7,502696.67,155913.03,61,OK,Male,4.4,OK
BMW-4234,25-08-2033,CORRUPTED,2023,9,Q3,China,China,Shanghai BMW,BMW X3,SUV,Hybrid,Corporate Fleet,Corporate Fleet,CNY,CNY,6,418344.83,1.51,2510068.96,OK,317730.25,232262.25,85468,61,OK,Male,4.4,OK
BMW-1727,05-08-2033,CORRUPTED,2020,11,Q4,China,China,Shenzhen Auto,BMW X3,SUV,Diesel,Corporate Fleet,Corporate Fleet,CNY,CNY,6,398333.55,7.12,2390001.29,OK,302531.81,234523.63,68008.18,69,OK,Male,4.4,OK
BMW-5162,14-07-2033,CORRUPTED,2024,8,Q3,China,China,Guangzhou BMW,BMW 3 Series,Sedan,Diesel,Corporate Fleet,Corporate Fleet,CNY,CNY,7,321064.9,3.55,2247454.33,OK,284487.89,212377.64,72110.25,66,OK,Female,4.4,OK
BMW-5120,06-07-2033,CORRUPTED,2024,7,Q3,South Africa,South Africa,Cape Town BMW,BMW M5,M Sport,Diesel,Lease,Lease,ZAR,ZAR,1,2219797.51,4.16,2219797.51,OK,110989.88,83383.97,27605.91,41,OK,Prefer not to say,4.4,OK
BMW-2129,03-07-2033,CORRUPTED,2021,5,Q2,China,China,Shenzhen Auto,BMW 3 Series,Sedan,Diesel,corporate fleet,Corporate Fleet,CNY,CNY,6,367610.92,2.22,2205665.53,OK,279198.17,205579.46,73618.71,39,OK,Prefer not to say,4.4,OK
BMW-2141,17-06-2033,CORRUPTED,2021,5,Q2,China,China,Guangzhou BMW,BMW i4,Electric,Electric,Government,Government,CNY,CNY,4,531098.49,3.31,2124393.96,OK,268910.63,200250.2,68660.43,55,OK,Female,4.4,OK
BMW-3138,13-06-2033,CORRUPTED,2022,7,Q3,China,China,Guangzhou BMW,BMW i7,Electric,Electric,Corporate Fleet,Corporate Fleet,CNY,CNY,2,1048072.43,0.83,2096144.86,OK,265334.79,192630.59,72704.2,56,OK,Female,4.4,OK
BMW-5275,04-06-2033,CORRUPTED,2024,9,Q3,China,China,Shanghai BMW,BMW M3,M Sport,Diesel,Corporate Fleet,Corporate Fleet,CNY,CNY,3,684769.24,2.7,2054307.71,OK,260038.95,192423.08,67615.87,38,OK,Prefer not to say,4.4,OK
BMW-2348,31-05-2033,CORRUPTED,2021,8,Q3,UAE,UAE,Abu Dhabi Motors,BMW i7,Electric,Electric,Corporate Fleet,Corporate Fleet,AED,AED,4,508567.38,3.79,2034269.52,OK,508567.38,380605.9,127961.48,41,OK,Male,4.4,OK
BMW-3963,25-05-2033,CORRUPTED,2023,6,Q2,China,China,Guangzhou BMW,BMW X3,SUV,Petrol,Corporate Fleet,Corporate Fleet,CNY,CNY,5,402315.78,5.66,2011578.9,OK,254630.24,194326.77,60303.47,40,OK,Male,4.4,OK
BMW-2498,23-05-2033,CORRUPTED,2021,10,Q4,UAE,UAE,Dubai BMW,BMW 5 Series,Sedan,Hybrid,Government,Government,AED,AED,8,249816.32,4.56,1998530.54,OK,499632.63,376907.31,122725.32,25,OK,Male,4.4,OK
BMW-1200,17-05-2033,CORRUPTED,2020,3,Q1,South Africa,South Africa,Cape Town BMW,BMW X7,SUV,Hybrid,individual,Individual,ZAR,ZAR,1,1971074.31,1.11,1971074.31,OK,98553.72,71758.19,26795.53,54,OK,Prefer not to say,4.4,OK
BMW-2495,05-05-2033,CORRUPTED,2021,10,Q4,UAE,UAE,Dubai BMW,BMW M5,M Sport,Petrol,Lease,Lease,AED,AED,4,475959.01,4.3,1903836.04,OK,475959.01,358081.57,117877.44,68,OK,Prefer not to say,4.4,OK
BMW-3297,13-03-2033,CORRUPTED,2022,9,Q3,South Africa,South Africa,Cape Town BMW,BMW iX,Electric,Electric,Individual,Individual,ZAR,ZAR,1,1716329.54,1.39,1716329.54,OK,85816.48,62657.92,23158.56,56,OK,Male,4.4,OK
BMW-3441,31-12-2032,CORRUPTED,2022,11,Q4,South Africa,South Africa,Johannesburg Motors,BMW X5,SUV,Petrol,Individual,Individual,ZAR,ZAR,1,1438059.39,2.12,1438059.39,OK,71902.97,52890.86,19012.11,37,OK,Female,4.4,OK
BMW-4176,19-12-2032,CORRUPTED,2023,8,Q3,South Africa,South Africa,Johannesburg Motors,BMW i4,Electric,Electric,Individual,Individual,ZAR,ZAR,1,1407462.22,2.41,1407462.22,OK,70373.11,51922.16,18450.95,30,OK,Female,4.4,OK
BMW-3816,08-12-2032,CORRUPTED,2023,4,Q2,China,China,Shenzhen Auto,BMW iX,Electric,Electric,Corporate Fleet,Corporate Fleet,CNY,CNY,2,678462.63,3.65,1356925.27,OK,171762.69,128348.58,43414.11,25,OK,Female,4.4,OK
BMW-4092,30-11-2032,CORRUPTED,2023,7,Q3,South Africa,South Africa,Johannesburg Motors,BMW X5,SUV,Diesel,Individual,Individual,ZAR,ZAR,1,1343389.17,4.36,1343389.17,OK,67169.46,50569.1,16600.36,45,OK,Female,4.4,OK
BMW-2990,21-11-2032,CORRUPTED,2022,5,Q2,China,China,Shanghai BMW,BMW 3 Series,Sedan,Diesel,Corporate Fleet,Corporate Fleet,CNY,CNY,4,325997.62,5.36,1303990.48,OK,165062.09,125578.25,39483.84,56,OK,Male,4.4,OK
BMW-2028,16-11-2032,CORRUPTED,2021,3,Q1,South Africa,South Africa,Cape Town BMW,BMW X5,SUV,Hybrid,Individual,Individual,ZAR,ZAR,1,1297355.7,7.51,1297355.7,OK,64867.78,50496.18,14371.61,44,OK,Prefer not to say,4.4,OK
BMW-1641,24-10-2032,CORRUPTED,2020,10,Q4,China,China,Shanghai BMW,BMW X3,SUV,Hybrid,corporate fleet,Corporate Fleet,CNY,CNY,3,416132.34,2.42,1248397.02,OK,158024.94,116598.07,41426.87,57,OK,Male,4.4,OK
BMW-2834,08-08-2032,CORRUPTED,2022,3,Q1,China,China,Shanghai BMW,BMW M5,M Sport,Hybrid,individual,Individual,CNY,CNY,1,1009961.58,3.07,1009961.58,OK,127843.24,94960.37,32882.87,52,OK,Male,4.4,OK
BMW-5080,03-08-2032,CORRUPTED,2024,7,Q3,China,China,Guangzhou BMW,BMW M5,M Sport,Hybrid,Individual,Individual,CNY,CNY,1,1003662.11,2.27,1003662.11,OK,127045.84,93602.22,33443.62,47,OK,Female,4.4,OK
BMW-5379,16-07-2032,CORRUPTED,2024,10,Q4,South Africa,South Africa,Johannesburg Motors,BMW X3,SUV,Diesel,individual,Individual,ZAR,ZAR,1,972179.68,1.72,972179.68,OK,48608.98,35612.43,12996.55,56,OK,Prefer not to say,4.4,OK
BMW-5118,06-07-2032,CORRUPTED,2024,7,Q3,South Africa,South Africa,Johannesburg Motors,BMW X3,SUV,Diesel,Individual,Individual,ZAR,ZAR,1,961333.87,7.23,961333.87,OK,48066.69,37305.1,10761.59,53,OK,Prefer not to say,4.4,OK
BMW-1518,01-06-2032,CORRUPTED,2020,8,Q3,China,China,Shanghai BMW,BMW i7,Electric,Electric,individual,Individual,CNY,CNY,1,917116.91,3.44,917116.91,OK,116090.75,86560.65,29530.1,42,OK,Female,4.4,OK
BMW-3157,21-05-2032,CORRUPTED,2022,7,Q3,South Africa,South Africa,Cape Town BMW,BMW 3 Series,Sedan,Petrol,Individual,Individual,ZAR,ZAR,1,905363.7,5.03,905363.7,OK,45268.18,34320.42,10947.77,39,OK,Male,4.4,OK
BMW-1433,16-05-2032,CORRUPTED,2020,7,Q3,China,China,Guangzhou BMW,BMW M5,M Sport,Petrol,Government,Government,CNY,CNY,1,901748.4,3.58,901748.4,OK,114145.37,85234.01,28911.35,29,OK,Male,4.4,OK
BMW-4329,02-05-2032,CORRUPTED,2023,10,Q4,Australia,Australia,Sydney BMW,BMW X5,SUV,Petrol,Lease,Lease,AUD,AUD,7,124670.76,3.42,872695.3,OK,528906.24,394287.77,134618.47,150,BAD AGE,Male,4.4,OK
BMW-5510,23-04-2032,CORRUPTED,2024,12,Q4,USA,USA,Miami Auto Group,BMW 7 Series,Sedan,Diesel,Government,Government,USD,USD,8,108018.31,6.16,864146.45,OK,792794.91,608290.81,184504.1,999,BAD AGE,Prefer not to say,4.4,OK
BMW-1269,30-03-2032,CORRUPTED,2020,4,Q2,South Africa,South Africa,Johannesburg Motors,BMW 3 Series,Sedan,Petrol,Individual,Individual,ZAR,ZAR,1,832580.18,0.62,832580.18,OK,41629.01,30158.55,11470.46,43,OK,Female,4.4,OK
BMW-1292,06-03-2032,CORRUPTED,2020,5,Q2,USA,USA,Chicago Motors,BMW M5,M Sport,Diesel,Lease,Lease,USD,USD,6,133175.14,6.9,799050.82,OK,733074.15,566913.53,166160.62,34,OK,Female,4.4,OK
BMW-4022,10-02-2032,CORRUPTED,2023,7,Q3,USA,USA,Miami Auto Group,BMW X7,SUV,Hybrid,Corporate Fleet,Corporate Fleet,USD,USD,7,111436.55,3.01,780055.87,OK,715647.59,531230.76,184416.83,52,OK,Male,4.4,OK
BMW-4378,15-01-2032,CORRUPTED,2023,11,Q4,China,China,Guangzhou BMW,BMW iX,Electric,Electric,individual,Individual,CNY,CNY,1,752218.63,4.16,752218.63,OK,95217.55,71532.92,23684.63,36,OK,Prefer not to say,4.4,OK
BMW-5280,28-12-2031,CORRUPTED,2024,9,Q3,China,China,Guangzhou BMW,BMW iX,Electric,Electric,individual,Individual,CNY,CNY,1,735670.5,3.71,735670.5,OK,93122.85,69632.01,23490.84,37,OK,Prefer not to say,4.4,OK
BMW-3736,01-12-2031,CORRUPTED,2023,3,Q1,China,China,Beijing Luxury Motors,BMW iX,Electric,Electric,individual,Individual,CNY,CNY,1,716287.81,2.62,716287.81,OK,90669.34,67037.65,23631.69,39,OK,Female,4.4,OK
BMW-3890,22-10-2031,CORRUPTED,2023,5,Q2,China,China,Shanghai BMW,BMW iX,Electric,Electric,Individual,Individual,CNY,CNY,1,688528.88,7.68,688528.88,OK,87155.55,67973.76,19181.8,43,OK,Male,4.4,OK
BMW-1770,19-09-2031,CORRUPTED,2020,12,Q4,USA,USA,Chicago Motors,BMW iX,Electric,Electric,Corporate Fleet,Corporate Fleet,USD,USD,7,94717.29,5.67,663021.02,OK,608276.17,464306.21,143969.96,61,OK,Male,4.4,OK
BMW-5444,17-09-2031,CORRUPTED,2024,11,Q4,China,China,Guangzhou BMW,BMW M3,M Sport,Petrol,individual,Individual,CNY,CNY,1,662118.63,4.32,662118.63,OK,83812.48,63066.53,20745.96,37,OK,Prefer not to say,4.4,OK
BMW-1779,10-09-2031,CORRUPTED,2020,12,Q4,USA,USA,New York BMW,BMW iX,Electric,Electric,Corporate Fleet,Corporate Fleet,USD,USD,7,94043.63,2.68,658305.42,OK,603949.92,446841.11,157108.81,67,OK,Prefer not to say,4.4,OK
BMW-2518,28-07-2031,CORRUPTED,2021,11,Q4,Germany,Germany,Stuttgart Motors,BMW X7,SUV,Hybrid,Corporate Fleet,Corporate Fleet,EUR,EUR,6,104993.93,0.57,629963.57,OK,629963.57,456153.65,173809.92,34,OK,Female,4.4,OK
BMW-2482,26-07-2031,CORRUPTED,2021,10,Q4,China,China,Beijing Luxury Motors,BMW iX,Electric,Electric,Individual,Individual,CNY,CNY,1,627030.94,4.64,627030.94,OK,79371,59926.73,19444.27,54,OK,Prefer not to say,4.4,OK
BMW-2477,20-07-2031,CORRUPTED,2021,10,Q4,China,China,Guangzhou BMW,BMW iX,Electric,Electric,Individual,Individual,CNY,CNY,1,624054.21,6.5,624054.21,OK,78994.2,60831.59,18162.62,62,OK,Male,4.4,OK
BMW-5311,07-07-2031,CORRUPTED,2024,10,Q4,Germany,Germany,BMW Munich HQ,BMW X5,SUV,Petrol,government,Government,EUR,EUR,8,77108.84,3.44,616870.71,OK,616870.71,459984.84,156885.87,34,OK,Prefer not to say,4.4,OK
BMW-2556,13-06-2031,CORRUPTED,2021,11,Q4,China,China,Guangzhou BMW,BMW X5,SUV,Hybrid,Individual,Individual,CNY,CNY,1,603847.72,3.87,603847.72,OK,76436.42,57250.4,19186.02,45,OK,Prefer not to say,4.4,OK
BMW-3255,08-06-2031,CORRUPTED,2022,9,Q3,USA,USA,Dallas BMW,BMW i7,Electric,Electric,corporate fleet,Corporate Fleet,USD,USD,5,120496.45,3.22,602482.23,OK,552735.99,411224.17,141511.83,68,OK,Female,4.4,OK
BMW-2253,24-05-2031,CORRUPTED,2021,7,Q3,China,China,Shenzhen Auto,BMW X5,SUV,Diesel,Individual,Individual,CNY,CNY,1,593651.42,7.24,593651.42,OK,75145.75,58329.38,16816.37,47,OK,Female,4.4,OK
BMW-3281,23-05-2031,CORRUPTED,2022,9,Q3,China,China,Shanghai BMW,BMW X5,SUV,Hybrid,Individual,Individual,CNY,CNY,1,592899.66,2.7,592899.66,OK,75050.59,55533.25,19517.34,34,OK,Female,4.4,OK
BMW-2832,07-05-2031,CORRUPTED,2022,3,Q1,China,China,Shanghai BMW,BMW X5,SUV,Hybrid,Individual,Individual,CNY,CNY,1,584663.29,7.68,584663.29,OK,74008.01,57716.51,16291.5,66,OK,Female,4.4,OK
BMW-3501,15-03-2031,CORRUPTED,2022,12,Q4,China,China,Shanghai BMW,BMW X5,SUV,Petrol,Individual,Individual,CNY,CNY,1,559546.83,5.76,559546.83,OK,70828.71,54115.1,16713.61,64,OK,Female,4.4,OK
BMW-3575,27-02-2031,CORRUPTED,2023,1,Q1,China,China,Shenzhen Auto,BMW i4,Electric,Electric,Individual,Individual,CNY,CNY,1,552805.96,5.16,552805.96,OK,69975.44,53125.04,16850.4,46,OK,Female,4.4,OK
BMW-3224,15-02-2031,CORRUPTED,2022,9,Q3,Germany,Germany,AutohaUSA Berlin,BMW i4,Electric,Electric,Lease,Lease,EUR,EUR,8,67162.6,1.85,537300.81,OK,537300.81,394159.02,143141.78,29,OK,Prefer not to say,4.4,OK
BMW-2311,15-01-2031,CORRUPTED,2021,8,Q3,USA,USA,Dallas BMW,BMW X5,SUV,Diesel,Corporate Fleet,Corporate Fleet,USD,USD,7,74744.77,3.44,523213.36,OK,480012.26,357931.6,122080.66,44,OK,Female,4.4,OK
BMW-2409,14-12-2030,CORRUPTED,2021,9,Q3,China,China,Shenzhen Auto,BMW 5 Series,Sedan,Diesel,individual,Individual,CNY,CNY,1,508676.05,1.12,508676.05,OK,64389.37,46883.38,17505.99,37,OK,Male,4.4,OK
BMW-2980,02-12-2030,CORRUPTED,2022,5,Q2,China,China,Beijing Luxury Motors,BMW i4,Electric,Electric,individual,Individual,CNY,CNY,1,502733.58,4.34,502733.58,OK,63637.16,47896.71,15740.45,51,OK,Female,4.4,OK
BMW-4700,26-11-2030,CORRUPTED,2024,3,Q1,Germany,Germany,BMW Munich HQ,BMW 5 Series,Sedan,Petrol,lease,Lease,EUR,EUR,8,62652.88,5.56,501223.04,OK,501223.04,382114.14,119108.9,60,OK,Male,4.4,OK
BMW-5474,15-11-2030,CORRUPTED,2024,12,Q4,Germany,Germany,AutohaUSA Berlin,BMW X7,SUV,Diesel,Government,Government,eur,EUR,5,99162.74,7.43,495813.72,OK,495813.72,385622.02,110191.69,53,OK,Prefer not to say,4.4,OK
BMW-5215,08-11-2030,CORRUPTED,2024,9,Q3,Germany,Germany,BMW Munich HQ,BMW i7,Electric,Electric,Corporate Fleet,Corporate Fleet,EUR,EUR,4,123287.24,6.73,493148.97,OK,493148.97,380680.27,112468.7,26,OK,Male,4.4,OK
BMW-5167,20-10-2030,CORRUPTED,2024,8,Q3,China,China,Guangzhou BMW,BMW 5 Series,Sedan,Petrol,individual,Individual,CNY,CNY,1,483954.66,0.61,483954.66,OK,61260.08,44380.17,16879.91,41,OK,Male,4.4,OK
BMW-2413,19-10-2030,CORRUPTED,2021,9,Q3,China,China,Guangzhou BMW,BMW 5 Series,Sedan,Hybrid,Individual,Individual,CNY,CNY,1,483725.46,7.67,483725.46,OK,61231.07,47746.16,13484.91,32,OK,Male,4.4,OK
BMW-1143,20-09-2030,CORRUPTED,2020,3,Q1,Germany,Germany,Hamburg Drive,BMW M5,M Sport,Petrol,Lease,Lease,EUR,EUR,4,118532.71,4.95,474130.85,OK,474130.85,359133.45,114997.4,65,OK,Female,4.4,OK
BMW-1217,02-09-2030,CORRUPTED,2020,4,Q2,Germany,Germany,AutohaUSA Berlin,BMW i4,Electric,Electric,Corporate Fleet,Corporate Fleet,eur,EUR,7,66643.79,0.44,466506.52,OK,466506.52,337362.66,129143.86,68,OK,Prefer not to say,4.4,OK
BMW-4358,25-08-2030,CORRUPTED,2023,11,Q4,USA,USA,Chicago Motors,BMW X3,SUV,Diesel,Lease,Lease,USD,USD,8,58017.81,7.64,464142.46,OK,425818.77,331962.44,93856.33,34,OK,Prefer not to say,4.4,OK
BMW-4954,12-08-2030,CORRUPTED,2024,6,Q2,Germany,Germany,AutohaUSA Berlin,BMW X5,SUV,Petrol,Corporate Fleet,Corporate Fleet,EUR,EUR,6,76425.38,1.13,458552.26,OK,458552.26,333916.4,124635.86,50,OK,Female,4.4,OK
BMW-1782,02-08-2030,CORRUPTED,2020,12,Q4,USA,USA,Miami Auto Group,BMW M3,M Sport,Petrol,Lease,Lease,USD,USD,5,90927.26,3.04,454636.3,OK,417097.53,309739.12,107358.41,150,BAD AGE,Female,4.4,OK
BMW-1373,09-07-2030,CORRUPTED,2020,6,Q2,China,China,Beijing Luxury Motors,BMW X3,SUV,Hybrid,Individual,Individual,CNY,CNY,1,444776.69,3.64,444776.69,OK,56300.85,42066.97,14233.87,37,OK,Female,4.4,OK
BMW-3137,23-06-2030,CORRUPTED,2022,7,Q3,China,China,Beijing Luxury Motors,BMW 5 Series,Sedan,Diesel,Individual,Individual,CNY,CNY,1,438815.24,4.27,438815.24,OK,55546.23,41778.82,13767.42,45,OK,Prefer not to say,4.4,OK
BMW-1797,21-06-2030,CORRUPTED,2020,12,Q4,China,China,Beijing Luxury Motors,BMW 5 Series,Sedan,Petrol,Individual,Individual,CNY,CNY,1,438347.63,3.35,438347.63,OK,55487.04,41333.98,14153.06,30,OK,Prefer not to say,4.4,OK
BMW-2712,12-06-2030,CORRUPTED,2022,1,Q1,China,China,Guangzhou BMW,BMW 5 Series,Sedan,Hybrid,Individual,Individual,CNY,CNY,1,436671.51,2.85,436671.51,OK,55274.87,40965.24,14309.64,55,OK,Prefer not to say,4.4,OK
BMW-3454,23-05-2030,CORRUPTED,2022,12,Q4,Germany,Germany,Stuttgart Motors,BMW i4,Electric,Electric,Corporate Fleet,Corporate Fleet,EUR,EUR,7,61624.12,7.01,431368.82,OK,431368.82,334003.78,97365.04,39,OK,Male,4.4,OK
BMW-4909,05-05-2030,CORRUPTED,2024,5,Q2,China,China,Guangzhou BMW,BMW X3,SUV,Diesel,Individual,Individual,CNY,CNY,1,425517.33,0.74,425517.33,OK,53862.95,39071.58,14791.37,43,OK,Male,4.4,OK
BMW-3056,02-05-2030,CORRUPTED,2022,6,Q2,China,China,Shanghai BMW,BMW 5 Series,Sedan,Diesel,individual,Individual,CNY,CNY,1,425040.89,3.72,425040.89,OK,53802.64,40233.59,13569.05,36,OK,Prefer not to say,4.4,OK
BMW-2894,24-03-2030,CORRUPTED,2022,4,Q2,UK,UK,Edinburgh Motors,BMW i4,Electric,Electric,Lease,Lease,GBP,GBP,8,52016.05,7.23,416128.41,OK,483870.24,375544.55,108325.7,58,OK,Male,4.4,OK
BMW-2238,07-03-2030,CORRUPTED,2021,7,Q3,Germany,Germany,Hamburg Drive,BMW 5 Series,Sedan,Diesel,corporate fleet,Corporate Fleet,EUR,EUR,7,58903.37,1.76,412323.62,OK,412323.62,302182.59,110141.02,40,OK,Male,4.4,OK
BMW-1699,24-02-2030,CORRUPTED,2020,11,Q4,USA,USA,Miami Auto Group,BMW X5,SUV,Diesel,Corporate Fleet,Corporate Fleet,USD,USD,5,81667.07,3.78,408335.36,OK,374619.59,280317.2,94302.39,61,OK,Male,4.4,OK
BMW-5439,17-02-2030,CORRUPTED,2024,11,Q4,China,China,Beijing Luxury Motors,BMW X3,SUV,Hybrid,Individual,Individual,CNY,CNY,1,407578.92,1.71,407578.92,OK,51592.27,37792.6,13799.67,66,OK,Male,4.4,OK
BMW-2291,09-01-2030,CORRUPTED,2021,8,Q3,Germany,Germany,Hamburg Drive,BMW 5 Series,Sedan,Petrol,Corporate Fleet,Corporate Fleet,EUR,EUR,7,57016.14,3.47,399112.99,OK,399112.99,297689.86,101423.12,54,OK,Male,4.4,OK
BMW-3300,22-11-2029,CORRUPTED,2022,10,Q4,Germany,Germany,Stuttgart Motors,BMW X7,SUV,Petrol,Lease,Lease,EUR,EUR,4,95923.67,7.19,383694.69,OK,383694.69,297659.23,86035.46,26,OK,Female,4.4,OK
BMW-2520,04-10-2029,CORRUPTED,2021,11,Q4,Germany,Germany,Hamburg Drive,BMW 3 Series,Sedan,Petrol,Lease,Lease,EUR,EUR,8,46213.51,3.46,369708.07,OK,369708.07,275720.19,93987.89,62,OK,Male,4.4,OK
BMW-1905,25-08-2029,CORRUPTED,2021,2,Q1,Germany,Germany,BMW Munich HQ,BMW 3 Series,Sedan,Diesel,Corporate Fleet,Corporate Fleet,EUR,EUR,8,44769.59,4.75,358156.74,OK,358156.74,270719.2,87437.54,56,OK,Male,4.4,OK
BMW-2983,18-08-2029,CORRUPTED,2022,5,Q2,China,China,Shanghai BMW,BMW 3 Series,Sedan,Hybrid,Individual,Individual,CNY,CNY,1,356735.06,3.15,356735.06,OK,45156.34,33571.66,11584.68,65,OK,Prefer not to say,4.4,OK
BMW-5372,11-08-2029,CORRUPTED,2024,10,Q4,UAE,UAE,Dubai BMW,BMW iX,Electric,Electric,Individual,Individual,AED,AED,1,355967.99,3.93,355967.99,OK,88992,66698.39,22293.61,58,OK,Female,4.4,OK
BMW-4647,07-08-2029,CORRUPTED,2024,2,Q1,UK,UK,Edinburgh Motors,BMW i4,Electric,Electric,Lease,Lease,GBP,GBP,6,59189.58,0.98,355137.49,OK,412950.58,300272.85,112677.72,69,OK,Female,4.4,OK
BMW-2381,31-07-2029,CORRUPTED,2021,9,Q3,USA,USA,New York BMW,BMW X7,SUV,Diesel,corporate fleet,Corporate Fleet,USD,USD,3,117830.56,3.88,353491.68,OK,324304.29,242929.22,81375.07,64,OK,Female,4.4,OK
BMW-2749,28-07-2029,CORRUPTED,2022,2,Q1,USA,USA,New York BMW,BMW X5,SUV,Diesel,Lease,Lease,USD,USD,4,88034.23,0.79,352136.91,OK,323061.39,234452.56,88608.82,35,OK,Female,4.4,OK
BMW-4113,25-06-2029,CORRUPTED,2023,8,Q3,USA,USA,Dallas BMW,BMW 3 Series,Sedan,Diesel,Lease,Lease,USD,USD,7,49330.3,0.96,345312.1,OK,316800.09,230307.06,86493.03,55,OK,Male,4.4,OK
BMW-4231,24-05-2029,CORRUPTED,2023,9,Q3,UK,UK,Manchester Prestige,BMW 5 Series,Sedan,Petrol,Corporate Fleet,Corporate Fleet,GBP,GBP,7,48404.29,7.67,338830.05,OK,393988.43,307235.14,86753.28,35,OK,Male,4.4,OK
BMW-4843,06-05-2029,CORRUPTED,2024,4,Q2,Australia,Australia,Melbourne Auto Group,BMW 3 Series,Sedan,Hybrid,Lease,Lease,AUD,AUD,5,67059.43,7.05,335297.14,OK,203210.39,157408.79,45801.59,26,OK,Male,4.4,OK
BMW-3847,04-05-2029,CORRUPTED,2023,5,Q2,Germany,Germany,Stuttgart Motors,BMW iX,Electric,Electric,Lease,Lease,EUR,EUR,4,83633.24,4.45,334532.97,OK,334532.97,252092.94,82440.04,60,OK,Female,4.4,OK
BMW-2475,30-04-2029,CORRUPTED,2021,10,Q4,UK,UK,London BMW Centre,BMW X3,SUV,Hybrid,Lease,Lease,GBP,GBP,7,47724.06,1.65,334068.42,OK,388451.65,284368.9,104082.75,38,OK,Male,4.4,OK
BMW-3737,16-03-2029,CORRUPTED,2023,3,Q1,China,China,Shanghai BMW,BMW 3 Series,Sedan,Hybrid,Individual,Individual,CNY,CNY,1,321574.15,6.71,321574.15,OK,40705.59,31415.79,9289.8,50,OK,Female,4.4,OK
BMW-1235,24-02-2029,CORRUPTED,2020,4,Q2,UK,UK,Edinburgh Motors,BMW 5 Series,Sedan,Hybrid,corporate fleet,Corporate Fleet,GBP,GBP,6,52870.79,1.91,317224.76,OK,368866,270742.41,98123.58,27,OK,Female,4.4,OK
BMW-3162,15-02-2029,CORRUPTED,2022,8,Q3,Germany,Germany,BMW Munich HQ,BMW 5 Series,Sedan,Hybrid,Lease,Lease,EUR,EUR,5,63216,4.91,316080,OK,316080,239327.79,76752.21,60,OK,Female,4.4,OK
BMW-1903,12-02-2029,CORRUPTED,2021,2,Q1,Germany,Germany,AutohaUSA Berlin,BMW 2 Series,Coupe,Petrol,Corporate Fleet,Corporate Fleet,EUR,EUR,8,39431.25,1.69,315449.96,OK,315449.96,231035.61,84414.36,-5,BAD AGE,Prefer not to say,4.4,OK
BMW-2557,08-02-2029,CORRUPTED,2021,11,Q4,China,China,Guangzhou BMW,BMW 3 Series,Sedan,Hybrid,Individual,Individual,CNY,CNY,1,314699.81,6.44,314699.81,OK,39835.42,30656.04,9179.38,48,OK,Prefer not to say,4.4,OK
BMW-3170,07-02-2029,CORRUPTED,2022,8,Q3,USA,USA,Dallas BMW,BMW 2 Series,Coupe,Diesel,Corporate Fleet,Corporate Fleet,USD,USD,8,39262.32,0.6,314098.59,OK,288163.84,208722.12,79441.72,63,OK,Female,4.4,OK
BMW-5428,28-01-2029,CORRUPTED,2024,11,Q4,China,China,Beijing Luxury Motors,BMW 3 Series,Sedan,Diesel,Individual,Individual,CNY,CNY,1,309791.05,4.59,309791.05,OK,39214.06,29591.49,9622.57,26,OK,Prefer not to say,4.4,OK
BMW-1679,26-01-2029,CORRUPTED,2020,11,Q4,Germany,Germany,BMW Munich HQ,BMW 5 Series,Sedan,Hybrid,Corporate Fleet,Corporate Fleet,EUR,EUR,5,61578.29,4.42,307891.44,OK,307891.44,231933.31,75958.13,32,OK,Prefer not to say,4.4,OK
BMW-4289,22-01-2029,CORRUPTED,2023,10,Q4,USA,USA,Miami Auto Group,BMW 3 Series,Sedan,Hybrid,Lease,Lease,USD,USD,7,43904.22,5.23,307329.51,OK,281953.68,214201.17,67752.51,29,OK,Male,4.4,OK
BMW-2883,29-11-2028,CORRUPTED,2022,4,Q2,USA,USA,Miami Auto Group,BMW 5 Series,Sedan,Hybrid,Corporate Fleet,Corporate Fleet,USD,USD,5,59210.65,4.15,296053.25,OK,271608.48,204019.18,67589.3,70,OK,Male,4.4,OK
BMW-4242,17-11-2028,CORRUPTED,2023,9,Q3,China,China,Shenzhen Auto,BMW 2 Series,Coupe,Petrol,Individual,Individual,CNY,CNY,1,292880.48,6.5,292880.48,OK,37073.48,28547.42,8526.06,64,OK,Male,4.4,OK
BMW-5290,15-11-2028,CORRUPTED,2024,9,Q3,UAE,UAE,Abu Dhabi Motors,BMW X5,SUV,Hybrid,Individual,Individual,AED,AED,1,290741.49,7.5,290741.49,OK,72685.37,56576.56,16108.81,64,OK,Male,4.4,OK
BMW-5220,25-10-2028,CORRUPTED,2024,9,Q3,Germany,Germany,Stuttgart Motors,BMW 3 Series,Sedan,Petrol,Corporate Fleet,Corporate Fleet,EUR,EUR,7,40506.59,2.14,283546.16,OK,283546.16,208621.94,74924.21,25,OK,Prefer not to say,4.4,OK
BMW-3535,07-10-2028,CORRUPTED,2023,1,Q1,Germany,Germany,AutohaUSA Berlin,BMW 2 Series,Coupe,Hybrid,Corporate Fleet,Corporate Fleet,EUR,EUR,7,39534.52,2.04,276741.66,OK,276741.66,203403.49,73338.18,63,OK,Prefer not to say,4.4,OK
BMW-3851,07-09-2028,CORRUPTED,2023,5,Q2,Germany,Germany,AutohaUSA Berlin,BMW X7,SUV,Petrol,Corporate Fleet,Corporate Fleet,EUR,EUR,3,89692.37,4.98,269077.12,OK,269077.12,203883.49,65193.63,34,OK,Male,4.4,OK
BMW-2108,06-08-2028,CORRUPTED,2021,5,Q2,USA,USA,New York BMW,BMW M5,M Sport,Hybrid,Lease,Lease,USD,USD,2,128782.64,1.52,257565.28,OK,236298.42,172759.93,63538.49,54,OK,Female,4.4,OK
BMW-3075,21-07-2028,CORRUPTED,2022,6,Q2,Australia,Australia,Melbourne Auto Group,BMW 3 Series,Sedan,Hybrid,Corporate Fleet,Corporate Fleet,AUD,AUD,4,63376.08,7.52,253504.33,OK,153638.99,119619.24,34019.75,33,OK,Prefer not to say,4.4,OK
BMW-4966,20-06-2028,CORRUPTED,2024,6,Q2,USA,USA,Miami Auto Group,BMW 2 Series,Coupe,Hybrid,Government,Government,USD,USD,6,40823.68,4.66,244942.07,OK,224717.5,169712.06,55005.44,69,OK,Male,4.4,OK
BMW-3308,16-06-2028,CORRUPTED,2022,10,Q4,Germany,Germany,Hamburg Drive,BMW 2 Series,Coupe,Diesel,Corporate Fleet,Corporate Fleet,EUR,EUR,7,34801.71,5.35,243611.97,OK,243611.97,185306.05,58305.92,40,OK,Female,4.4,OK
BMW-3324,15-04-2028,CORRUPTED,2022,10,Q4,USA,USA,Dallas BMW,BMW X3,SUV,Diesel,Corporate Fleet,Corporate Fleet,USD,USD,4,56226.06,6.83,224904.23,OK,206334.16,159449.46,46884.7,66,OK,Male,4.4,OK
BMW-3794,14-04-2028,CORRUPTED,2023,4,Q2,USA,USA,Chicago Motors,BMW 7 Series,Sedan,Diesel,Corporate Fleet,Corporate Fleet,USD,USD,2,112449.71,3.8,224899.42,OK,206329.74,154428.13,51901.62,57,OK,Male,4.4,OK
BMW-1736,26-02-2028,CORRUPTED,2020,11,Q4,UAE,UAE,Dubai BMW,BMW 5 Series,Sedan,Diesel,corporate fleet,Corporate Fleet,AED,AED,1,212649,4.98,212649,OK,53162.25,40282.38,12879.87,47,OK,Prefer not to say,4.4,OK
BMW-2289,24-02-2028,CORRUPTED,2021,8,Q3,Germany,Germany,BMW Munich HQ,BMW X3,SUV,Diesel,Lease,Lease,EUR,EUR,4,52953.3,2.81,211813.2,OK,211813.2,156919.98,54893.23,38,OK,Prefer not to say,4.4,OK
BMW-1845,18-01-2028,CORRUPTED,2021,1,Q1,Germany,Germany,Stuttgart Motors,BMW 7 Series,Sedan,Hybrid,corporate fleet,Corporate Fleet,EUR,EUR,2,101535.16,1.84,203070.33,OK,203070.33,148946.46,54123.86,34,OK,Male,4.4,OK
BMW-4651,22-09-2027,CORRUPTED,2024,2,Q1,UK,UK,Manchester Prestige,BMW 3 Series,Sedan,Hybrid,corporate fleet,Corporate Fleet,GBP,GBP,4,40947.14,1.11,163788.57,OK,190451.83,138669.5,51782.33,42,OK,Prefer not to say,4.4,OK
BMW-1410,30-07-2027,CORRUPTED,2020,7,Q3,Germany,Germany,AutohaUSA Berlin,BMW 2 Series,Coupe,Petrol,Corporate Fleet,Corporate Fleet,EUR,EUR,4,37678.18,4.69,150712.73,OK,150712.73,113856.29,36856.44,70,OK,Female,4.4,OK
BMW-4252,16-06-2027,CORRUPTED,2023,9,Q3,UAE,UAE,Dubai BMW,BMW 2 Series,Coupe,Diesel,individual,Individual,AED,AED,1,141543.25,6.05,141543.25,OK,35385.81,27117.2,8268.61,42,OK,Male,4.4,OK
BMW-4109,04-06-2027,CORRUPTED,2023,8,Q3,Germany,Germany,AutohaUSA Berlin,BMW X5,SUV,Hybrid,Lease,Lease,eur,EUR,2,68780.58,1.38,137561.16,OK,137561.16,100431.25,37129.91,36,OK,Female,4.4,OK
BMW-4480,21-05-2027,CORRUPTED,2023,12,Q4,UK,UK,Edinburgh Motors,BMW X3,SUV,Hybrid,Corporate Fleet,Corporate Fleet,GBP,GBP,3,45135.16,5.7,135405.47,OK,157448.22,120211.79,37236.43,25,OK,Female,4.4,OK
BMW-1918,14-05-2027,CORRUPTED,2021,2,Q1,USA,USA,New York BMW,BMW 5 Series,Sedan,Diesel,Corporate Fleet,Corporate Fleet,USD,USD,2,67467.46,5.27,134934.92,OK,123793.51,94092.21,29701.3,64,OK,Male,4.4,OK
BMW-4455,08-05-2027,CORRUPTED,2023,12,Q4,USA,USA,New York BMW,BMW i7,Electric,Electric,Individual,Individual,USD,USD,1,133380.02,3.47,133380.02,OK,122366.99,91275.03,31091.96,30,OK,Male,4.4,OK
BMW-2426,27-04-2027,CORRUPTED,2021,9,Q3,Australia,Australia,Melbourne Auto Group,BMW M3,M Sport,Diesel,individual,Individual,AUD,AUD,1,130259.93,4.05,130259.93,OK,78945.41,59238.31,19707.1,47,OK,Prefer not to say,4.4,OK
BMW-5376,13-04-2027,CORRUPTED,2024,10,Q4,Australia,Australia,Sydney BMW,BMW X5,SUV,Petrol,individual,Individual,AUD,AUD,1,127698.68,3.95,127698.68,OK,77393.14,58012.43,19380.71,30,OK,Prefer not to say,4.4,OK
BMW-4366,09-04-2027,CORRUPTED,2023,11,Q4,USA,USA,Miami Auto Group,BMW 2 Series,Coupe,Diesel,Corporate Fleet,Corporate Fleet,USD,USD,3,42380.71,7.69,127142.12,OK,116644.14,90981.59,25662.56,30,OK,Prefer not to say,4.4,OK
BMW-5381,03-04-2027,CORRUPTED,2024,11,Q4,Germany,Germany,Stuttgart Motors,BMW i4,Electric,Electric,Corporate Fleet,Corporate Fleet,EUR,EUR,2,63166.51,4.7,126333.02,OK,126333.02,95444.79,30888.23,35,OK,Female,4.4,OK
BMW-5453,24-03-2027,CORRUPTED,2024,11,Q4,Australia,Australia,Sydney BMW,BMW X5,SUV,Petrol,Corporate Fleet,Corporate Fleet,AUD,AUD,1,125206.08,4.97,125206.08,OK,75882.47,57495.24,18387.24,65,OK,Prefer not to say,4.4,OK
BMW-1126,07-03-2027,CORRUPTED,2020,2,Q1,Australia,Australia,Sydney BMW,BMW i4,Electric,Electric,Individual,Individual,AUD,AUD,1,122459.34,0.59,122459.34,OK,74217.78,53754.15,20463.63,51,OK,Male,4.4,OK
BMW-1912,27-02-2027,CORRUPTED,2021,2,Q1,Germany,Germany,Stuttgart Motors,BMW i7,Electric,Electric,Individual,Individual,EUR,EUR,1,121315.88,6.7,121315.88,OK,121315.88,93618.9,27696.97,37,OK,Male,4.4,OK
BMW-1545,14-01-2027,CORRUPTED,2020,9,Q3,Germany,Germany,Hamburg Drive,BMW i7,Electric,Electric,Individual,Individual,EUR,EUR,1,115489.99,6.2,115489.99,OK,115489.99,88653.66,26836.33,30,OK,Female,4.4,OK
BMW-2867,01-01-2027,CORRUPTED,2022,4,Q2,USA,USA,Beverly Hills BMW,BMW 5 Series,Sedan,Petrol,Corporate Fleet,Corporate Fleet,USD,USD,2,56648.37,7.7,113296.73,OK,103941.96,81080.54,22861.42,61,OK,Prefer not to say,4.4,OK
BMW-2355,21-12-2026,CORRUPTED,2021,8,Q3,Australia,Australia,Sydney BMW,BMW X5,SUV,Hybrid,Individual,Individual,AUD,AUD,1,112375.77,7.51,112375.77,OK,68106.53,53015.77,15090.76,55,OK,Prefer not to say,4.4,OK
BMW-5393,06-11-2026,CORRUPTED,2024,11,Q4,Germany,Germany,BMW Munich HQ,BMW i7,Electric,Electric,individual,Individual,EUR,EUR,1,107297.86,7.37,107297.86,OK,107297.86,83397.63,23900.23,63,OK,Prefer not to say,4.4,OK
BMW-3468,31-10-2026,CORRUPTED,2022,12,Q4,USA,USA,New York BMW,BMW X7,SUV,Diesel,Individual,Individual,USD,USD,1,106969.67,3.91,106969.67,OK,98137.32,73531.51,24605.81,46,OK,Female,4.4,OK
BMW-4280,28-10-2026,CORRUPTED,2023,10,Q4,USA,USA,Miami Auto Group,BMW 7 Series,Sedan,Petrol,Individual,Individual,USD,USD,1,106549.28,6.72,106549.28,OK,97751.64,75452.02,22299.62,50,OK,Male,4.4,OK
BMW-4603,28-09-2026,CORRUPTED,2024,1,Q1,Australia,Australia,Sydney BMW,BMW i4,Electric,Electric,Individual,Individual,AUD,AUD,1,103537.57,2.72,103537.57,OK,62750.04,46444.15,16305.89,52,OK,Male,4.4,OK
BMW-3045,25-09-2026,CORRUPTED,2022,6,Q2,UK,UK,Edinburgh Motors,BMW i7,Electric,Electric,Individual,Individual,GBP,GBP,1,103170.63,0.17,103170.63,OK,119965.84,86520.14,33445.71,28,OK,Prefer not to say,4.4,OK
BMW-1529,03-08-2026,CORRUPTED,2020,8,Q3,Australia,Australia,Sydney BMW,BMW 5 Series,Sedan,Hybrid,Individual,Individual,AUD,AUD,1,97959.55,3.71,97959.55,OK,59369.43,44393.64,14975.79,44,OK,Prefer not to say,4.4,OK
BMW-4968,19-07-2026,CORRUPTED,2024,6,Q2,USA,USA,Chicago Motors,BMW 7 Series,Sedan,Diesel,Individual,Individual,USD,USD,1,96839.94,1.73,96839.94,OK,88843.98,65096.09,23747.89,38,OK,Female,4.4,OK
BMW-3553,14-07-2026,CORRUPTED,2023,1,Q1,UK,UK,Manchester Prestige,BMW M5,M Sport,Diesel,Individual,Individual,GBP,GBP,1,96655.81,1.01,96655.81,OK,112390.47,81742.89,30647.58,55,OK,Male,4.4,OK
BMW-2601,04-07-2026,CORRUPTED,2021,12,Q4,USA,USA,Beverly Hills BMW,BMW iX,Electric,Electric,Individual,Individual,USD,USD,1,95912.68,3.9,95912.68,OK,87993.28,65925.6,22067.68,56,OK,Prefer not to say,4.4,OK
BMW-5023,10-06-2026,CORRUPTED,2024,6,Q2,Australia,Australia,Sydney BMW,BMW X3,SUV,Diesel,Individual,Individual,AUD,AUD,1,94424.75,3.91,94424.75,OK,57227.12,42878.02,14349.1,50,OK,Female,4.4,OK
BMW-4428,05-06-2026,CORRUPTED,2023,12,Q4,Germany,Germany,BMW Munich HQ,BMW iX,Electric,Electric,Individual,Individual,EUR,EUR,1,94226.94,5,94226.94,OK,94226.94,71416.5,22810.45,57,OK,Prefer not to say,4.4,OK
BMW-4728,14-04-2026,CORRUPTED,2024,3,Q1,UK,UK,Manchester Prestige,BMW M5,M Sport,Hybrid,individual,Individual,GBP,GBP,1,91062.46,6.12,91062.46,OK,105886.59,81204.14,24682.45,61,OK,Prefer not to say,4.4,OK
BMW-2056,26-03-2026,CORRUPTED,2021,4,Q2,USA,USA,Beverly Hills BMW,BMW iX,Electric,Electric,Individual,Individual,USD,USD,1,89559.11,5.38,89559.11,OK,82164.32,62521.38,19642.94,30,OK,Male,4.4,OK
BMW-4029,17-02-2026,CORRUPTED,2023,7,Q3,USA,USA,Dallas BMW,BMW iX,Electric,Electric,Individual,Individual,USD,USD,1,86405.5,6.48,86405.5,OK,79271.1,61030.29,18240.81,51,OK,Prefer not to say,4.4,OK
BMW-1541,25-12-2025,CORRUPTED,2020,9,Q3,Germany,Germany,Stuttgart Motors,BMW iX,Electric,Electric,individual,Individual,EUR,EUR,1,83370.12,7.88,83370.12,OK,83370.12,65161.13,18208.99,41,OK,Prefer not to say,4.4,OK
BMW-2615,19-12-2025,CORRUPTED,2021,12,Q4,USA,USA,Dallas BMW,BMW M3,M Sport,Petrol,individual,Individual,USD,USD,1,83248.66,6.74,83248.66,OK,76374.91,58962.57,17412.34,42,OK,Male,4.4,OK
BMW-2552,07-12-2025,CORRUPTED,2021,11,Q4,UK,UK,London BMW Centre,BMW iX,Electric,Electric,Individual,Individual,GBP,GBP,1,82452.35,1.17,82452.35,OK,95874.83,69849.11,26025.71,30,OK,Female,4.4,OK
BMW-1159,06-10-2025,CORRUPTED,2020,3,Q1,USA,USA,Miami Auto Group,BMW 2 Series,Coupe,Petrol,Government,Government,USD,USD,2,39184.05,7.17,78368.11,OK,71897.34,55766.98,16130.36,-5,BAD AGE,Male,4.4,OK
BMW-3458,24-08-2025,CORRUPTED,2022,12,Q4,Germany,Germany,BMW Munich HQ,BMW 2 Series,Coupe,Petrol,Lease,Lease,EUR,EUR,2,38241.57,4.25,76483.14,OK,76483.14,57512.52,18970.63,64,OK,Prefer not to say,4.4,OK
BMW-4774,21-08-2025,CORRUPTED,2024,4,Q2,Germany,Germany,Stuttgart Motors,BMW X5,SUV,Diesel,individual,Individual,EUR,EUR,1,76315.97,6.6,76315.97,OK,76315.97,58830.5,17485.48,49,OK,Prefer not to say,4.4,OK
BMW-3631,12-07-2025,CORRUPTED,2023,2,Q1,UK,UK,London BMW Centre,BMW M3,M Sport,Hybrid,Individual,Individual,GBP,GBP,1,74156.19,7.14,74156.19,OK,86228.12,66859.61,19368.52,43,OK,Male,4.4,OK
BMW-4839,28-06-2025,CORRUPTED,2024,4,Q2,Australia,Australia,Sydney BMW,BMW 3 Series,Sedan,Hybrid,individual,Individual,AUD,AUD,1,73526.34,4.82,73526.34,OK,44561.42,33709.37,10852.05,68,OK,Female,4.4,OK
BMW-2798,11-03-2025,CORRUPTED,2022,3,Q1,USA,USA,Beverly Hills BMW,BMW i4,Electric,Electric,Individual,Individual,USD,USD,1,66791.82,1.85,66791.82,OK,61276.9,44949.97,16326.93,42,OK,Male,4.4,OK
BMW-2961,05-02-2025,CORRUPTED,2022,5,Q2,USA,USA,Miami Auto Group,BMW 5 Series,Sedan,Diesel,Individual,Individual,USD,USD,1,65539.1,4.34,65539.1,OK,60127.62,45257.43,14870.19,62,OK,Prefer not to say,4.4,OK
BMW-1551,06-01-2025,CORRUPTED,2020,9,Q3,USA,USA,Dallas BMW,BMW X3,SUV,Petrol,Individual,Individual,USD,USD,1,64263.55,1.13,64263.55,OK,58957.39,42932.61,16024.78,27,OK,Female,4.4,OK
BMW-1225,31-12-2024,CORRUPTED,2020,4,Q2,USA,USA,Beverly Hills BMW,BMW X3,SUV,Petrol,Individual,Individual,USD,USD,1,63970.73,1.19,63970.73,OK,58688.74,42764.49,15924.25,31,OK,Prefer not to say,4.4,OK
BMW-4730,26-12-2024,CORRUPTED,2024,3,Q1,UK,UK,Edinburgh Motors,BMW X5,SUV,Petrol,Individual,Individual,GBP,GBP,1,63881.11,6.5,63881.11,OK,74280.36,57197.12,17083.24,55,OK,Male,4.4,OK
BMW-3028,03-12-2024,CORRUPTED,2022,6,Q2,USA,USA,Chicago Motors,BMW 5 Series,Sedan,Diesel,Individual,Individual,USD,USD,1,62757.05,4.8,62757.05,OK,57575.27,43542.24,14033.03,65,OK,Male,4.4,OK
BMW-1612,17-11-2024,CORRUPTED,2020,10,Q4,Germany,Germany,BMW Munich HQ,BMW i4,Electric,Electric,Individual,Individual,EUR,EUR,1,62271.09,0.64,62271.09,OK,62271.09,45124.63,17146.46,40,OK,Prefer not to say,4.4,OK
BMW-1837,10-11-2024,CORRUPTED,2021,1,Q1,Germany,Germany,Stuttgart Motors,BMW i4,Electric,Electric,Corporate Fleet,Corporate Fleet,EUR,EUR,1,61951.34,6.63,61951.34,OK,61951.34,47771.47,14179.87,51,OK,Male,4.4,OK
BMW-4018,05-11-2024,CORRUPTED,2023,7,Q3,Germany,Germany,Hamburg Drive,BMW 5 Series,Sedan,Petrol,Individual,Individual,EUR,EUR,1,61824.26,5.41,61824.26,OK,61824.26,47059.32,14764.95,47,OK,Prefer not to say,4.4,OK
BMW-1690,03-11-2024,CORRUPTED,2020,11,Q4,USA,USA,Dallas BMW,BMW X3,SUV,Hybrid,individual,Individual,USD,USD,1,61803.34,0.03,61803.34,OK,56700.31,40838.48,15861.83,52,OK,Female,4.4,OK
BMW-2313,27-10-2024,CORRUPTED,2021,8,Q3,USA,USA,New York BMW,BMW 5 Series,Sedan,Hybrid,Individual,Individual,USD,USD,1,61483.92,1.69,61483.92,OK,56407.26,41313.06,15094.2,48,OK,Female,4.4,OK
BMW-3185,22-10-2024,CORRUPTED,2022,8,Q3,USA,USA,Miami Auto Group,BMW 5 Series,Sedan,Hybrid,Individual,Individual,USD,USD,1,61399.93,6.29,61399.93,OK,56330.21,43278.44,13051.77,48,OK,Female,4.4,OK
BMW-5148,01-10-2024,CORRUPTED,2024,8,Q3,USA,USA,Chicago Motors,BMW X3,SUV,Diesel,Corporate Fleet,Corporate Fleet,USD,USD,1,60591.69,3.67,60591.69,OK,55588.71,41548.01,14040.7,34,OK,Male,4.4,OK
BMW-3361,25-09-2024,CORRUPTED,2022,10,Q4,Australia,Australia,Melbourne Auto Group,BMW 2 Series,Coupe,Diesel,Individual,Individual,AUD,AUD,1,60428.05,2.72,60428.05,OK,36623.06,27106.74,9516.32,44,OK,Female,4.4,OK
BMW-3455,29-08-2024,CORRUPTED,2022,12,Q4,Germany,Germany,BMW Munich HQ,BMW i4,Electric,Electric,Individual,Individual,EUR,EUR,1,59499.49,6.83,59499.49,OK,59499.49,45982.42,13517.07,54,OK,Prefer not to say,4.4,OK
BMW-2688,23-08-2024,CORRUPTED,2022,1,Q1,USA,USA,Chicago Motors,BMW X3,SUV,Diesel,Individual,Individual,USD,USD,1,59241.85,5.26,59241.85,OK,54350.32,41306.44,13043.89,42,OK,Prefer not to say,4.4,OK
BMW-4785,01-07-2024,CORRUPTED,2024,4,Q2,USA,USA,New York BMW,BMW X3,SUV,Petrol,individual,Individual,USD,USD,1,57739.83,5.03,57739.83,OK,52972.32,40158.53,12813.79,34,OK,Male,4.4,OK
BMW-3853,29-06-2024,CORRUPTED,2023,5,Q2,Germany,Germany,BMW Munich HQ,BMW 5 Series,Sedan,Diesel,Individual,Individual,EUR,EUR,1,57692.97,4.35,57692.97,OK,57692.97,43428.11,14264.87,63,OK,Prefer not to say,4.4,OK
BMW-2531,09-06-2024,CORRUPTED,2021,11,Q4,USA,USA,Chicago Motors,BMW X3,SUV,Hybrid,Individual,Individual,USD,USD,1,57347.52,2.07,57347.52,OK,52612.4,38680.22,13932.18,50,OK,Male,4.4,OK
BMW-4347,13-04-2024,CORRUPTED,2023,11,Q4,Germany,Germany,Stuttgart Motors,BMW 5 Series,Sedan,Hybrid,individual,Individual,EUR,EUR,1,55272.34,7,55272.34,OK,55272.34,42789.93,12482.41,27,OK,Male,4.4,OK
BMW-3627,22-03-2024,CORRUPTED,2023,2,Q1,USA,USA,New York BMW,BMW X3,SUV,Hybrid,Individual,Individual,USD,USD,1,54624.4,2.99,54624.4,OK,50114.13,37193.95,12920.18,42,OK,Male,4.4,OK
BMW-1489,04-03-2024,CORRUPTED,2020,8,Q3,USA,USA,Dallas BMW,BMW X3,SUV,Hybrid,Individual,Individual,USD,USD,1,53989.37,4.05,53989.37,OK,49531.53,37166.77,12364.75,56,OK,Male,4.4,OK
BMW-4702,24-02-2024,CORRUPTED,2024,3,Q1,USA,USA,Miami Auto Group,BMW X3,SUV,Diesel,Individual,Individual,USD,USD,1,53697.9,6.26,53697.9,OK,49264.12,37840.45,11423.68,28,OK,Female,4.4,OK
BMW-3259,20-02-2024,CORRUPTED,2022,9,Q3,USA,USA,Miami Auto Group,BMW X3,SUV,Diesel,Individual,Individual,USD,USD,1,53591.04,3.61,53591.04,OK,49166.1,36726.28,12439.82,49,OK,Prefer not to say,4.4,OK
BMW-2096,14-02-2024,CORRUPTED,2021,5,Q2,Germany,Germany,BMW Munich HQ,BMW X3,SUV,Diesel,Individual,Individual,eur,EUR,1,53438.57,5.6,53438.57,OK,53438.57,40760.34,12678.23,31,OK,Female,4.4,OK
BMW-3764,08-02-2024,CORRUPTED,2023,4,Q2,Germany,Germany,AutohaUSA Berlin,BMW X3,SUV,Hybrid,Individual,Individual,EUR,EUR,1,53223.69,7.24,53223.69,OK,53223.69,41313.38,11910.31,43,OK,Prefer not to say,4.4,OK
BMW-2523,26-01-2024,CORRUPTED,2021,11,Q4,USA,USA,Miami Auto Group,BMW X3,SUV,Diesel,Individual,Individual,USD,USD,1,52931.86,5.89,52931.86,OK,48561.34,37151.76,11409.57,32,OK,Prefer not to say,4.4,OK
BMW-4796,30-12-2023,CORRUPTED,2024,4,Q2,UK,UK,Edinburgh Motors,BMW 5 Series,Sedan,Hybrid,Individual,Individual,GBP,GBP,1,51785.05,7.95,51785.05,OK,60215.18,47097.73,13117.45,39,OK,Male,4.4,OK
BMW-2680,28-12-2023,CORRUPTED,2022,1,Q1,USA,USA,Beverly Hills BMW,BMW X3,SUV,Hybrid,Individual,Individual,USD,USD,1,51632.47,4.76,51632.47,OK,47369.24,35811.26,11557.98,56,OK,Male,4.4,OK
BMW-2310,17-12-2023,CORRUPTED,2021,8,Q3,USA,USA,Chicago Motors,BMW 3 Series,Sedan,Petrol,Individual,Individual,USD,USD,1,51108,2.72,51108,OK,46888.07,34703.36,12184.72,44,OK,Prefer not to say,4.4,OK
BMW-2377,02-12-2023,CORRUPTED,2021,9,Q3,Germany,Germany,AutohaUSA Berlin,BMW X3,SUV,Hybrid,Individual,Individual,EUR,EUR,1,50456.42,3.76,50456.42,OK,50456.42,37746.09,12710.34,40,OK,Female,4.4,OK
BMW-2232,01-12-2023,CORRUPTED,2021,7,Q3,Germany,Germany,BMW Munich HQ,BMW X3,SUV,Hybrid,individual,Individual,EUR,EUR,1,50412.46,6.28,50412.46,OK,50412.46,38729.38,11683.09,34,OK,Female,4.4,OK
BMW-4854,18-11-2023,CORRUPTED,2024,5,Q2,Germany,Germany,Hamburg Drive,BMW X3,SUV,Diesel,Individual,Individual,EUR,EUR,1,49728.81,6.64,49728.81,OK,49728.81,38349.3,11379.51,61,OK,Female,4.4,OK
BMW-5421,02-10-2023,CORRUPTED,2024,11,Q4,UK,UK,Manchester Prestige,BMW X3,SUV,Hybrid,Corporate Fleet,Corporate Fleet,GBP,GBP,1,48033.71,5.79,48033.71,OK,55853.16,42684.11,13169.04,52,OK,Female,4.4,OK
BMW-1344,30-09-2023,CORRUPTED,2020,6,Q2,Germany,Germany,BMW Munich HQ,BMW 3 Series,Sedan,Hybrid,Lease,Lease,EUR,EUR,1,47915.28,2.7,47915.28,OK,47915.28,35454.56,12460.72,25,OK,Female,4.4,OK
BMW-3722,10-09-2023,CORRUPTED,2023,3,Q1,UK,UK,Edinburgh Motors,BMW 5 Series,Sedan,Diesel,Individual,Individual,GBP,GBP,1,47147.67,4.1,47147.67,OK,54822.87,41161.98,13660.89,35,OK,Prefer not to say,4.4,OK
BMW-1930,14-08-2023,CORRUPTED,2021,2,Q1,UK,UK,Edinburgh Motors,BMW 5 Series,Sedan,Diesel,corporate fleet,Corporate Fleet,GBP,GBP,1,46342.56,3.88,46342.56,OK,53886.7,40363.02,13523.68,32,OK,Male,4.4,OK
BMW-4887,04-08-2023,CORRUPTED,2024,5,Q2,UK,UK,Manchester Prestige,BMW X3,SUV,Hybrid,Individual,Individual,GBP,GBP,1,45888.97,2.68,45888.97,OK,53359.26,39477.45,13881.82,32,OK,Male,4.4,OK
BMW-4866,11-07-2023,CORRUPTED,2024,5,Q2,Germany,Germany,Stuttgart Motors,BMW 3 Series,Sedan,Hybrid,Individual,Individual,EUR,EUR,1,45079.27,7.75,45079.27,OK,45079.27,35185.59,9893.68,56,OK,Female,4.4,OK
BMW-3125,12-06-2023,CORRUPTED,2022,7,Q3,UK,UK,Edinburgh Motors,BMW X3,SUV,Diesel,Individual,Individual,GBP,GBP,1,44124.02,5.94,44124.02,OK,51307,39273.28,12033.72,52,OK,Prefer not to say,4.4,OK
BMW-1365,01-06-2023,CORRUPTED,2020,6,Q2,UK,UK,Manchester Prestige,BMW X3,SUV,Petrol,individual,Individual,GBP,GBP,1,43854.15,0.29,43854.15,OK,50993.2,36823.13,14170.07,52,OK,Female,4.4,OK
BMW-2818,28-05-2023,CORRUPTED,2022,3,Q1,UK,UK,Manchester Prestige,BMW X3,SUV,Diesel,Government,Government,GBP,GBP,1,43605.89,5.99,43605.89,OK,50704.52,38833.12,11871.4,57,OK,Male,4.4,OK
BMW-3789,17-05-2023,CORRUPTED,2023,4,Q2,USA,USA,Chicago Motors,BMW 2 Series,Coupe,Hybrid,Individual,Individual,USD,USD,1,42971.47,1.67,42971.47,OK,39423.36,28865.91,10557.46,37,OK,Male,4.4,OK
BMW-2160,29-04-2023,CORRUPTED,2021,6,Q2,Germany,Germany,BMW Munich HQ,BMW 3 Series,Sedan,Petrol,Individual,Individual,EUR,EUR,1,42052.01,2.8,42052.01,OK,42052.01,31149.48,10902.53,38,OK,Female,4.4,OK
BMW-2305,10-03-2023,CORRUPTED,2021,8,Q3,Germany,Germany,AutohaUSA Berlin,BMW 2 Series,Coupe,Hybrid,individual,Individual,eur,EUR,1,39791.47,1.23,39791.47,OK,39791.47,29005.21,10786.25,38,OK,Male,4.4,OK
BMW-3401,28-02-2023,CORRUPTED,2022,11,Q4,UK,UK,Edinburgh Motors,BMW 3 Series,Sedan,Diesel,Individual,Individual,gbp,GBP,1,39225.34,3.29,39225.34,OK,45610.86,33956.43,11654.42,62,OK,Female,4.4,OK
BMW-1785,24-02-2023,CORRUPTED,2020,12,Q4,USA,USA,Beverly Hills BMW,BMW 2 Series,Coupe,Hybrid,Individual,Individual,USD,USD,1,38966.88,5.64,38966.88,OK,35749.43,27277.77,8471.66,46,OK,Female,4.4,OK
BMW-3656,09-02-2023,CORRUPTED,2023,2,Q1,India,India,Bangalore Motors,BMW 2 Series,Coupe,Petrol,Individual,Individual,INR,INR,1,3800515.25,0.16,38005.1525,OK,41763.9,30119.43,11644.47,999,BAD AGE,Prefer not to say,4.4,OK
BMW-2691,09-01-2023,CORRUPTED,2022,1,Q1,UK,UK,Manchester Prestige,BMW 3 Series,Sedan,Hybrid,individual,Individual,GBP,GBP,1,36081.56,5.72,36081.56,OK,41955.3,32039.71,9915.59,51,OK,Male,4.4,OK
BMW-2063,12-12-2022,CORRUPTED,2021,4,Q2,UK,UK,Edinburgh Motors,BMW 2 Series,Coupe,Hybrid,Individual,Individual,gbp,GBP,1,32518.49,6.24,32518.49,OK,37812.2,29035.48,8776.73,44,OK,Prefer not to say,4.4,OK
BMW-2157,26-11-2022,CORRUPTED,2021,5,Q2,South Africa,South Africa,Cape Town BMW,BMW iX,Electric,Electric,Individual,Individual,ZAR,ZAR,1,1858471.28,2.52,18584.7128,OK,92923.56,68636.61,24286.96,70,OK,Prefer not to say,4.4,OK
BMW-3198,22-11-2022,CORRUPTED,2022,8,Q3,China,China,Beijing Luxury Motors,BMW 3 Series,Sedan,Hybrid,Lease,Lease,CNY,CNY,2,372781.99,2.06,7455.6397,OK,94375.19,69381.84,24993.35,41,OK,Female,4.4,OK
BMW-1237,17-09-2022,CORRUPTED,2020,4,Q2,UK,UK,London BMW Centre,BMW M3,M Sport,Diesel,individual,Individual,GBP,GBP,1,76202.64,3.18,-76202.64,BAD REVENUE,88607.73,65891.24,22716.49,43,OK,Male,4.4,OK
BMW-2764,28-08-2022,CORRUPTED,2022,2,Q1,China,China,Beijing Luxury Motors,BMW iX,Electric,Electric,Individual,Individual,CNY,CNY,1,716794.56,7.8,-716794.56,BAD REVENUE,90733.49,70855.32,19878.17,25,OK,Female,4.4,OK
BMW-3820,20-08-2022,CORRUPTED,2023,4,Q2,China,China,Beijing Luxury Motors,BMW i7,Electric,Electric,Government,Government,CNY,CNY,3,928485.31,1.56,-2785455.94,BAD REVENUE,352589.36,257891.04,94698.32,47,OK,Female,4.4,OK
BMW-2995,17-08-2022,CORRUPTED,2022,5,Q2,China,China,Shanghai BMW,BMW X5,SUV,Hybrid,Lease,Lease,CNY,CNY,7,609415.42,4.53,-4265907.96,BAD REVENUE,539988.35,407226.36,132761.99,26,OK,Male,4.4,OK
BMW-4926,11-02-2035,CORRUPTED,2024,5,Q2,India,India,Bangalore Motors,BMW i7,Electric,Electric,corporate fleet,Corporate Fleet,INR,INR,7,10574950.48,4.73,74024653.38,OK,813457.73,614772.88,198684.85,28,OK,Male,4.5,OK
BMW-2918,09-02-2035,CORRUPTED,2022,4,Q2,India,India,Mumbai BMW,BMW X7,SUV,Diesel,Corporate Fleet,Corporate Fleet,INR,INR,8,8482511.75,5.23,67860094,OK,745715.32,566568.58,179146.73,42,OK,Prefer not to say,4.5,OK
BMW-5365,10-01-2035,CORRUPTED,2024,10,Q4,India,India,Delhi Prestige Auto,BMW 7 Series,Sedan,Diesel,Corporate Fleet,Corporate Fleet,INR,INR,4,8394526.81,5.78,33578107.24,OK,368990.19,281972.15,87018.04,32,OK,Prefer not to say,4.5,OK
BMW-1660,06-01-2035,CORRUPTED,2020,10,Q4,India,India,Bangalore Motors,BMW i4,Electric,Electric,Corporate Fleet,Corporate Fleet,INR,INR,6,5290762.44,7.07,31744574.61,OK,348841.48,270267.62,78573.86,27,OK,Prefer not to say,4.5,OK
BMW-5551,05-12-2034,CORRUPTED,2024,12,Q4,India,India,Mumbai BMW,BMW X5,SUV,Diesel,Corporate Fleet,Corporate Fleet,INR,INR,3,7050393.7,4.49,21151181.09,OK,232430.56,175214.31,57216.26,59,OK,Male,4.5,OK
BMW-4319,23-11-2034,CORRUPTED,2023,10,Q4,India,India,Mumbai BMW,BMW X3,SUV,Petrol,Corporate Fleet,Corporate Fleet,INR,INR,4,4593506.01,5.97,18374024.06,OK,201912.35,154609.15,47303.2,58,OK,Female,4.5,OK
BMW-3581,20-11-2034,CORRUPTED,2023,1,Q1,India,India,Mumbai BMW,BMW 5 Series,Sedan,Petrol,Corporate Fleet,Corporate Fleet,INR,INR,3,5639385.99,1.59,16918157.97,OK,185913.82,136016.92,49896.9,29,OK,Male,4.5,OK
BMW-1251,11-11-2034,CORRUPTED,2020,4,Q2,India,India,Delhi Prestige Auto,BMW 2 Series,Coupe,Diesel,Corporate Fleet,Corporate Fleet,INR,INR,4,3795223.89,1.65,15180895.57,OK,166823.03,122129.39,44693.64,33,OK,Male,4.5,OK
BMW-4671,27-10-2034,CORRUPTED,2024,2,Q1,India,India,Bangalore Motors,BMW X5,SUV,Diesel,lease,Lease,INR,INR,2,6090816.14,7.68,12181632.27,OK,133864.09,104399.5,29464.59,44,OK,Female,4.5,OK
BMW-2853,16-10-2034,CORRUPTED,2022,3,Q1,South Africa,South Africa,Johannesburg Motors,BMW X7,SUV,Hybrid,Corporate Fleet,Corporate Fleet,ZAR,ZAR,6,1884001.9,0.23,11304011.41,OK,565200.57,407864.27,157336.3,49,OK,Female,4.5,OK
BMW-4334,13-10-2034,CORRUPTED,2023,10,Q4,South Africa,South Africa,Cape Town BMW,BMW 7 Series,Sedan,Hybrid,lease,Lease,ZAR,ZAR,6,1840121.12,1.34,11040726.7,OK,552036.34,402868.28,149168.06,69,OK,Prefer not to say,4.5,OK
BMW-2570,20-09-2034,CORRUPTED,2021,11,Q4,India,India,Delhi Prestige Auto,BMW X3,SUV,Diesel,Corporate Fleet,Corporate Fleet,INR,INR,2,4939737.63,6.85,9879475.26,OK,108565.66,83914.79,24650.87,45,OK,Female,4.5,OK
BMW-3503,17-09-2034,CORRUPTED,2022,12,Q4,India,India,Delhi Prestige Auto,BMW X7,SUV,Hybrid,Individual,Individual,INR,INR,1,9644728.75,3.35,9644728.75,OK,105986.03,78952.54,27033.49,29,OK,Prefer not to say,4.5,OK
BMW-1588,02-09-2034,CORRUPTED,2020,9,Q3,India,India,Delhi Prestige Auto,BMW X7,SUV,Hybrid,individual,Individual,INR,INR,1,8747043.85,0.63,8747043.85,OK,96121.36,69647.38,26473.98,33,OK,Female,4.5,OK
BMW-4924,14-08-2034,CORRUPTED,2024,5,Q2,India,India,Mumbai BMW,BMW iX,Electric,Electric,individual,Individual,INR,INR,1,7922372.49,3.62,7922372.49,OK,87059.04,65034.65,22024.39,62,OK,Male,4.5,OK
BMW-4845,01-08-2034,CORRUPTED,2024,4,Q2,South Africa,South Africa,Cape Town BMW,BMW iX,Electric,Electric,Lease,Lease,ZAR,ZAR,4,1861152.61,6.73,7444610.46,OK,372230.52,287354.72,84875.8,41,OK,Female,4.5,OK
BMW-3203,27-06-2034,CORRUPTED,2022,8,Q3,China,China,Shenzhen Auto,BMW X7,SUV,Hybrid,Lease,Lease,CNY,CNY,8,838674.9,4.67,6709399.22,OK,849291.04,641422.58,207868.46,49,OK,Male,4.5,OK
BMW-5100,18-06-2034,CORRUPTED,2024,7,Q3,India,India,Bangalore Motors,BMW i4,Electric,Electric,Lease,Lease,INR,INR,1,6428011.16,2.12,6428011.16,OK,70637.49,51958.82,18678.67,37,OK,Female,4.5,OK
BMW-2010,04-06-2034,CORRUPTED,2021,3,Q1,India,India,Delhi Prestige Auto,BMW i4,Electric,Electric,Individual,Individual,INR,INR,1,6056442.84,0.93,6056442.84,OK,66554.32,48369.36,18184.95,68,OK,Male,4.5,OK
BMW-1657,20-04-2034,CORRUPTED,2020,10,Q4,India,India,Mumbai BMW,BMW 5 Series,Sedan,Hybrid,individual,Individual,INR,INR,1,5189715.29,7.65,5189715.29,OK,57029.84,44462.11,12567.72,51,OK,Male,4.5,OK
BMW-2826,17-04-2034,CORRUPTED,2022,3,Q1,China,China,Shenzhen Auto,BMW iX,Electric,Electric,Lease,Lease,CNY,CNY,7,737062.61,2.81,5159438.26,OK,653093.45,483798.52,169294.93,29,OK,Female,4.5,OK
BMW-1044,20-02-2034,CORRUPTED,2020,1,Q1,China,China,Shanghai BMW,BMW M5,M Sport,Hybrid,Corporate Fleet,Corporate Fleet,CNY,CNY,5,882862.64,5.06,4414313.2,OK,558773.82,423752.44,135021.38,31,OK,Male,4.5,OK
BMW-5277,30-01-2034,CORRUPTED,2024,9,Q3,China,China,Guangzhou BMW,BMW 7 Series,Sedan,Petrol,corporate fleet,Corporate Fleet,CNY,CNY,5,820113.58,1.37,4100567.91,OK,519059.23,378925.6,140133.63,56,OK,Prefer not to say,4.5,OK
BMW-1669,06-12-2033,CORRUPTED,2020,10,Q4,South Africa,South Africa,Johannesburg Motors,BMW iX,Electric,Electric,Corporate Fleet,Corporate Fleet,ZAR,ZAR,2,1746443.59,0.61,3492887.18,OK,174644.36,126521.92,48122.44,57,OK,Female,4.5,OK
BMW-3884,25-09-2033,CORRUPTED,2023,5,Q2,China,China,Guangzhou BMW,BMW X3,SUV,Diesel,government,Government,CNY,CNY,7,399796.18,6.96,2798573.29,OK,354249.78,274149.67,80100.11,63,OK,Prefer not to say,4.5,OK
BMW-2916,19-09-2033,CORRUPTED,2022,4,Q2,China,China,Shenzhen Auto,BMW iX,Electric,Electric,Corporate Fleet,Corporate Fleet,CNY,CNY,4,678797.33,5.62,2715189.32,OK,343694.85,262203.83,81491.02,57,OK,Female,4.5,OK
BMW-3980,18-09-2033,CORRUPTED,2023,6,Q2,UAE,UAE,Dubai BMW,BMW iX,Electric,Electric,corporate fleet,Corporate Fleet,AED,AED,7,387750.97,2.8,2714256.77,OK,678564.19,502618.85,175945.35,62,OK,Male,4.5,OK
BMW-3653,11-09-2033,CORRUPTED,2023,2,Q1,China,China,Shenzhen Auto,BMW iX,Electric,Electric,Corporate Fleet,Corporate Fleet,CNY,CNY,4,660630.1,4.1,2642520.4,OK,334496.25,251121.26,83374.99,70,OK,Male,4.5,OK
BMW-3201,22-08-2033,CORRUPTED,2022,8,Q3,China,China,Shanghai BMW,BMW 2 Series,Coupe,Petrol,corporate fleet,Corporate Fleet,CNY,CNY,8,312015.2,4.72,2496121.63,OK,315964.76,238758.87,77205.89,47,OK,Male,4.5,OK
BMW-1738,06-08-2033,CORRUPTED,2020,11,Q4,UAE,UAE,Abu Dhabi Motors,BMW iX,Electric,Electric,Corporate Fleet,Corporate Fleet,AED,AED,7,342886.38,5.75,2400204.68,OK,600051.17,458378.23,141672.94,33,OK,Female,4.5,OK
BMW-2158,27-07-2033,CORRUPTED,2021,5,Q2,South Africa,South Africa,Johannesburg Motors,BMW M5,M Sport,Petrol,Individual,Individual,ZAR,ZAR,1,2321005.59,1.9,2321005.59,OK,116050.28,85170.52,30879.76,45,OK,Prefer not to say,4.5,OK
BMW-3445,25-04-2033,CORRUPTED,2022,11,Q4,South Africa,South Africa,Cape Town BMW,BMW iX,Electric,Electric,Individual,Individual,ZAR,ZAR,1,1864200.2,4.93,1864200.2,OK,93210.01,70591.21,22618.8,31,OK,Female,4.5,OK
BMW-2647,22-04-2033,CORRUPTED,2021,12,Q4,UAE,UAE,Dubai BMW,BMW i4,Electric,Electric,Lease,Lease,AED,AED,7,263958.29,0.65,1847708.06,OK,461927.02,334769.45,127157.57,51,OK,Male,4.5,OK
BMW-4181,25-03-2033,CORRUPTED,2023,8,Q3,South Africa,South Africa,Cape Town BMW,BMW M3,M Sport,Petrol,Lease,Lease,ZAR,ZAR,1,1756820.57,2.79,1756820.57,OK,87841.03,65062.05,22778.98,63,OK,Female,4.5,OK
BMW-5117,14-02-2033,CORRUPTED,2024,7,Q3,South Africa,South Africa,Johannesburg Motors,BMW X5,SUV,Diesel,Individual,Individual,ZAR,ZAR,1,1620417.59,0.94,1620417.59,OK,81020.88,58890.52,22130.36,64,OK,Prefer not to say,4.5,OK
BMW-3130,10-02-2033,CORRUPTED,2022,7,Q3,China,China,Shenzhen Auto,BMW 3 Series,Sedan,Hybrid,Corporate Fleet,Corporate Fleet,CNY,CNY,5,319454.2,1.02,1597271.02,OK,202186.2,147067.52,55118.68,40,OK,Prefer not to say,4.5,OK
BMW-4943,29-01-2033,CORRUPTED,2024,5,Q2,South Africa,South Africa,Cape Town BMW,BMW X5,SUV,Diesel,Individual,Individual,ZAR,ZAR,1,1553077.24,4.87,1553077.24,OK,77653.86,58774.67,18879.2,33,OK,Prefer not to say,4.5,OK
BMW-3429,16-01-2033,CORRUPTED,2022,11,Q4,UAE,UAE,Abu Dhabi Motors,BMW M5,M Sport,Diesel,Corporate Fleet,Corporate Fleet,AED,AED,3,503012.73,1.04,1509038.2,OK,377259.55,274474.97,102784.58,59,OK,Male,4.5,OK
BMW-5116,04-01-2033,CORRUPTED,2024,7,Q3,South Africa,South Africa,Cape Town BMW,BMW i4,Electric,Electric,Individual,Individual,ZAR,ZAR,1,1447109.48,0.08,1447109.48,OK,72355.47,52135.46,20220.01,33,OK,Prefer not to say,4.5,OK
BMW-3676,03-01-2033,CORRUPTED,2023,2,Q1,South Africa,South Africa,Cape Town BMW,BMW X5,SUV,Diesel,Individual,Individual,ZAR,ZAR,1,1441929,1.28,1441929,OK,72096.45,52580.92,19515.53,69,OK,Prefer not to say,4.5,OK
BMW-3810,27-12-2032,CORRUPTED,2023,4,Q2,China,China,Shenzhen Auto,BMW i4,Electric,Electric,Corporate Fleet,Corporate Fleet,CNY,CNY,3,474249.01,4.71,1422747.04,OK,180094.56,136082.6,44011.96,30,OK,Prefer not to say,4.5,OK
BMW-2634,20-11-2032,CORRUPTED,2021,12,Q4,China,China,Beijing Luxury Motors,BMW 3 Series,Sedan,Hybrid,Lease,Lease,CNY,CNY,4,325776.82,5.11,1303107.29,OK,164950.29,125154.33,39795.96,57,OK,Prefer not to say,4.5,OK
BMW-5552,18-11-2032,CORRUPTED,2024,12,Q4,UAE,UAE,Abu Dhabi Motors,BMW i7,Electric,Electric,Lease,Lease,AED,AED,3,433796.53,6.64,1301389.58,OK,325347.4,250898.23,74449.16,63,OK,Male,4.5,OK
BMW-1305,31-10-2032,CORRUPTED,2020,5,Q2,China,China,Guangzhou BMW,BMW X3,SUV,Petrol,Corporate Fleet,Corporate Fleet,CNY,CNY,3,423240.91,4.32,1269722.73,OK,160724.4,120946.3,39778.09,45,OK,Male,4.5,OK
BMW-4177,30-10-2032,CORRUPTED,2023,8,Q3,South Africa,South Africa,Cape Town BMW,BMW i4,Electric,Electric,individual,Individual,ZAR,ZAR,1,1267461.73,3.41,1267461.73,OK,63373.09,47240.67,16132.41,69,OK,Prefer not to say,4.5,OK
BMW-3915,28-10-2032,CORRUPTED,2023,5,Q2,South Africa,South Africa,Cape Town BMW,BMW i4,Electric,Electric,individual,Individual,ZAR,ZAR,1,1263920.04,5.07,1263920.04,OK,63196,47933.17,15262.84,56,OK,Male,4.5,OK
BMW-4180,07-09-2032,CORRUPTED,2023,8,Q3,South Africa,South Africa,Johannesburg Motors,BMW 5 Series,Sedan,Hybrid,Individual,Individual,ZAR,ZAR,1,1077400.33,3.78,1077400.33,OK,53870.02,40311.93,13558.09,53,OK,Prefer not to say,4.5,OK
BMW-4905,09-08-2032,CORRUPTED,2024,5,Q2,China,China,Beijing Luxury Motors,BMW i7,Electric,Electric,individual,Individual,CNY,CNY,1,1013849.2,0.18,1013849.2,OK,128335.34,92569.46,35765.89,42,OK,Male,4.5,OK
BMW-1175,25-07-2032,CORRUPTED,2020,3,Q1,China,China,Beijing Luxury Motors,BMW i7,Electric,Electric,individual,Individual,CNY,CNY,1,988185.06,0.7,988185.06,OK,125086.72,90693.08,34393.64,46,OK,Female,4.5,OK
BMW-3083,18-07-2032,CORRUPTED,2022,6,Q2,South Africa,South Africa,Cape Town BMW,BMW X3,SUV,Hybrid,Individual,Individual,ZAR,ZAR,1,976795.02,3.75,976795.02,OK,48839.75,36533.79,12305.96,61,OK,Male,4.5,OK
BMW-1186,10-07-2032,CORRUPTED,2020,3,Q1,UAE,UAE,Dubai BMW,BMW iX,Electric,Electric,Lease,Lease,AED,AED,3,322052.53,4.88,966157.58,OK,241539.4,182840.03,58699.37,64,OK,Male,4.5,OK
BMW-1895,13-06-2032,CORRUPTED,2021,1,Q1,Australia,Australia,Sydney BMW,BMW X5,SUV,Petrol,lease,Lease,AUD,AUD,7,133024.34,2.61,931170.38,OK,564345.68,417231.63,147114.05,58,OK,Male,4.5,OK
BMW-2020,12-06-2032,CORRUPTED,2021,3,Q1,Australia,Australia,Melbourne Auto Group,BMW iX,Electric,Electric,Corporate Fleet,Corporate Fleet,AUD,AUD,6,155080.71,3.45,930484.23,OK,563929.84,420539.85,143389.99,67,OK,Prefer not to say,4.5,OK
BMW-4912,11-06-2032,CORRUPTED,2024,5,Q2,China,China,Shenzhen Auto,BMW M5,M Sport,Diesel,Individual,Individual,CNY,CNY,1,929636.47,1.1,929636.47,OK,117675.5,85666.76,32008.74,37,OK,Prefer not to say,4.5,OK
BMW-2201,27-05-2032,CORRUPTED,2021,6,Q2,China,China,Shenzhen Auto,BMW M5,M Sport,Hybrid,individual,Individual,CNY,CNY,1,912366.88,7.73,912366.88,OK,115489.48,90113.82,25375.66,44,OK,Prefer not to say,4.5,OK
BMW-5542,05-02-2032,CORRUPTED,2024,12,Q4,China,China,Guangzhou BMW,BMW X7,SUV,Petrol,Individual,Individual,CNY,CNY,1,771556.03,6.26,771556.03,OK,97665.32,75014.22,22651.1,38,OK,Male,4.5,OK
BMW-2411,27-01-2032,CORRUPTED,2021,9,Q3,China,China,Guangzhou BMW,BMW 7 Series,Sedan,Diesel,Individual,Individual,CNY,CNY,1,763132.59,0.74,763132.59,OK,96599.06,70069.56,26529.51,52,OK,Male,4.5,OK
BMW-4054,14-12-2031,CORRUPTED,2023,7,Q3,China,China,Shanghai BMW,BMW iX,Electric,Electric,individual,Individual,CNY,CNY,1,723751.35,7.29,723751.35,OK,91614.09,71145.84,20468.25,69,OK,Male,4.5,OK
BMW-3519,30-11-2031,CORRUPTED,2022,12,Q4,Australia,Australia,Sydney BMW,BMW 5 Series,Sedan,Petrol,Corporate Fleet,Corporate Fleet,AUD,AUD,7,102287.32,3.95,716011.24,OK,433946.2,325283.71,108662.5,59,OK,Male,4.5,OK
BMW-3623,31-07-2031,CORRUPTED,2023,2,Q1,USA,USA,Beverly Hills BMW,BMW X5,SUV,Petrol,Corporate Fleet,Corporate Fleet,USD,USD,8,78949.41,0.27,631595.3,OK,579445.23,418318.91,161126.31,34,OK,Female,4.5,OK
BMW-3459,10-07-2031,CORRUPTED,2022,12,Q4,USA,USA,Miami Auto Group,BMW X5,SUV,Petrol,Government,Government,USD,USD,8,77255.41,0.4,618043.29,OK,567012.19,409890.46,157121.74,51,OK,Prefer not to say,4.5,OK
BMW-1743,26-05-2031,CORRUPTED,2020,11,Q4,Australia,Australia,Sydney BMW,BMW X3,SUV,Hybrid,Corporate Fleet,Corporate Fleet,AUD,AUD,7,85005.16,5.3,595036.11,OK,360627.95,274182.34,86445.61,58,OK,Prefer not to say,4.5,OK
BMW-2914,14-05-2031,CORRUPTED,2022,4,Q2,China,China,Beijing Luxury Motors,BMW M3,M Sport,Diesel,Government,Government,CNY,CNY,1,587991.04,5.24,587991.04,OK,74429.25,56551.96,17877.29,70,OK,Male,4.5,OK
BMW-1427,05-05-2031,CORRUPTED,2020,7,Q3,UK,UK,Edinburgh Motors,BMW iX,Electric,Electric,Corporate Fleet,Corporate Fleet,GBP,GBP,7,83358.6,1.88,583510.2,OK,678500.23,497865.79,180634.44,33,OK,Male,4.5,OK
BMW-3578,03-04-2031,CORRUPTED,2023,1,Q1,China,China,Beijing Luxury Motors,BMW X5,SUV,Hybrid,individual,Individual,CNY,CNY,1,565891.98,6.32,565891.98,OK,71631.9,55052.87,16579.03,53,OK,Prefer not to say,4.5,OK
BMW-3805,13-03-2031,CORRUPTED,2023,4,Q2,China,China,Shanghai BMW,BMW i4,Electric,Electric,Individual,Individual,CNY,CNY,1,559250.11,0.55,559250.11,OK,70791.15,51249.86,19541.3,45,OK,Male,4.5,OK
BMW-3149,23-02-2031,CORRUPTED,2022,7,Q3,UAE,UAE,Abu Dhabi Motors,BMW 3 Series,Sedan,Diesel,Corporate Fleet,Corporate Fleet,AED,AED,3,182443.47,2.04,547330.41,OK,136832.6,100571.84,36260.76,49,OK,Prefer not to say,4.5,OK
BMW-1508,07-02-2031,CORRUPTED,2020,8,Q3,China,China,Beijing Luxury Motors,BMW X5,SUV,Petrol,individual,Individual,CNY,CNY,1,532393.93,2.67,532393.93,OK,67391.64,49855.06,17536.58,70,OK,Male,4.5,OK
BMW-1978,01-01-2031,CORRUPTED,2021,3,Q1,Germany,Germany,BMW Munich HQ,BMW M5,M Sport,Diesel,Government,Government,EUR,EUR,4,128823.14,1.49,515292.54,OK,515292.54,376606.49,138686.05,45,OK,Prefer not to say,4.5,OK
BMW-2837,21-12-2030,CORRUPTED,2022,3,Q1,China,China,Shanghai BMW,BMW i4,Electric,Electric,Individual,Individual,CNY,CNY,1,510933.68,4.3,510933.68,OK,64675.15,48659.2,16015.95,62,OK,Female,4.5,OK
BMW-4652,06-12-2030,CORRUPTED,2024,2,Q1,China,China,Shenzhen Auto,BMW i4,Electric,Electric,Individual,Individual,CNY,CNY,1,504417.42,5.97,504417.42,OK,63850.31,48892.33,14957.97,59,OK,Male,4.5,OK
BMW-4815,27-11-2030,CORRUPTED,2024,4,Q2,China,China,Beijing Luxury Motors,BMW 5 Series,Sedan,Petrol,individual,Individual,CNY,CNY,1,501308.19,2.62,501308.19,OK,63456.73,46916.56,16540.17,38,OK,Male,4.5,OK
BMW-3867,04-10-2030,CORRUPTED,2023,5,Q2,USA,USA,Chicago Motors,BMW 5 Series,Sedan,Petrol,lease,Lease,USD,USD,7,68235.95,3.36,477651.63,OK,438212.51,326490.67,111721.83,48,OK,Male,4.5,OK
BMW-4277,22-09-2030,CORRUPTED,2023,10,Q4,Germany,Germany,Stuttgart Motors,BMW 5 Series,Sedan,Petrol,Lease,Lease,EUR,EUR,8,59357.73,0.51,474861.82,OK,474861.82,343663.79,131198.03,60,OK,Male,4.5,OK
BMW-2576,19-09-2030,CORRUPTED,2021,11,Q4,UAE,UAE,Abu Dhabi Motors,BMW M5,M Sport,Petrol,Individual,Individual,AED,AED,1,473604.35,7.49,473604.35,OK,118401.09,92150.19,26250.9,62,OK,Female,4.5,OK
BMW-1014,16-09-2030,CORRUPTED,2020,1,Q1,USA,USA,New York BMW,BMW X3,SUV,Petrol,government,Government,USD,USD,8,59155.56,1.48,473244.5,OK,434169.27,317294.13,116875.14,28,OK,Male,4.5,OK
BMW-3782,30-08-2030,CORRUPTED,2023,4,Q2,USA,USA,Chicago Motors,BMW i4,Electric,Electric,Government,Government,USD,USD,6,77628.85,3.23,465773.11,OK,427314.78,317936.15,109378.63,42,OK,Male,4.5,OK
BMW-1108,20-07-2030,CORRUPTED,2020,2,Q1,China,China,Guangzhou BMW,BMW 5 Series,Sedan,Diesel,Individual,Individual,CNY,CNY,1,449750.15,6.61,449750.15,OK,56930.4,43891.87,13038.53,62,OK,Female,4.5,OK
BMW-1899,04-06-2030,CORRUPTED,2021,2,Q1,Germany,Germany,AutohaUSA Berlin,BMW iX,Electric,Electric,Lease,Lease,EUR,EUR,5,87051.06,6.92,435255.3,OK,435255.3,336665.82,98589.47,54,OK,Prefer not to say,4.5,OK
BMW-2082,26-04-2030,CORRUPTED,2021,4,Q2,Australia,Australia,Melbourne Auto Group,BMW i7,Electric,Electric,Corporate Fleet,Corporate Fleet,AUD,AUD,2,211344.17,2.59,422688.34,OK,256174.75,189346.57,66828.18,55,OK,Male,4.5,OK
BMW-1652,05-04-2030,CORRUPTED,2020,10,Q4,China,China,Shanghai BMW,BMW 5 Series,Sedan,Petrol,Lease,Lease,CNY,CNY,1,418344.85,6.35,418344.85,OK,52955.04,40714.5,12240.54,41,OK,Male,4.5,OK
BMW-5093,02-04-2030,CORRUPTED,2024,7,Q3,China,China,Shenzhen Auto,BMW X3,SUV,Hybrid,Individual,Individual,CNY,CNY,1,417916.19,7.54,417916.19,OK,52900.78,41193.79,11706.99,35,OK,Prefer not to say,4.5,OK
BMW-1640,29-03-2030,CORRUPTED,2020,10,Q4,China,China,Shenzhen Auto,BMW X3,SUV,Hybrid,individual,Individual,CNY,CNY,1,416868.98,4.33,416868.98,OK,52768.23,39714.19,13054.03,30,OK,Female,4.5,OK
BMW-4573,07-02-2030,CORRUPTED,2024,1,Q1,China,China,Shanghai BMW,BMW X3,SUV,Diesel,Individual,Individual,CNY,CNY,1,406064.47,4.46,406064.47,OK,51400.57,38735.53,12665.03,26,OK,Prefer not to say,4.5,OK
BMW-2071,12-12-2029,CORRUPTED,2021,4,Q2,China,China,Shanghai BMW,BMW X3,SUV,Petrol,Individual,Individual,CNY,CNY,1,391044.23,1.05,391044.23,OK,49499.27,36016.86,13482.41,70,OK,Prefer not to say,4.5,OK
BMW-3577,10-11-2029,CORRUPTED,2023,1,Q1,China,China,Guangzhou BMW,BMW X3,SUV,Hybrid,Individual,Individual,CNY,CNY,1,379329.43,5.41,379329.43,OK,48016.38,36547.75,11468.64,56,OK,Male,4.5,OK
BMW-3897,02-11-2029,CORRUPTED,2023,5,Q2,UAE,UAE,Dubai BMW,BMW 7 Series,Sedan,Hybrid,Individual,Individual,AED,AED,1,377678.36,3.25,377678.36,OK,94419.59,70266.16,24153.42,54,OK,Female,4.5,OK
BMW-2200,31-10-2029,CORRUPTED,2021,6,Q2,China,China,Shenzhen Auto,BMW 3 Series,Sedan,Diesel,Lease,Lease,CNY,CNY,1,376834.32,2.43,376834.32,OK,47700.55,35198.7,12501.85,26,OK,Female,4.5,OK
BMW-4151,30-10-2029,CORRUPTED,2023,8,Q3,China,China,Guangzhou BMW,BMW 3 Series,Sedan,Petrol,Individual,Individual,CNY,CNY,1,376683.22,2.54,376683.22,OK,47681.42,35223.74,12457.68,69,OK,Female,4.5,OK
BMW-1065,19-10-2029,CORRUPTED,2020,2,Q1,Germany,Germany,AutohaUSA Berlin,BMW i4,Electric,Electric,corporate fleet,Corporate Fleet,EUR,EUR,6,62210.77,6.81,373264.64,OK,373264.64,288387.09,84877.55,40,OK,Prefer not to say,4.5,OK
BMW-5543,08-09-2029,CORRUPTED,2024,12,Q4,China,China,Shenzhen Auto,BMW 3 Series,Sedan,Diesel,Individual,Individual,CNY,CNY,1,362723.33,3.11,362723.33,OK,45914.35,34120.32,11794.03,54,OK,Prefer not to say,4.5,OK
BMW-1592,04-09-2029,CORRUPTED,2020,9,Q3,UAE,UAE,Abu Dhabi Motors,BMW iX,Electric,Electric,Individual,Individual,AED,AED,1,361012.47,7.03,361012.47,OK,90253.12,69897.31,20355.81,150,BAD AGE,Male,4.5,OK
BMW-4749,20-06-2029,CORRUPTED,2024,3,Q1,China,China,Beijing Luxury Motors,BMW 3 Series,Sedan,Diesel,corporate fleet,Corporate Fleet,CNY,CNY,1,344642.99,3.38,344642.99,OK,43625.7,32508.92,11116.78,30,OK,Male,4.5,OK
BMW-4131,17-06-2029,CORRUPTED,2023,8,Q3,USA,USA,Beverly Hills BMW,BMW 3 Series,Sedan,Hybrid,Corporate Fleet,Corporate Fleet,USD,USD,8,43015.03,7.36,344120.21,OK,315706.62,245359.43,70347.18,59,OK,Male,4.5,OK
BMW-4087,12-06-2029,CORRUPTED,2023,7,Q3,Australia,Australia,Melbourne Auto Group,BMW X5,SUV,Diesel,lease,Lease,AUD,AUD,3,114214.03,3.19,342642.1,OK,207661.88,154450.3,53211.57,27,OK,Female,4.5,OK
BMW-3462,02-05-2029,CORRUPTED,2022,12,Q4,USA,USA,New York BMW,BMW 2 Series,Coupe,Diesel,Corporate Fleet,Corporate Fleet,USD,USD,8,41777.75,0.09,334222,OK,306625.69,220980.36,85645.33,0,BAD AGE,Female,4.5,OK
BMW-3438,06-04-2029,CORRUPTED,2022,11,Q4,Australia,Australia,Melbourne Auto Group,BMW i4,Electric,Electric,Corporate Fleet,Corporate Fleet,AUD,AUD,3,108765.25,4.31,326295.76,OK,197755.01,148791.48,48963.53,29,OK,Male,4.5,OK
BMW-4132,24-03-2029,CORRUPTED,2023,8,Q3,USA,USA,Miami Auto Group,BMW 7 Series,Sedan,Petrol,Corporate Fleet,Corporate Fleet,USD,USD,3,108036.59,7.91,324109.78,OK,297348.42,232488.81,64859.62,31,OK,Female,4.5,OK
BMW-1298,10-01-2029,CORRUPTED,2020,5,Q2,UK,UK,London BMW Centre,BMW 7 Series,Sedan,Petrol,Lease,Lease,GBP,GBP,4,76215.96,7.03,304863.83,OK,354492.83,274531.79,79961.04,27,OK,Male,4.5,OK
BMW-5016,09-01-2029,CORRUPTED,2024,6,Q2,Australia,Australia,Sydney BMW,BMW 3 Series,Sedan,Diesel,corporate fleet,Corporate Fleet,AUD,AUD,4,76213.7,0.61,304854.81,OK,184760.49,133842.27,50918.22,64,OK,Male,4.5,OK
BMW-1062,24-11-2028,CORRUPTED,2020,1,Q1,Australia,Australia,Melbourne Auto Group,BMW 5 Series,Sedan,Diesel,Corporate Fleet,Corporate Fleet,AUD,AUD,3,97939.69,3.94,293819.08,OK,178072.17,133470.9,44601.26,61,OK,Female,4.5,OK
BMW-3730,14-11-2028,CORRUPTED,2023,3,Q1,China,China,Guangzhou BMW,BMW 2 Series,Coupe,Hybrid,Individual,Individual,CNY,CNY,1,290114.06,1.57,290114.06,OK,36723.3,26861.24,9862.06,56,OK,Prefer not to say,4.5,OK
BMW-4641,08-11-2028,CORRUPTED,2024,2,Q1,USA,USA,Dallas BMW,BMW iX,Electric,Electric,corporate fleet,Corporate Fleet,USD,USD,3,96222.16,6.39,288666.49,OK,264831.64,203694.87,61136.77,26,OK,Prefer not to say,4.5,OK
BMW-4794,05-11-2028,CORRUPTED,2024,4,Q2,UK,UK,London BMW Centre,BMW i4,Electric,Electric,Corporate Fleet,Corporate Fleet,GBP,GBP,5,57600.35,6.16,288001.75,OK,334885.76,256946.26,77939.5,55,OK,Prefer not to say,4.5,OK
BMW-2545,02-09-2028,CORRUPTED,2021,11,Q4,UK,UK,Manchester Prestige,BMW 3 Series,Sedan,Petrol,Lease,Lease,GBP,GBP,7,38139.73,4.92,266978.09,OK,310439.64,235072.7,75366.94,56,OK,Male,4.5,OK
BMW-4930,26-08-2028,CORRUPTED,2024,5,Q2,UAE,UAE,Dubai BMW,BMW i4,Electric,Electric,Individual,Individual,AED,AED,1,264031.8,4.36,264031.8,OK,66007.95,49690.53,16317.42,25,OK,Male,4.5,OK
BMW-1291,04-08-2028,CORRUPTED,2020,5,Q2,USA,USA,Miami Auto Group,BMW X3,SUV,Hybrid,Corporate Fleet,Corporate Fleet,USD,USD,5,51381.35,7.11,256906.76,OK,235694.27,182689.04,53005.23,32,OK,Prefer not to say,4.5,OK
BMW-3260,28-07-2028,CORRUPTED,2022,9,Q3,USA,USA,Beverly Hills BMW,BMW i7,Electric,Electric,Corporate Fleet,Corporate Fleet,USD,USD,2,127512.83,5.5,255025.65,OK,233968.49,178261.17,55707.31,70,OK,Male,4.5,OK
BMW-4007,27-07-2028,CORRUPTED,2023,7,Q3,Germany,Germany,Stuttgart Motors,BMW 2 Series,Coupe,Petrol,Corporate Fleet,Corporate Fleet,EUR,EUR,6,42417.91,0.47,254507.43,OK,254507.43,184108.32,70399.12,32,OK,Female,4.5,OK
BMW-1057,02-07-2028,CORRUPTED,2020,1,Q1,UAE,UAE,Abu Dhabi Motors,BMW 5 Series,Sedan,Hybrid,Individual,Individual,AED,AED,1,248634.75,1.9,248634.75,OK,62158.69,45620.12,16538.57,47,OK,Prefer not to say,4.5,OK
BMW-2862,22-06-2028,CORRUPTED,2022,4,Q2,Germany,Germany,Hamburg Drive,BMW i4,Electric,Electric,Corporate Fleet,Corporate Fleet,EUR,EUR,4,61373.31,3.89,245493.24,OK,245493.24,183912.15,61581.09,63,OK,Female,4.5,OK
BMW-2121,25-04-2028,CORRUPTED,2021,5,Q2,UK,UK,London BMW Centre,BMW X5,SUV,Diesel,Corporate Fleet,Corporate Fleet,GBP,GBP,4,56917.83,4.42,227671.33,OK,264734.11,199420.82,65313.28,44,OK,Female,4.5,OK
BMW-2618,10-04-2028,CORRUPTED,2021,12,Q4,UK,UK,London BMW Centre,BMW X3,SUV,Diesel,lease,Lease,GBP,GBP,5,44777.69,2.81,223888.47,OK,260335.43,192852.33,67483.11,61,OK,Female,4.5,OK
BMW-3044,02-04-2028,CORRUPTED,2022,6,Q2,UK,UK,Edinburgh Motors,BMW M5,M Sport,Petrol,Lease,Lease,GBP,GBP,2,110603.72,2.52,221207.43,OK,257217.94,189987.91,67230.03,62,OK,Prefer not to say,4.5,OK
BMW-3688,27-03-2028,CORRUPTED,2023,3,Q1,Germany,Germany,Hamburg Drive,BMW X5,SUV,Diesel,Lease,Lease,EUR,EUR,3,73459.5,7.87,220378.51,OK,220378.51,172232.98,48145.53,27,OK,Female,4.5,OK
BMW-3483,20-03-2028,CORRUPTED,2022,12,Q4,UK,UK,Edinburgh Motors,BMW 2 Series,Coupe,Diesel,Lease,Lease,GBP,GBP,7,31193.79,6.97,218356.52,OK,253902.93,196506.99,57395.94,64,OK,Prefer not to say,4.5,OK
BMW-3957,18-03-2028,CORRUPTED,2023,6,Q2,UK,UK,Manchester Prestige,BMW 2 Series,Coupe,Hybrid,Corporate Fleet,Corporate Fleet,GBP,GBP,6,36356.11,2.12,218136.63,OK,253647.25,186573.81,67073.43,50,OK,Female,4.5,OK
BMW-3920,11-03-2028,CORRUPTED,2023,6,Q2,Germany,Germany,BMW Munich HQ,BMW 3 Series,Sedan,Diesel,Corporate Fleet,Corporate Fleet,EUR,EUR,5,43079.31,7.89,215396.56,OK,215396.56,168365.88,47030.68,47,OK,Prefer not to say,4.5,OK
BMW-4644,05-02-2028,CORRUPTED,2024,2,Q1,UK,UK,Edinburgh Motors,BMW X3,SUV,Petrol,Lease,Lease,GBP,GBP,5,41461.31,7.35,207306.57,OK,241054.15,187331.27,53722.88,57,OK,Prefer not to say,4.5,OK
BMW-1238,24-12-2027,CORRUPTED,2020,4,Q2,UK,UK,London BMW Centre,BMW 3 Series,Sedan,Diesel,Lease,Lease,GBP,GBP,5,39415.02,1.64,197075.12,OK,229157.12,167743.92,61413.2,50,OK,Prefer not to say,4.5,OK
BMW-4134,04-12-2027,CORRUPTED,2023,8,Q3,USA,USA,New York BMW,BMW X7,SUV,Diesel,Lease,Lease,USD,USD,2,95465.99,7.84,190931.98,OK,175166.96,136842.3,38324.66,67,OK,Female,4.5,OK
BMW-1759,15-11-2027,CORRUPTED,2020,12,Q4,Germany,Germany,Stuttgart Motors,BMW iX,Electric,Electric,Lease,Lease,EUR,EUR,2,92900.43,1.21,185800.86,OK,185800.86,135418.93,50381.93,54,OK,Female,4.5,OK
BMW-3751,12-10-2027,CORRUPTED,2023,3,Q1,UAE,UAE,Dubai BMW,BMW 3 Series,Sedan,Petrol,individual,Individual,AED,AED,1,171031.25,1.97,171031.25,OK,42757.81,31404.87,11352.94,25,OK,Male,4.5,OK
BMW-4832,16-08-2027,CORRUPTED,2024,4,Q2,UAE,UAE,Abu Dhabi Motors,BMW 2 Series,Coupe,Hybrid,Individual,Individual,AED,AED,1,156299.38,6.82,156299.38,OK,39074.84,30194.15,8880.69,29,OK,Female,4.5,OK
BMW-3836,03-07-2027,CORRUPTED,2023,4,Q2,Australia,Australia,Melbourne Auto Group,BMW iX,Electric,Electric,Individual,Individual,AUD,AUD,1,145486.86,6.06,145486.86,OK,88173.85,67580.61,20593.24,35,OK,Prefer not to say,4.5,OK
BMW-3395,22-06-2027,CORRUPTED,2022,11,Q4,USA,USA,Dallas BMW,BMW i4,Electric,Electric,Corporate Fleet,Corporate Fleet,USD,USD,2,71626.69,7.55,143253.38,OK,131425.11,102349.79,29075.32,55,OK,Prefer not to say,4.5,OK
BMW-4033,18-05-2027,CORRUPTED,2023,7,Q3,USA,USA,Chicago Motors,BMW i7,Electric,Electric,Individual,Individual,USD,USD,1,135130.11,4.86,135130.11,OK,123972.58,93815.35,30157.23,45,OK,Prefer not to say,4.5,OK
BMW-1561,26-04-2027,CORRUPTED,2020,9,Q3,USA,USA,Miami Auto Group,BMW 2 Series,Coupe,Diesel,Corporate Fleet,Corporate Fleet,USD,USD,3,43413.97,6.55,130241.9,OK,119487.98,92063.83,27424.14,60,OK,Female,4.5,OK
BMW-4115,16-04-2027,CORRUPTED,2023,8,Q3,USA,USA,New York BMW,BMW X3,SUV,Diesel,Corporate Fleet,Corporate Fleet,USD,USD,2,64092.57,0.12,128185.15,OK,117601.05,84773.33,32827.72,39,OK,Male,4.5,OK
BMW-2055,31-03-2027,CORRUPTED,2021,4,Q2,USA,USA,Beverly Hills BMW,BMW i7,Electric,Electric,individual,Individual,USD,USD,1,125989.97,3.29,125989.97,OK,115587.13,86054.29,29532.84,32,OK,Prefer not to say,4.5,OK
BMW-5466,29-03-2027,CORRUPTED,2024,12,Q4,Germany,Germany,Hamburg Drive,BMW M5,M Sport,Petrol,Individual,Individual,EUR,EUR,1,125780.66,2.36,125780.66,OK,125780.66,92748.1,33032.56,51,OK,Male,4.5,OK
BMW-2778,27-03-2027,CORRUPTED,2022,2,Q1,Australia,Australia,Sydney BMW,BMW X5,SUV,Petrol,Individual,Individual,AUD,AUD,1,125521.77,7.73,125521.77,OK,76073.8,59359.34,16714.46,38,OK,Female,4.5,OK
BMW-3099,18-03-2027,CORRUPTED,2022,7,Q3,USA,USA,Miami Auto Group,BMW M5,M Sport,Diesel,Individual,Individual,USD,USD,1,124474.85,4.94,124474.85,OK,114197.11,86496.41,27700.7,999,BAD AGE,Female,4.5,OK
BMW-2819,12-03-2027,CORRUPTED,2022,3,Q1,UK,UK,Edinburgh Motors,BMW 2 Series,Coupe,Hybrid,Government,Government,GBP,GBP,4,30813.59,1.55,123254.35,OK,143319.01,104817.54,38501.48,33,OK,Male,4.5,OK
BMW-5422,06-02-2027,CORRUPTED,2024,11,Q4,UK,UK,Manchester Prestige,BMW 2 Series,Coupe,Petrol,lease,Lease,Gbp,GBP,4,29789.36,5.45,119157.45,OK,138555.18,105514.79,33040.39,39,OK,Prefer not to say,4.5,OK
BMW-4111,24-01-2027,CORRUPTED,2023,8,Q3,USA,USA,Miami Auto Group,BMW M5,M Sport,Diesel,individual,Individual,USD,USD,1,117072.58,7.79,117072.58,OK,107406.04,83863.84,23542.2,44,OK,Female,4.5,OK
BMW-2296,21-01-2027,CORRUPTED,2021,8,Q3,Germany,Germany,Hamburg Drive,BMW i7,Electric,Electric,Individual,Individual,EUR,EUR,1,116343.65,5.08,116343.65,OK,116343.65,88248.66,28095,62,OK,Prefer not to say,4.5,OK
BMW-2019,06-01-2027,CORRUPTED,2021,3,Q1,Australia,Australia,Melbourne Auto Group,BMW i4,Electric,Electric,Individual,Individual,AUD,AUD,1,114577.64,4.32,114577.64,OK,69440.99,52256.22,17184.77,56,OK,Female,4.5,OK
BMW-5020,24-12-2026,CORRUPTED,2024,6,Q2,Australia,Australia,Sydney BMW,BMW i4,Electric,Electric,Individual,Individual,AUD,AUD,1,112592.65,4.69,112592.65,OK,68237.97,51548.38,16689.59,41,OK,Female,4.5,OK
BMW-1213,13-12-2026,CORRUPTED,2020,4,Q2,Germany,Germany,Stuttgart Motors,BMW X3,SUV,Hybrid,Lease,Lease,EUR,EUR,2,55656.17,5.66,111312.33,OK,111312.33,84951.35,26360.98,67,OK,Female,4.5,OK
BMW-4604,11-12-2026,CORRUPTED,2024,1,Q1,Australia,Australia,Sydney BMW,BMW X5,SUV,Diesel,Lease,Lease,AUD,AUD,1,111204.11,7.65,111204.11,OK,67396.43,52546.4,14850.03,29,OK,Female,4.5,OK
BMW-2792,09-12-2026,CORRUPTED,2022,3,Q1,Germany,Germany,Stuttgart Motors,BMW M5,M Sport,Hybrid,Corporate Fleet,Corporate Fleet,EUR,EUR,1,111052,2.57,111052,OK,111052,82069.49,28982.51,70,OK,Female,4.5,OK
BMW-1103,01-12-2026,CORRUPTED,2020,2,Q1,UK,UK,London BMW Centre,BMW 3 Series,Sedan,Hybrid,Corporate Fleet,Corporate Fleet,GBP,GBP,3,36688.63,1.42,110065.88,OK,127983.58,93475.07,34508.51,56,OK,Male,4.5,OK
BMW-2237,28-11-2026,CORRUPTED,2021,7,Q3,Germany,Germany,Hamburg Drive,BMW 5 Series,Sedan,Petrol,lease,Lease,EUR,EUR,2,54824.23,1.63,109648.45,OK,109648.45,80258.26,29390.2,33,OK,Male,4.5,OK
BMW-4791,27-11-2026,CORRUPTED,2024,4,Q2,USA,USA,Miami Auto Group,BMW 7 Series,Sedan,Hybrid,Government,Government,USD,USD,1,109267.09,3.54,109267.09,OK,100245.04,74822.78,25422.26,54,OK,Prefer not to say,4.5,OK
BMW-5246,15-11-2026,CORRUPTED,2024,9,Q3,USA,USA,Chicago Motors,BMW X7,SUV,Diesel,individual,Individual,USD,USD,1,108264.84,4.53,108264.84,OK,99325.54,74904.43,24421.11,50,OK,Prefer not to say,4.5,OK
BMW-5382,01-11-2026,CORRUPTED,2024,11,Q4,Germany,Germany,Hamburg Drive,BMW M5,M Sport,Petrol,Individual,Individual,eur,EUR,1,107093.64,7.99,107093.64,OK,107093.64,83806.21,23287.42,28,OK,Male,4.5,OK
BMW-1421,17-10-2026,CORRUPTED,2020,7,Q3,USA,USA,Dallas BMW,BMW X7,SUV,Petrol,Corporate Fleet,Corporate Fleet,USD,USD,1,105058.79,7.04,105058.79,OK,96384.21,74652.65,21731.56,46,OK,Male,4.5,OK
BMW-1354,29-09-2026,CORRUPTED,2020,6,Q2,USA,USA,Dallas BMW,BMW iX,Electric,Electric,government,Government,USD,USD,1,103555.5,3.37,103555.5,OK,95005.05,70791.99,24213.06,38,OK,Prefer not to say,4.5,OK
BMW-4509,17-09-2026,CORRUPTED,2023,12,Q4,Australia,Australia,Sydney BMW,BMW i4,Electric,Electric,Individual,Individual,AUD,AUD,1,102352.08,1.29,102352.08,OK,62031.57,45244.45,16787.12,37,OK,Male,4.5,OK
BMW-2802,14-09-2026,CORRUPTED,2022,3,Q1,USA,USA,New York BMW,BMW iX,Electric,Electric,individual,Individual,USD,USD,1,102078.12,4.92,102078.12,OK,93649.65,70918.93,22730.72,35,OK,Male,4.5,OK
BMW-4215,07-09-2026,CORRUPTED,2023,9,Q3,USA,USA,New York BMW,BMW M3,M Sport,Diesel,Individual,Individual,USD,USD,1,101800.26,0.82,101800.26,OK,93394.73,67801.99,25592.74,54,OK,Prefer not to say,4.5,OK
BMW-1260,26-08-2026,CORRUPTED,2020,4,Q2,Australia,Australia,Sydney BMW,BMW 5 Series,Sedan,Hybrid,Individual,Individual,AUD,AUD,1,100470.09,3.48,100470.09,OK,60890.96,45421.54,15469.43,150,BAD AGE,Prefer not to say,4.5,OK
BMW-2790,24-08-2026,CORRUPTED,2022,3,Q1,Germany,Germany,Stuttgart Motors,BMW X7,SUV,Diesel,Individual,Individual,EUR,EUR,1,100051.99,1.54,100051.99,OK,100051.99,73166.18,26885.81,150,BAD AGE,Male,4.5,OK
BMW-4556,01-08-2026,CORRUPTED,2024,1,Q1,UK,UK,Edinburgh Motors,BMW M5,M Sport,Hybrid,Individual,Individual,gbp,GBP,1,97812.67,6.49,97812.67,OK,113735.66,87573.47,26162.19,38,OK,Prefer not to say,4.5,OK
BMW-2739,20-05-2026,CORRUPTED,2022,2,Q1,Germany,Germany,Hamburg Drive,BMW X7,SUV,Petrol,Individual,Individual,EUR,EUR,1,93345.73,1.05,93345.73,OK,93345.73,67924.63,25421.1,43,OK,Female,4.5,OK
BMW-4542,23-04-2026,CORRUPTED,2024,1,Q1,USA,USA,Chicago Motors,BMW iX,Electric,Electric,individual,Individual,USD,USD,1,91612.82,5.67,91612.82,OK,84048.46,64153.43,19895.02,29,OK,Female,4.5,OK
BMW-5030,02-04-2026,CORRUPTED,2024,7,Q3,Germany,Germany,AutohaUSA Berlin,BMW M3,M Sport,Petrol,individual,Individual,EUR,EUR,1,90135.79,3.19,90135.79,OK,90135.79,67034.16,23101.63,27,OK,Prefer not to say,4.5,OK
BMW-2682,14-03-2026,CORRUPTED,2022,1,Q1,USA,USA,Dallas BMW,BMW M3,M Sport,Diesel,individual,Individual,USD,USD,1,88395.92,6.73,88395.92,OK,81097.17,62602.33,18494.84,59,OK,Female,4.5,OK
BMW-4212,04-03-2026,CORRUPTED,2023,9,Q3,USA,USA,Chicago Motors,BMW iX,Electric,Electric,individual,Individual,USD,USD,1,87615.62,4.4,87615.62,OK,80381.3,60539.72,19841.59,25,OK,Male,4.5,OK
BMW-4279,02-03-2026,CORRUPTED,2023,10,Q4,Germany,Germany,Stuttgart Motors,BMW iX,Electric,Electric,Corporate Fleet,Corporate Fleet,EUR,EUR,1,87544.55,1.07,87544.55,OK,87544.55,63716.33,23828.22,35,OK,Prefer not to say,4.5,OK
BMW-1338,26-02-2026,CORRUPTED,2020,6,Q2,Germany,Germany,Hamburg Drive,BMW 7 Series,Sedan,Hybrid,Individual,Individual,EUR,EUR,1,87286.53,4.33,87286.53,OK,87286.53,65690.97,21595.57,45,OK,Male,4.5,OK
BMW-5513,03-02-2026,CORRUPTED,2024,12,Q4,USA,USA,Chicago Motors,BMW 2 Series,Coupe,Petrol,Corporate Fleet,Corporate Fleet,USD,USD,2,42784.35,5.6,85568.71,OK,78503.4,59874.61,18628.8,56,OK,Male,4.5,OK
BMW-1498,18-01-2026,CORRUPTED,2020,8,Q3,UK,UK,Manchester Prestige,BMW X7,SUV,Petrol,Individual,Individual,GBP,GBP,1,84557.45,1.19,84557.45,OK,98322.62,71645.66,26676.96,38,OK,Male,4.5,OK
BMW-3166,08-01-2026,CORRUPTED,2022,8,Q3,Germany,Germany,AutohaUSA Berlin,BMW iX,Electric,Electric,Individual,Individual,EUR,EUR,1,84057.58,0.56,84057.58,OK,84057.58,60860.55,23197.03,69,OK,Prefer not to say,4.5,OK
BMW-3319,09-12-2025,CORRUPTED,2022,10,Q4,USA,USA,Chicago Motors,BMW X5,SUV,Hybrid,individual,Individual,USD,USD,1,82532.06,2.63,82532.06,OK,75717.49,55990.28,19727.21,43,OK,Prefer not to say,4.5,OK
BMW-3791,03-12-2025,CORRUPTED,2023,4,Q2,USA,USA,Miami Auto Group,BMW 2 Series,Coupe,Hybrid,Lease,Lease,USD,USD,2,41165.3,2.91,82330.6,OK,75532.66,56014.79,19517.87,61,OK,Female,4.5,OK
BMW-1472,21-09-2025,CORRUPTED,2020,8,Q3,Germany,Germany,BMW Munich HQ,BMW X5,SUV,Petrol,individual,Individual,EUR,EUR,1,77723.24,2.12,77723.24,OK,77723.24,57173.02,20550.23,37,OK,Prefer not to say,4.5,OK
BMW-4787,18-08-2025,CORRUPTED,2024,4,Q2,USA,USA,Dallas BMW,BMW i4,Electric,Electric,individual,Individual,USD,USD,1,76217.79,0.8,76217.79,OK,69924.58,50749.51,19175.07,25,OK,Female,4.5,OK
BMW-2536,11-08-2025,CORRUPTED,2021,11,Q4,USA,USA,Dallas BMW,BMW i4,Electric,Electric,Individual,Individual,USD,USD,1,75816.4,3.61,75816.4,OK,69556.33,51955.66,17600.67,36,OK,Female,4.5,OK
BMW-4874,05-08-2025,CORRUPTED,2024,5,Q2,USA,USA,Miami Auto Group,BMW 2 Series,Coupe,Petrol,Corporate Fleet,Corporate Fleet,USD,USD,2,37750.5,4.57,75501,OK,69266.98,52257.87,17009.1,37,OK,Male,4.5,OK
BMW-2887,25-07-2025,CORRUPTED,2022,4,Q2,UK,UK,Edinburgh Motors,BMW 7 Series,Sedan,Hybrid,Individual,Individual,GBP,GBP,1,75014.83,3.54,75014.83,OK,87226.55,65107.36,22119.19,55,OK,Prefer not to say,4.5,OK
BMW-4951,18-07-2025,CORRUPTED,2024,6,Q2,Germany,Germany,Hamburg Drive,BMW X5,SUV,Hybrid,Individual,Individual,EUR,EUR,1,74611.9,0.13,74611.9,OK,74611.9,53793.13,20818.76,56,OK,Female,4.5,OK
BMW-3258,10-07-2025,CORRUPTED,2022,9,Q3,USA,USA,Chicago Motors,BMW i4,Electric,Electric,Individual,Individual,USD,USD,1,74030.74,3.35,74030.74,OK,67918.11,50594.39,17323.73,38,OK,Female,4.5,OK
BMW-5131,27-06-2025,CORRUPTED,2024,8,Q3,Germany,Germany,Hamburg Drive,BMW X5,SUV,Petrol,Individual,Individual,EUR,EUR,1,73491.21,2.91,73491.21,OK,73491.21,54496.82,18994.39,49,OK,Female,4.5,OK
BMW-5331,17-06-2025,CORRUPTED,2024,10,Q4,USA,USA,Miami Auto Group,BMW X5,SUV,Hybrid,Individual,Individual,USD,USD,1,72717.19,3.85,72717.19,OK,66713.02,49957.72,16755.3,70,OK,Female,4.5,OK
BMW-4698,10-06-2025,CORRUPTED,2024,3,Q1,Germany,Germany,AutohaUSA Berlin,BMW X5,SUV,Petrol,Individual,Individual,EUR,EUR,1,72339.82,0.16,72339.82,OK,72339.82,52167.64,20172.18,30,OK,Female,4.5,OK
BMW-1711,29-05-2025,CORRUPTED,2020,11,Q4,UK,UK,London BMW Centre,BMW iX,Electric,Electric,Individual,Individual,GBP,GBP,1,71329.37,2.12,71329.37,OK,82941.13,61013.96,21927.18,66,OK,Female,4.5,OK
BMW-3537,30-04-2025,CORRUPTED,2023,1,Q1,USA,USA,Dallas BMW,BMW i4,Electric,Electric,Individual,Individual,USD,USD,1,69640.2,5.58,69640.2,OK,63890.09,48721.78,15168.31,30,OK,Female,4.5,OK
BMW-5465,31-03-2025,CORRUPTED,2024,12,Q4,Germany,Germany,AutohaUSA Berlin,BMW X5,SUV,Petrol,Individual,Individual,EUR,EUR,1,67899.66,7.63,67899.66,OK,67899.66,52927.79,14971.87,49,OK,Female,4.5,OK
BMW-1474,08-03-2025,CORRUPTED,2020,8,Q3,Germany,Germany,Hamburg Drive,BMW X5,SUV,Hybrid,Individual,Individual,EUR,EUR,1,66696.61,4.92,66696.61,OK,66696.61,50506.53,16190.08,45,OK,Female,4.5,OK
BMW-3407,20-02-2025,CORRUPTED,2022,11,Q4,UK,UK,Edinburgh Motors,BMW X5,SUV,Petrol,individual,Individual,Gbp,GBP,1,66334.12,2.95,66334.12,OK,77132.7,57222.75,19909.94,35,OK,Male,4.5,OK
BMW-3797,14-01-2025,CORRUPTED,2023,4,Q2,USA,USA,New York BMW,BMW 5 Series,Sedan,Diesel,individual,Individual,USD,USD,1,64485.23,3.57,64485.23,OK,59160.76,44172.22,14988.55,48,OK,Female,4.5,OK
BMW-5066,12-01-2025,CORRUPTED,2024,7,Q3,USA,USA,Chicago Motors,BMW i4,Electric,Electric,Individual,Individual,USD,USD,1,64444.36,5.89,64444.36,OK,59123.26,45231.81,13891.46,51,OK,Male,4.5,OK
BMW-1762,01-01-2025,CORRUPTED,2020,12,Q4,Germany,Germany,BMW Munich HQ,BMW 5 Series,Sedan,Diesel,Corporate Fleet,Corporate Fleet,EUR,EUR,1,63980.28,0,63980.28,OK,63980.28,46065.85,17914.44,61,OK,Female,4.5,OK
BMW-2112,18-09-2024,CORRUPTED,2021,5,Q2,USA,USA,Dallas BMW,BMW X3,SUV,Hybrid,Individual,Individual,USD,USD,1,60150.92,3.63,60150.92,OK,55184.33,41230.83,13953.5,32,OK,Prefer not to say,4.5,OK
BMW-3041,02-09-2024,CORRUPTED,2022,6,Q2,USA,USA,Miami Auto Group,BMW 5 Series,Sedan,Petrol,Individual,Individual,USD,USD,1,59622.15,7.39,59622.15,OK,54699.22,42527.84,12171.38,65,OK,Female,4.5,OK
BMW-2595,01-09-2024,CORRUPTED,2021,12,Q4,Germany,Germany,AutohaUSA Berlin,BMW 5 Series,Sedan,Diesel,individual,Individual,EUR,EUR,1,59548.19,2.4,59548.19,OK,59548.19,43929.23,15618.96,63,OK,Female,4.5,OK
BMW-3778,18-08-2024,CORRUPTED,2023,4,Q2,USA,USA,Miami Auto Group,BMW X3,SUV,Petrol,individual,Individual,USD,USD,1,58945.92,3.27,58945.92,OK,54078.83,40254.34,13824.49,52,OK,Prefer not to say,4.5,OK
BMW-5384,17-08-2024,CORRUPTED,2024,11,Q4,Germany,Germany,Stuttgart Motors,BMW 5 Series,Sedan,Diesel,Individual,Individual,EUR,EUR,1,58926.36,0.23,58926.36,OK,58926.36,42525.18,16401.18,40,OK,Prefer not to say,4.5,OK
BMW-2085,15-08-2024,CORRUPTED,2021,4,Q2,Australia,Australia,Sydney BMW,BMW 2 Series,Coupe,Hybrid,Individual,Individual,AUD,AUD,1,58904.61,3.22,58904.61,OK,35699.76,26557.99,9141.77,49,OK,Female,4.5,OK
BMW-1236,14-08-2024,CORRUPTED,2020,4,Q2,UK,UK,Edinburgh Motors,BMW X5,SUV,Hybrid,Individual,Individual,GBP,GBP,1,58887.18,1.95,58887.18,OK,68473.46,50279.01,18194.45,69,OK,Female,4.5,OK
BMW-2064,16-07-2024,CORRUPTED,2021,4,Q2,UK,UK,Manchester Prestige,BMW 2 Series,Coupe,Hybrid,Lease,Lease,GBP,GBP,2,29112.36,6.55,58224.72,OK,67703.16,52161.3,15541.86,40,OK,Female,4.5,OK
BMW-4114,11-07-2024,CORRUPTED,2023,8,Q3,USA,USA,Chicago Motors,BMW X3,SUV,Hybrid,Individual,Individual,USD,USD,1,58167.34,2.85,58167.34,OK,53364.53,39551.4,13813.12,53,OK,Prefer not to say,4.5,OK
BMW-5505,07-07-2024,CORRUPTED,2024,12,Q4,USA,USA,Miami Auto Group,BMW X3,SUV,Diesel,Individual,Individual,USD,USD,1,57972.04,0.67,57972.04,OK,53185.36,38550.88,14634.48,39,OK,Male,4.5,OK
BMW-2326,01-06-2024,CORRUPTED,2021,8,Q3,UK,UK,Edinburgh Motors,BMW X5,SUV,Diesel,Individual,Individual,GBP,GBP,1,57027.16,3.8,57027.16,OK,66310.65,49628.64,16682.01,36,OK,Female,4.5,OK
BMW-1335,22-05-2024,CORRUPTED,2020,6,Q2,Germany,Germany,BMW Munich HQ,BMW X3,SUV,Petrol,Individual,Individual,EUR,EUR,1,56801.79,1.6,56801.79,OK,56801.79,41562.79,15239,32,OK,Prefer not to say,4.5,OK
BMW-5212,20-05-2024,CORRUPTED,2024,9,Q3,Germany,Germany,AutohaUSA Berlin,BMW X3,SUV,Diesel,Individual,Individual,EUR,EUR,1,56696.07,2.88,56696.07,OK,56696.07,42031.55,14664.52,28,OK,Female,4.5,OK
BMW-2290,09-05-2024,CORRUPTED,2021,8,Q3,Germany,Germany,Hamburg Drive,BMW X3,SUV,Petrol,Individual,Individual,EUR,EUR,1,56180.24,4.55,56180.24,OK,56180.24,42378.7,13801.54,47,OK,Female,4.5,OK
BMW-3103,30-04-2024,CORRUPTED,2022,7,Q3,USA,USA,Miami Auto Group,BMW X3,SUV,Diesel,Individual,Individual,USD,USD,1,55935.22,6.45,55935.22,OK,51316.72,39494.98,11821.74,41,OK,Prefer not to say,4.5,OK
BMW-2879,24-04-2024,CORRUPTED,2022,4,Q2,USA,USA,Miami Auto Group,BMW X3,SUV,Petrol,Individual,Individual,USD,USD,1,55817.7,4.02,55817.7,OK,51208.9,38412.87,12796.03,55,OK,Male,4.5,OK
BMW-1066,04-01-2024,CORRUPTED,2020,2,Q1,Germany,Germany,AutohaUSA Berlin,BMW X3,SUV,Petrol,Individual,Individual,EUR,EUR,1,51981.46,1.36,51981.46,OK,51981.46,37941.11,14040.35,55,OK,Prefer not to say,4.5,OK
BMW-2694,14-12-2023,CORRUPTED,2022,1,Q1,UK,UK,London BMW Centre,BMW 5 Series,Sedan,Hybrid,individual,Individual,GBP,GBP,1,50989.82,0.21,50989.82,OK,59290.49,42777.58,16512.91,28,OK,Male,4.5,OK
BMW-2744,10-12-2023,CORRUPTED,2022,2,Q1,Germany,Germany,Hamburg Drive,BMW X3,SUV,Diesel,Individual,Individual,EUR,EUR,1,50750.9,4.35,50750.9,OK,50750.9,38201.6,12549.29,42,OK,Female,4.5,OK
BMW-5160,15-09-2023,CORRUPTED,2024,8,Q3,UK,UK,London BMW Centre,BMW X3,SUV,Diesel,Individual,Individual,GBP,GBP,1,47272.13,7.13,47272.13,OK,54967.59,42617.4,12350.2,53,OK,Female,4.5,OK
BMW-4044,20-08-2023,CORRUPTED,2023,7,Q3,UK,UK,Edinburgh Motors,BMW X3,SUV,Petrol,individual,Individual,gbp,GBP,1,46597.48,1.05,46597.48,OK,54183.11,39424.17,14758.94,45,OK,Prefer not to say,4.5,OK
BMW-3943,08-08-2023,CORRUPTED,2023,6,Q2,USA,USA,Chicago Motors,BMW 3 Series,Sedan,Petrol,Individual,Individual,USD,USD,1,45982.44,5.34,45982.44,OK,42185.72,32088.35,10097.37,57,OK,Prefer not to say,4.5,OK
BMW-2594,25-07-2023,CORRUPTED,2021,12,Q4,Germany,Germany,BMW Munich HQ,BMW X3,SUV,Hybrid,Individual,Individual,EUR,EUR,1,45487.62,8,45487.62,OK,45487.62,35597.34,9890.28,56,OK,Male,4.5,OK
BMW-4773,22-07-2023,CORRUPTED,2024,4,Q2,Germany,Germany,Stuttgart Motors,BMW 3 Series,Sedan,Hybrid,Individual,Individual,EUR,EUR,1,45406.83,4.19,45406.83,OK,45406.83,34121.03,11285.8,29,OK,Prefer not to say,4.5,OK
BMW-4350,17-07-2023,CORRUPTED,2023,11,Q4,Germany,Germany,BMW Munich HQ,BMW 3 Series,Sedan,Hybrid,Individual,Individual,EUR,EUR,1,45331.08,4.37,45331.08,OK,45331.08,34128.29,11202.79,59,OK,Prefer not to say,4.5,OK
BMW-2539,16-07-2023,CORRUPTED,2021,11,Q4,USA,USA,New York BMW,BMW 2 Series,Coupe,Petrol,Individual,Individual,USD,USD,1,45223.14,4.26,45223.14,OK,41489.12,31202.79,10286.33,25,OK,Prefer not to say,4.5,OK
BMW-5488,24-06-2023,CORRUPTED,2024,12,Q4,USA,USA,New York BMW,BMW 3 Series,Sedan,Diesel,Individual,Individual,USD,USD,1,44440.48,1.79,44440.48,OK,40771.08,29891.33,10879.75,62,OK,Male,4.5,OK
BMW-5304,19-05-2023,CORRUPTED,2024,10,Q4,Germany,Germany,Stuttgart Motors,BMW 2 Series,Coupe,Petrol,Individual,Individual,EUR,EUR,1,43058.2,0.59,43058.2,OK,43058.2,31184.6,11873.6,66,OK,Prefer not to say,4.5,OK
BMW-1636,25-04-2023,CORRUPTED,2020,10,Q4,UK,UK,Manchester Prestige,BMW X3,SUV,Petrol,Individual,Individual,Gbp,GBP,1,41825.59,7.2,41825.59,OK,48634.41,37733.86,10900.55,66,OK,Prefer not to say,4.5,OK
BMW-3265,25-03-2023,CORRUPTED,2022,9,Q3,UK,UK,London BMW Centre,BMW 3 Series,Sedan,Hybrid,Individual,Individual,GBP,GBP,1,40567.54,2.27,40567.54,OK,47171.56,34751.58,12419.98,28,OK,Female,4.5,OK
BMW-4456,08-03-2023,CORRUPTED,2023,12,Q4,USA,USA,Chicago Motors,BMW 2 Series,Coupe,Petrol,Individual,Individual,USD,USD,1,39692.03,6.73,39692.03,OK,36414.71,28111.49,8303.22,60,OK,Female,4.5,OK
BMW-2191,29-01-2023,CORRUPTED,2021,6,Q2,UK,UK,Edinburgh Motors,BMW 2 Series,Coupe,Hybrid,Individual,Individual,GBP,GBP,1,37082.64,0.16,37082.64,OK,43119.34,31096.02,12023.32,27,OK,Male,4.5,OK
BMW-4732,27-01-2023,CORRUPTED,2024,3,Q1,UK,UK,Manchester Prestige,BMW 2 Series,Coupe,Hybrid,Individual,Individual,GBP,GBP,1,37027.73,0.19,37027.73,OK,43055.5,31059.11,11996.39,51,OK,Prefer not to say,4.5,OK
BMW-1757,18-01-2023,CORRUPTED,2020,12,Q4,Germany,Germany,Hamburg Drive,BMW 2 Series,Coupe,Petrol,Government,Government,EUR,EUR,1,36667.87,6.49,36667.87,OK,36667.87,28232.3,8435.57,63,OK,Male,4.5,OK
BMW-1710,05-01-2023,CORRUPTED,2020,11,Q4,UK,UK,London BMW Centre,BMW 3 Series,Sedan,Diesel,lease,Lease,GBP,GBP,1,35942.4,7.81,35942.4,OK,41793.48,32639.87,9153.62,50,OK,Prefer not to say,4.5,OK
BMW-2598,04-01-2023,CORRUPTED,2021,12,Q4,Germany,Germany,Hamburg Drive,BMW 2 Series,Coupe,Petrol,Individual,Individual,EUR,EUR,1,35940.36,0.82,35940.36,OK,35940.36,26090.65,9849.71,41,OK,Male,4.5,OK
BMW-5524,23-12-2022,CORRUPTED,2024,12,Q4,UK,UK,Manchester Prestige,BMW 3 Series,Sedan,Hybrid,Individual,Individual,GBP,GBP,1,35129.85,7.93,35129.85,OK,40848.66,31945.7,8902.96,44,OK,Female,4.5,OK
BMW-1966,27-11-2022,CORRUPTED,2021,2,Q1,South Africa,South Africa,Cape Town BMW,BMW iX,Electric,Electric,Individual,Individual,ZAR,ZAR,1,1885495.02,1.9,18854.9502,OK,94274.75,69189.28,25085.47,28,OK,Male,4.5,OK
BMW-2478,17-11-2022,CORRUPTED,2021,10,Q4,China,China,Beijing Luxury Motors,BMW X5,SUV,Diesel,individual,Individual,CNY,CNY,1,576215.02,4.95,5762.1502,OK,72938.61,55248.55,17690.06,-5,BAD AGE,Male,4.5,OK
BMW-2619,03-11-2022,CORRUPTED,2021,12,Q4,UK,UK,Manchester Prestige,BMW M5,M Sport,Petrol,lease,Lease,GBP,GBP,4,94145.38,2.93,3765.8151,OK,437885.48,324802.07,113083.41,33,OK,Female,4.5,OK
BMW-3967,29-08-2022,CORRUPTED,2023,6,Q2,China,China,Beijing Luxury Motors,BMW i4,Electric,Electric,Individual,Individual,CNY,CNY,1,523861.52,1.58,-523861.52,BAD REVENUE,66311.59,48511.49,17800.1,44,OK,Female,4.5,OK
BMW-4587,12-02-2035,CORRUPTED,2024,1,Q1,India,India,Bangalore Motors,BMW i7,Electric,Electric,Government,Government,INR,INR,8,11059880.92,5.5,88479047.35,OK,972297.22,740815.01,231482.22,36,OK,Prefer not to say,4.6,OK
BMW-1587,14-01-2035,CORRUPTED,2020,9,Q3,India,India,Mumbai BMW,BMW 5 Series,Sedan,Petrol,Corporate Fleet,Corporate Fleet,INR,INR,7,5237676.05,7.14,36663732.37,OK,402898.16,312386.11,90512.05,65,OK,Prefer not to say,4.6,OK
BMW-3283,30-12-2034,CORRUPTED,2022,9,Q3,India,India,Mumbai BMW,BMW 3 Series,Sedan,Diesel,Lease,Lease,INR,INR,8,3572078.04,4.15,28576624.31,OK,314028.84,235893.9,78134.94,54,OK,Prefer not to say,4.6,OK
BMW-1672,18-09-2034,CORRUPTED,2020,10,Q4,South Africa,South Africa,Johannesburg Motors,BMW X7,SUV,Diesel,Lease,Lease,ZAR,ZAR,5,1940985.95,1.86,9704929.77,OK,485246.49,355995.7,129250.79,63,OK,Male,4.6,OK
BMW-4318,16-09-2034,CORRUPTED,2023,10,Q4,India,India,Delhi Prestige Auto,BMW X7,SUV,Diesel,Individual,Individual,INR,INR,1,9586103.13,1.72,9586103.13,OK,105341.79,77175.55,28166.24,41,OK,Male,4.6,OK
BMW-1752,12-09-2034,CORRUPTED,2020,11,Q4,South Africa,South Africa,Johannesburg Motors,BMW X5,SUV,Hybrid,Corporate Fleet,Corporate Fleet,ZAR,ZAR,6,1550672.54,2.26,9304035.23,OK,465201.76,342689.95,122511.81,54,OK,Prefer not to say,4.6,OK
BMW-3012,11-09-2034,CORRUPTED,2022,5,Q2,South Africa,South Africa,Johannesburg Motors,BMW X5,SUV,Hybrid,Corporate Fleet,Corporate Fleet,ZAR,ZAR,6,1543721.58,2.49,9262329.51,OK,463116.48,341971.35,121145.12,41,OK,Female,4.6,OK
BMW-2730,09-08-2034,CORRUPTED,2022,1,Q1,South Africa,South Africa,Cape Town BMW,BMW iX,Electric,Electric,Government,Government,ZAR,ZAR,4,1922308.12,2.14,7689232.48,OK,384461.62,282869.59,101592.03,29,OK,Female,4.6,OK
BMW-5461,28-07-2034,CORRUPTED,2024,11,Q4,South Africa,South Africa,Johannesburg Motors,BMW X3,SUV,Diesel,Corporate Fleet,Corporate Fleet,ZAR,ZAR,7,1051160.36,6.62,7358122.52,OK,367906.13,283666.04,84240.08,44,OK,Male,4.6,OK
BMW-3427,26-06-2034,CORRUPTED,2022,11,Q4,India,India,Mumbai BMW,BMW X5,SUV,Hybrid,Individual,Individual,INR,INR,1,6705734.22,1.6,6705734.22,OK,73689.39,53916.35,19773.04,48,OK,Male,4.6,OK
BMW-1264,11-06-2034,CORRUPTED,2020,4,Q2,South Africa,South Africa,Johannesburg Motors,BMW 3 Series,Sedan,Hybrid,Corporate Fleet,Corporate Fleet,ZAR,ZAR,7,885233.11,1.77,6196631.79,OK,309831.59,227097.64,82733.95,65,OK,Male,4.6,OK
BMW-2508,16-05-2034,CORRUPTED,2021,10,Q4,South Africa,South Africa,Cape Town BMW,BMW 3 Series,Sedan,Diesel,lease,Lease,ZAR,ZAR,7,806761.18,6.56,5647328.27,OK,282366.41,217570.84,64795.57,50,OK,Female,4.6,OK
BMW-4755,28-04-2034,CORRUPTED,2024,3,Q1,India,India,Bangalore Motors,BMW i4,Electric,Electric,Lease,Lease,INR,INR,1,5340754.37,6.24,5340754.37,OK,58689.61,45069.68,13619.92,58,OK,Prefer not to say,4.6,OK
BMW-2340,22-04-2034,CORRUPTED,2021,8,Q3,China,China,Guangzhou BMW,BMW X7,SUV,Petrol,Corporate Fleet,Corporate Fleet,CNY,CNY,6,874709.36,0.45,5248256.19,OK,664336.23,480483.27,183852.96,55,OK,Prefer not to say,4.6,OK
BMW-4947,15-02-2034,CORRUPTED,2024,5,Q2,South Africa,South Africa,Cape Town BMW,BMW X3,SUV,Hybrid,Corporate Fleet,Corporate Fleet,ZAR,ZAR,4,1096464.45,1.15,4385857.81,OK,219292.89,159722.06,59570.83,66,OK,Female,4.6,OK
BMW-2641,10-02-2034,CORRUPTED,2021,12,Q4,India,India,Mumbai BMW,BMW X3,SUV,Petrol,Individual,Individual,INR,INR,1,4309053.51,5.8,4309053.51,OK,47352.24,36191.43,11160.8,66,OK,Prefer not to say,4.6,OK
BMW-4666,12-12-2033,CORRUPTED,2024,2,Q1,China,China,Guangzhou BMW,BMW 5 Series,Sedan,Petrol,Corporate Fleet,Corporate Fleet,CNY,CNY,8,439078.77,4.62,3512630.16,OK,444636.73,335642.42,108994.31,44,OK,Female,4.6,OK
BMW-3143,06-11-2033,CORRUPTED,2022,7,Q3,India,India,Bangalore Motors,BMW 2 Series,Coupe,Diesel,Corporate Fleet,Corporate Fleet,INR,INR,1,3246799.04,5.84,3246799.04,OK,35679.11,27283.44,8395.67,37,OK,Prefer not to say,4.6,OK
BMW-2135,20-10-2033,CORRUPTED,2021,5,Q2,China,China,Shanghai BMW,BMW 5 Series,Sedan,Diesel,Lease,Lease,CNY,CNY,7,431659.53,3.52,3021616.69,OK,382483.13,285431.75,97051.37,64,OK,Male,4.6,OK
BMW-2066,19-10-2033,CORRUPTED,2021,4,Q2,China,China,Beijing Luxury Motors,BMW 5 Series,Sedan,Hybrid,Lease,Lease,CNY,CNY,6,499590.89,2.59,2997545.37,OK,379436.12,280471.21,98964.91,66,OK,Female,4.6,OK
BMW-5460,26-09-2033,CORRUPTED,2024,11,Q4,South Africa,South Africa,Johannesburg Motors,BMW i4,Electric,Electric,Corporate Fleet,Corporate Fleet,ZAR,ZAR,2,1400451.85,4.86,2800903.69,OK,140045.18,105986.71,34058.48,44,OK,Female,4.6,OK
BMW-1939,05-09-2033,CORRUPTED,2021,2,Q1,China,China,Shenzhen Auto,BMW 5 Series,Sedan,Petrol,Government,Government,CNY,CNY,6,435432.62,3.92,2612595.72,OK,330708.32,247812.18,82896.13,27,OK,Prefer not to say,4.6,OK
BMW-1443,19-08-2033,CORRUPTED,2020,7,Q3,China,China,Guangzhou BMW,BMW X3,SUV,Petrol,Lease,Lease,CNY,CNY,6,413144.17,6.12,2478865.02,OK,313780.38,240645.73,73134.65,41,OK,Male,4.6,OK
BMW-3369,15-07-2033,CORRUPTED,2022,10,Q4,South Africa,South Africa,Cape Town BMW,BMW X3,SUV,Hybrid,Corporate Fleet,Corporate Fleet,ZAR,ZAR,2,1123914.1,3.88,2247828.2,OK,112391.41,84188.27,28203.14,26,OK,Female,4.6,OK
BMW-5001,13-07-2033,CORRUPTED,2024,6,Q2,China,China,Shenzhen Auto,BMW 2 Series,Coupe,Diesel,Lease,Lease,CNY,CNY,8,280733.96,3.66,2245871.65,OK,284287.55,212468.72,71818.83,44,OK,Female,4.6,OK
BMW-1435,05-07-2033,CORRUPTED,2020,7,Q3,China,China,Guangzhou BMW,BMW iX,Electric,Electric,Corporate Fleet,Corporate Fleet,CNY,CNY,3,735553.5,6.81,2206660.51,OK,279324.11,215813.27,63510.85,30,OK,Female,4.6,OK
BMW-2993,20-05-2033,CORRUPTED,2022,5,Q2,China,China,Shanghai BMW,BMW i4,Electric,Electric,Corporate Fleet,Corporate Fleet,CNY,CNY,4,494611.98,3.59,1978447.93,OK,250436.45,187023.26,63413.19,62,OK,Prefer not to say,4.6,OK
BMW-4152,09-05-2033,CORRUPTED,2023,8,Q3,China,China,Shenzhen Auto,BMW 2 Series,Coupe,Petrol,Corporate Fleet,Corporate Fleet,CNY,CNY,6,322397.07,0.64,1934382.41,OK,244858.53,177434.19,67424.35,65,OK,Female,4.6,OK
BMW-4093,01-05-2033,CORRUPTED,2023,7,Q3,South Africa,South Africa,Johannesburg Motors,BMW X7,SUV,Petrol,Individual,Individual,ZAR,ZAR,1,1889191.15,4.49,1889191.15,OK,94459.56,71210.31,23249.25,39,OK,Prefer not to say,4.6,OK
BMW-1581,10-04-2033,CORRUPTED,2020,9,Q3,China,China,Shanghai BMW,BMW 3 Series,Sedan,Hybrid,Corporate Fleet,Corporate Fleet,CNY,CNY,5,361395.26,6.03,1806976.32,OK,228731.18,175257.44,53473.74,60,OK,Male,4.6,OK
BMW-3442,27-02-2033,CORRUPTED,2022,11,Q4,South Africa,South Africa,Cape Town BMW,BMW iX,Electric,Electric,Individual,Individual,ZAR,ZAR,1,1674183.92,5.67,1674183.92,OK,83709.2,63891.07,19818.13,42,OK,Male,4.6,OK
BMW-2586,26-02-2033,CORRUPTED,2021,11,Q4,South Africa,South Africa,Johannesburg Motors,BMW 3 Series,Sedan,Hybrid,Lease,Lease,ZAR,ZAR,2,833873.44,6.21,1667746.89,OK,83387.34,64012.07,19375.28,26,OK,Female,4.6,OK
BMW-5082,21-02-2033,CORRUPTED,2024,7,Q3,China,China,Beijing Luxury Motors,BMW X3,SUV,Hybrid,corporate fleet,Corporate Fleet,CNY,CNY,4,413296.35,0.39,1653185.39,OK,209263.97,151257.34,58006.63,55,OK,Prefer not to say,4.6,OK
BMW-1061,11-01-2033,CORRUPTED,2020,1,Q1,Australia,Australia,Melbourne Auto Group,BMW i7,Electric,Electric,Corporate Fleet,Corporate Fleet,AUD,AUD,7,210745.22,4.02,1475216.56,OK,894070.64,670700.38,223370.27,43,OK,Prefer not to say,4.6,OK
BMW-1043,20-12-2032,CORRUPTED,2020,1,Q1,China,China,Shanghai BMW,BMW 2 Series,Coupe,Diesel,Lease,Lease,CNY,CNY,5,282012.16,5.83,1410060.78,OK,178488.71,136461.76,42026.94,53,OK,Prefer not to say,4.6,OK
BMW-1465,15-12-2032,CORRUPTED,2020,7,Q3,South Africa,South Africa,Cape Town BMW,BMW i4,Electric,Electric,Individual,Individual,ZAR,ZAR,1,1387186.38,0.53,1387186.38,OK,69359.32,50206.42,19152.9,39,OK,Male,4.6,OK
BMW-5294,19-11-2032,CORRUPTED,2024,9,Q3,UAE,UAE,Abu Dhabi Motors,BMW X3,SUV,Petrol,Corporate Fleet,Corporate Fleet,AED,AED,7,186087.99,5.85,1302615.9,OK,325653.98,249050.73,76603.24,26,OK,Prefer not to say,4.6,OK
BMW-3491,07-11-2032,CORRUPTED,2022,12,Q4,China,China,Shenzhen Auto,BMW 5 Series,Sedan,Hybrid,corporate fleet,Corporate Fleet,CNY,CNY,3,429310.22,1.49,1287930.65,OK,163029.2,119157.1,43872.1,60,OK,Male,4.6,OK
BMW-4607,03-11-2032,CORRUPTED,2024,1,Q1,South Africa,South Africa,Johannesburg Motors,BMW i4,Electric,Electric,corporate fleet,Corporate Fleet,ZAR,ZAR,1,1282225.93,0.63,1282225.93,OK,64111.3,46452.91,17658.39,42,OK,Prefer not to say,4.6,OK
BMW-1123,08-10-2032,CORRUPTED,2020,2,Q1,UAE,UAE,Abu Dhabi Motors,BMW 2 Series,Coupe,Petrol,Lease,Lease,AED,AED,8,149654.31,7.7,1197234.47,OK,299308.62,233473.55,65835.07,28,OK,Male,4.6,OK
BMW-5169,30-09-2032,CORRUPTED,2024,8,Q3,China,China,Guangzhou BMW,BMW X5,SUV,Petrol,Lease,Lease,CNY,CNY,2,575798.56,0.28,1151597.12,OK,145771.79,105251.13,40520.66,54,OK,Prefer not to say,4.6,OK
BMW-2661,15-09-2032,CORRUPTED,2021,12,Q4,South Africa,South Africa,Cape Town BMW,BMW X3,SUV,Hybrid,Individual,Individual,ZAR,ZAR,1,1095804.77,0.22,1095804.77,OK,54790.24,39537.03,15253.21,46,OK,Prefer not to say,4.6,OK
BMW-5121,04-09-2032,CORRUPTED,2024,7,Q3,South Africa,South Africa,Cape Town BMW,BMW X3,SUV,Petrol,Individual,Individual,ZAR,ZAR,1,1073012.24,3.97,1073012.24,OK,53650.61,40224.66,13425.95,58,OK,Female,4.6,OK
BMW-3995,01-09-2032,CORRUPTED,2023,6,Q2,South Africa,South Africa,Johannesburg Motors,BMW X3,SUV,Hybrid,individual,Individual,ZAR,ZAR,1,1070097.03,1.54,1070097.03,OK,53504.85,39126.99,14377.86,41,OK,Prefer not to say,4.6,OK
BMW-4144,12-08-2032,CORRUPTED,2023,8,Q3,China,China,Shenzhen Auto,BMW M5,M Sport,Diesel,Individual,Individual,CNY,CNY,1,1014380.59,0.8,1014380.59,OK,128402.61,93195.68,35206.93,48,OK,Prefer not to say,4.6,OK
BMW-4995,11-08-2032,CORRUPTED,2024,6,Q2,China,China,Guangzhou BMW,BMW M5,M Sport,Petrol,Individual,Individual,CNY,CNY,1,1014197.24,0.47,1014197.24,OK,128379.4,92865.18,35514.21,31,OK,Female,4.6,OK
BMW-2733,04-08-2032,CORRUPTED,2022,1,Q1,South Africa,South Africa,Cape Town BMW,BMW X3,SUV,Hybrid,Lease,Lease,ZAR,ZAR,1,1005462.85,1.91,1005462.85,OK,50273.14,36903.35,13369.8,33,OK,Prefer not to say,4.6,OK
BMW-3671,09-07-2032,CORRUPTED,2023,2,Q1,South Africa,South Africa,Johannesburg Motors,BMW X3,SUV,Hybrid,individual,Individual,ZAR,ZAR,1,965080.64,5.04,965080.64,OK,48254.03,36588.12,11665.91,30,OK,Male,4.6,OK
BMW-3879,04-07-2032,CORRUPTED,2023,5,Q2,China,China,Shenzhen Auto,BMW M5,M Sport,Petrol,Individual,Individual,CNY,CNY,1,960404.19,3.66,960404.19,OK,121570.15,90859.04,30711.12,41,OK,Male,4.6,OK
BMW-1272,09-06-2032,CORRUPTED,2020,4,Q2,South Africa,South Africa,Johannesburg Motors,BMW 3 Series,Sedan,Petrol,Individual,Individual,ZAR,ZAR,1,928702.58,2.55,928702.58,OK,46435.13,34308.16,12126.97,62,OK,Female,4.6,OK
BMW-4770,17-05-2032,CORRUPTED,2024,3,Q1,South Africa,South Africa,Johannesburg Motors,BMW 3 Series,Sedan,Petrol,Individual,Individual,ZAR,ZAR,1,902465.64,6.75,902465.64,OK,45123.28,34838.85,10284.43,63,OK,Prefer not to say,4.6,OK
BMW-5498,28-03-2032,CORRUPTED,2024,12,Q4,USA,USA,Beverly Hills BMW,BMW 7 Series,Sedan,Diesel,Lease,Lease,USD,USD,8,103856.67,7.7,830853.32,OK,762250.75,594592.98,167657.77,43,OK,Prefer not to say,4.6,OK
BMW-2203,19-03-2032,CORRUPTED,2021,6,Q2,China,China,Shanghai BMW,BMW X7,SUV,Hybrid,Individual,Individual,CNY,CNY,1,810890.14,1.65,810890.14,OK,102644.32,75147.25,27497.07,32,OK,Female,4.6,OK
BMW-4256,15-03-2032,CORRUPTED,2023,9,Q3,Australia,Australia,Sydney BMW,BMW i4,Electric,Electric,Corporate Fleet,Corporate Fleet,AUD,AUD,8,101034.77,1.74,808278.17,OK,489865.56,358941.82,130923.74,37,OK,Prefer not to say,4.6,OK
BMW-4753,04-03-2032,CORRUPTED,2024,3,Q1,China,China,Shanghai BMW,BMW X7,SUV,Diesel,Individual,Individual,CNY,CNY,1,797245.25,5.34,797245.25,OK,100917.12,76759.97,24157.15,30,OK,Male,4.6,OK
BMW-5462,22-02-2032,CORRUPTED,2024,11,Q4,South Africa,South Africa,Cape Town BMW,BMW 2 Series,Coupe,Hybrid,Individual,Individual,ZAR,ZAR,1,790887.17,4.27,790887.17,OK,39544.36,29742.55,9801.81,53,OK,Male,4.6,OK
BMW-4410,21-02-2032,CORRUPTED,2023,11,Q4,UAE,UAE,Abu Dhabi Motors,BMW X3,SUV,Diesel,corporate fleet,Corporate Fleet,AED,AED,4,197490.72,7.52,789962.86,OK,197490.72,153758.86,43731.85,57,OK,Prefer not to say,4.6,OK
BMW-3072,21-01-2032,CORRUPTED,2022,6,Q2,Australia,Australia,Melbourne Auto Group,BMW 5 Series,Sedan,Diesel,Corporate Fleet,Corporate Fleet,AUD,AUD,8,94568.99,4.3,756551.92,OK,458516.32,344965.07,113551.24,34,OK,Female,4.6,OK
BMW-1024,09-01-2032,CORRUPTED,2020,1,Q1,USA,USA,Chicago Motors,BMW iX,Electric,Electric,Government,Government,USD,USD,8,93489.53,2.6,747916.25,OK,686161.7,507231.89,178929.81,53,OK,Male,4.6,OK
BMW-5398,03-01-2032,CORRUPTED,2024,11,Q4,USA,USA,New York BMW,BMW iX,Electric,Electric,corporate fleet,Corporate Fleet,USD,USD,8,92360.45,4.97,738883.61,OK,677874.87,513569.1,164305.77,35,OK,Female,4.6,OK
BMW-1493,11-12-2031,CORRUPTED,2020,8,Q3,USA,USA,New York BMW,BMW iX,Electric,Electric,Lease,Lease,USD,USD,7,103185.43,1.28,722297.98,OK,662658.7,483303.31,179355.38,59,OK,Female,4.6,OK
BMW-2780,06-12-2031,CORRUPTED,2022,2,Q1,Australia,Australia,Melbourne Auto Group,BMW X3,SUV,Hybrid,Government,Government,AUD,AUD,8,90094.93,3.24,720759.42,OK,436823.89,325044.68,111779.21,35,OK,Male,4.6,OK
BMW-1575,29-10-2031,CORRUPTED,2020,9,Q3,China,China,Guangzhou BMW,BMW M3,M Sport,Hybrid,Individual,Individual,CNY,CNY,1,693617.33,5.37,693617.33,OK,87799.66,66800.16,20999.5,28,OK,Male,4.6,OK
BMW-1209,16-10-2031,CORRUPTED,2020,4,Q2,Germany,Germany,BMW Munich HQ,BMW M5,M Sport,Hybrid,Corporate Fleet,Corporate Fleet,EUR,EUR,6,114090.89,3.7,684545.35,OK,684545.35,511788.6,172756.75,46,OK,Male,4.6,OK
BMW-4619,28-08-2031,CORRUPTED,2024,2,Q1,Germany,Germany,BMW Munich HQ,BMW X7,SUV,Petrol,Corporate Fleet,Corporate Fleet,EUR,EUR,7,93122.48,5.03,651857.37,OK,651857.37,494199.93,157657.43,42,OK,Prefer not to say,4.6,OK
BMW-1012,06-08-2031,CORRUPTED,2020,1,Q1,USA,USA,Chicago Motors,BMW M3,M Sport,Hybrid,lease,Lease,USD,USD,8,79304.11,7.27,634432.85,OK,582048.48,451952.48,130096.01,41,OK,Male,4.6,OK
BMW-2317,21-07-2031,CORRUPTED,2021,8,Q3,USA,USA,Miami Auto Group,BMW M3,M Sport,Hybrid,corporate fleet,Corporate Fleet,USD,USD,7,89160.77,0.42,624125.38,OK,572592.09,414015.99,158576.1,40,OK,Male,4.6,OK
BMW-1990,27-06-2031,CORRUPTED,2021,3,Q1,USA,USA,Chicago Motors,BMW X5,SUV,Hybrid,Lease,Lease,USD,USD,8,76417.08,0.93,611336.67,OK,560859.33,407620.45,153238.88,32,OK,Female,4.6,OK
BMW-2480,04-05-2031,CORRUPTED,2021,10,Q4,China,China,Shenzhen Auto,BMW X5,SUV,Hybrid,individual,Individual,CNY,CNY,1,582828.22,6.81,582828.22,OK,73775.72,56998.29,16777.43,53,OK,Prefer not to say,4.6,OK
BMW-1164,02-05-2031,CORRUPTED,2020,3,Q1,China,China,Shanghai BMW,BMW M3,M Sport,Diesel,Individual,Individual,CNY,CNY,1,582253.69,6.99,582253.69,OK,73703,57053.41,16649.59,33,OK,Prefer not to say,4.6,OK
BMW-4775,19-04-2031,CORRUPTED,2024,4,Q2,Germany,Germany,AutohaUSA Berlin,BMW 7 Series,Sedan,Petrol,Government,Government,EUR,EUR,6,95763.28,0.29,574579.66,OK,574579.66,414879.92,159699.74,62,OK,Prefer not to say,4.6,OK
BMW-3496,26-03-2031,CORRUPTED,2022,12,Q4,China,China,Guangzhou BMW,BMW X5,SUV,Hybrid,Individual,Individual,CNY,CNY,1,563857.78,5.89,563857.78,OK,71374.4,54604.78,16769.63,37,OK,Prefer not to say,4.6,OK
BMW-1277,09-03-2031,CORRUPTED,2020,5,Q2,Germany,Germany,AutohaUSA Berlin,BMW X7,SUV,Diesel,Government,Government,EUR,EUR,6,92562.64,2.84,555375.83,OK,555375.83,411546.06,143829.76,46,OK,Prefer not to say,4.6,OK
BMW-5429,30-01-2031,CORRUPTED,2024,11,Q4,China,China,Shenzhen Auto,BMW X5,SUV,Diesel,Individual,Individual,CNY,CNY,1,528964.3,4.74,528964.3,OK,66957.51,50608.13,16349.38,28,OK,Male,4.6,OK
BMW-3793,21-01-2031,CORRUPTED,2023,4,Q2,USA,USA,Dallas BMW,BMW X5,SUV,Petrol,Corporate Fleet,Corporate Fleet,USD,USD,7,75122.39,4.57,525856.75,OK,482437.39,364008.13,118429.25,33,OK,Prefer not to say,4.6,OK
BMW-1826,07-01-2031,CORRUPTED,2020,12,Q4,Australia,Australia,Melbourne Auto Group,BMW 2 Series,Coupe,Hybrid,Lease,Lease,AUD,AUD,8,64889.35,2.15,519114.77,OK,314615.01,231502.02,83112.99,65,OK,Female,4.6,OK
BMW-5519,28-11-2030,CORRUPTED,2024,12,Q4,UK,UK,Manchester Prestige,BMW M3,M Sport,Hybrid,Corporate Fleet,Corporate Fleet,GBP,GBP,7,71629.91,1.91,501409.37,OK,583034.16,427946.12,155088.03,46,OK,Female,4.6,OK
BMW-5516,17-11-2030,CORRUPTED,2024,12,Q4,UK,UK,Manchester Prestige,BMW M5,M Sport,Petrol,Lease,Lease,GBP,GBP,5,99490.94,5.07,497454.71,OK,578435.71,438727.26,139708.46,26,OK,Male,4.6,OK
BMW-4981,11-11-2030,CORRUPTED,2024,6,Q2,USA,USA,New York BMW,BMW X5,SUV,Hybrid,lease,Lease,USD,USD,6,82250.48,2.06,493502.9,OK,452754.96,332842.22,119912.74,65,OK,Female,4.6,OK
BMW-5356,06-11-2030,CORRUPTED,2024,10,Q4,China,China,Guangzhou BMW,BMW 5 Series,Sedan,Petrol,Individual,Individual,CNY,CNY,1,492779.16,0,492779.16,OK,62377.11,44912.43,17464.68,53,OK,Male,4.6,OK
BMW-1828,01-11-2030,CORRUPTED,2020,12,Q4,Australia,Australia,Sydney BMW,BMW 3 Series,Sedan,Petrol,Corporate Fleet,Corporate Fleet,AUD,AUD,7,70126.18,5.04,490883.25,OK,297505,225577.15,71927.85,27,OK,Female,4.6,OK
BMW-1776,26-10-2030,CORRUPTED,2020,12,Q4,USA,USA,New York BMW,BMW iX,Electric,Electric,lease,Lease,USD,USD,5,97407.91,5.71,487039.53,OK,446825.25,341213.2,105612.06,46,OK,Prefer not to say,4.6,OK
BMW-2675,03-10-2030,CORRUPTED,2022,1,Q1,USA,USA,Miami Auto Group,BMW iX,Electric,Electric,Lease,Lease,USD,USD,5,95447.44,5.77,477237.19,OK,437832.29,334548,103284.29,69,OK,Prefer not to say,4.6,OK
BMW-3742,17-09-2030,CORRUPTED,2023,3,Q1,China,China,Shanghai BMW,BMW 5 Series,Sedan,Diesel,individual,Individual,CNY,CNY,1,473495.81,7.78,473495.81,OK,59936.18,46796.12,13140.06,57,OK,Prefer not to say,4.6,OK
BMW-1168,22-07-2030,CORRUPTED,2020,3,Q1,China,China,Beijing Luxury Motors,BMW X3,SUV,Petrol,individual,Individual,CNY,CNY,1,450346.71,0.29,450346.71,OK,57005.91,41165.06,15840.85,51,OK,Prefer not to say,4.6,OK
BMW-2638,16-06-2030,CORRUPTED,2021,12,Q4,China,China,Guangzhou BMW,BMW X3,SUV,Diesel,Individual,Individual,CNY,CNY,1,437570.97,4.5,437570.97,OK,55388.73,41759.59,13629.14,66,OK,Prefer not to say,4.6,OK
BMW-3422,16-05-2030,CORRUPTED,2022,11,Q4,China,China,Beijing Luxury Motors,BMW X3,SUV,Petrol,Individual,Individual,CNY,CNY,1,429723.42,7.42,429723.42,OK,54395.37,42303.1,12092.27,65,OK,Male,4.6,OK
BMW-5537,14-05-2030,CORRUPTED,2024,12,Q4,China,China,Beijing Luxury Motors,BMW X3,SUV,Petrol,Individual,Individual,CNY,CNY,1,429512.32,5.31,429512.32,OK,54368.65,41339.55,13029.1,28,OK,Prefer not to say,4.6,OK
BMW-5083,25-04-2030,CORRUPTED,2024,7,Q3,China,China,Shenzhen Auto,BMW X3,SUV,Hybrid,Corporate Fleet,Corporate Fleet,CNY,CNY,1,422434.58,5.15,422434.58,OK,53472.73,40590.39,12882.34,62,OK,Female,4.6,OK
BMW-1571,22-04-2030,CORRUPTED,2020,9,Q3,China,China,Guangzhou BMW,BMW X3,SUV,Hybrid,Corporate Fleet,Corporate Fleet,CNY,CNY,1,421818.9,2.44,421818.9,OK,53394.8,39406.76,13988.04,68,OK,Prefer not to say,4.6,OK
BMW-3608,11-02-2030,CORRUPTED,2023,2,Q1,Germany,Germany,Stuttgart Motors,BMW iX,Electric,Electric,Corporate Fleet,Corporate Fleet,EUR,EUR,5,81342.18,3.78,406710.91,OK,406710.91,304343.17,102367.74,55,OK,Female,4.6,OK
BMW-3802,04-01-2030,CORRUPTED,2023,4,Q2,China,China,Beijing Luxury Motors,BMW X3,SUV,Diesel,individual,Individual,CNY,CNY,1,396581.34,7.63,396581.34,OK,50200.17,39131.74,11068.43,28,OK,Female,4.6,OK
BMW-1294,22-12-2029,CORRUPTED,2020,5,Q2,USA,USA,New York BMW,BMW X5,SUV,Diesel,Lease,Lease,USD,USD,5,78553.04,2.98,392765.21,OK,360335.05,267414.21,92920.84,31,OK,Prefer not to say,4.6,OK
BMW-4105,17-12-2029,CORRUPTED,2023,8,Q3,Germany,Germany,Stuttgart Motors,BMW X3,SUV,Hybrid,Corporate Fleet,Corporate Fleet,EUR,EUR,8,48969.6,7.49,391756.77,OK,391756.77,304894.26,86862.51,41,OK,Female,4.6,OK
BMW-4653,12-10-2029,CORRUPTED,2024,2,Q1,China,China,Shanghai BMW,BMW 3 Series,Sedan,Diesel,Individual,Individual,CNY,CNY,1,371798.61,3.57,371798.61,OK,47063.11,35141.64,11921.47,28,OK,Prefer not to say,4.6,OK
BMW-1070,02-10-2029,CORRUPTED,2020,2,Q1,Germany,Germany,Hamburg Drive,BMW 5 Series,Sedan,Hybrid,corporate fleet,Corporate Fleet,eur,EUR,6,61429.82,2.88,368578.95,OK,368578.95,273234.88,95344.06,53,OK,Prefer not to say,4.6,OK
BMW-4546,11-09-2029,CORRUPTED,2024,1,Q1,USA,USA,New York BMW,BMW 3 Series,Sedan,Diesel,corporate fleet,Corporate Fleet,USD,USD,8,45446.32,7.57,363570.52,OK,333550.94,259813.95,73736.99,41,OK,Male,4.6,OK
BMW-2497,19-07-2029,CORRUPTED,2021,10,Q4,UAE,UAE,Abu Dhabi Motors,BMW 7 Series,Sedan,Hybrid,Individual,Individual,AED,AED,1,350699.68,3.64,350699.68,OK,87674.92,65513.61,22161.31,68,OK,Female,4.6,OK
BMW-4547,11-07-2029,CORRUPTED,2024,1,Q1,USA,USA,Miami Auto Group,BMW iX,Electric,Electric,Corporate Fleet,Corporate Fleet,USD,USD,4,86967.46,4.4,347869.86,OK,319146.66,240354.86,78791.8,68,OK,Female,4.6,OK
BMW-1506,24-06-2029,CORRUPTED,2020,8,Q3,China,China,Shanghai BMW,BMW 3 Series,Sedan,Diesel,Individual,Individual,CNY,CNY,1,344931.94,6.44,344931.94,OK,43662.27,33600.69,10061.58,59,OK,Female,4.6,OK
BMW-4819,30-05-2029,CORRUPTED,2024,4,Q2,China,China,Beijing Luxury Motors,BMW 3 Series,Sedan,Diesel,Individual,Individual,CNY,CNY,1,340148.06,1.01,340148.06,OK,43056.72,31317.59,11739.13,-5,BAD AGE,Male,4.6,OK
BMW-4409,27-04-2029,CORRUPTED,2023,11,Q4,UAE,UAE,Abu Dhabi Motors,BMW iX,Electric,Electric,Individual,Individual,AED,AED,1,332853.49,0.88,332853.49,OK,83213.37,60446.9,22766.47,52,OK,Male,4.6,OK
BMW-3889,26-04-2029,CORRUPTED,2023,5,Q2,China,China,Beijing Luxury Motors,BMW 3 Series,Sedan,Diesel,Individual,Individual,CNY,CNY,1,332737.54,4.1,332737.54,OK,42118.68,31622.44,10496.23,40,OK,Female,4.6,OK
BMW-3049,20-04-2029,CORRUPTED,2022,6,Q2,China,China,Beijing Luxury Motors,BMW 3 Series,Sedan,Hybrid,Individual,Individual,CNY,CNY,1,330283.5,5.82,330283.5,OK,41808.04,31962.19,9845.85,64,OK,Male,4.6,OK
BMW-3460,03-03-2029,CORRUPTED,2022,12,Q4,USA,USA,Dallas BMW,BMW iX,Electric,Electric,Lease,Lease,USD,USD,3,106013.16,0.6,318039.48,OK,291779.34,211358.65,80420.69,26,OK,Male,4.6,OK
BMW-1808,22-02-2029,CORRUPTED,2020,12,Q4,China,China,Beijing Luxury Motors,BMW 2 Series,Coupe,Diesel,Individual,Individual,CNY,CNY,1,317192.47,2.14,317192.47,OK,40150.95,29540.62,10610.33,26,OK,Male,4.6,OK
BMW-4858,21-02-2029,CORRUPTED,2024,5,Q2,Germany,Germany,Hamburg Drive,BMW iX,Electric,Electric,Corporate Fleet,Corporate Fleet,EUR,EUR,4,79273.36,4.33,317093.42,OK,317093.42,238633.8,78459.62,45,OK,Prefer not to say,4.6,OK
BMW-5087,13-02-2029,CORRUPTED,2024,7,Q3,China,China,Beijing Luxury Motors,BMW 3 Series,Sedan,Hybrid,individual,Individual,CNY,CNY,1,316067.05,6.38,316067.05,OK,40008.49,30770.62,9237.87,37,OK,Female,4.6,OK
BMW-1620,30-01-2029,CORRUPTED,2020,10,Q4,Germany,Germany,AutohaUSA Berlin,BMW 3 Series,Sedan,Diesel,Lease,Lease,EUR,EUR,7,44400.96,2.75,310806.71,OK,310806.71,230097.8,80708.91,65,OK,Female,4.6,OK
BMW-3218,12-01-2029,CORRUPTED,2022,8,Q3,UAE,UAE,Dubai BMW,BMW X5,SUV,Hybrid,Individual,Individual,AED,AED,1,305293.22,7.21,305293.22,OK,76323.31,59223.94,17099.36,60,OK,Female,4.6,OK
BMW-3287,22-12-2028,CORRUPTED,2022,9,Q3,UAE,UAE,Abu Dhabi Motors,BMW X5,SUV,Diesel,individual,Individual,AED,AED,1,301210.9,3.41,301210.9,OK,75302.73,56133.66,19169.07,44,OK,Prefer not to say,4.6,OK
BMW-3004,20-12-2028,CORRUPTED,2022,5,Q2,UAE,UAE,Dubai BMW,BMW X5,SUV,Hybrid,Individual,Individual,AED,AED,1,301104.36,6.02,301104.36,OK,75276.09,57670.11,17605.98,37,OK,Male,4.6,OK
BMW-5357,18-11-2028,CORRUPTED,2024,10,Q4,China,China,Shanghai BMW,BMW 2 Series,Coupe,Hybrid,Individual,Individual,CNY,CNY,1,292982.86,7.22,292982.86,OK,37086.44,28781.2,8305.24,36,OK,Male,4.6,OK
BMW-3929,11-10-2028,CORRUPTED,2023,6,Q2,Germany,Germany,Stuttgart Motors,BMW 3 Series,Sedan,Petrol,Corporate Fleet,Corporate Fleet,EUR,EUR,6,46248.79,5.55,277492.72,OK,277492.72,211529.88,65962.84,41,OK,Prefer not to say,4.6,OK
BMW-3792,10-08-2028,CORRUPTED,2023,4,Q2,USA,USA,Miami Auto Group,BMW X5,SUV,Petrol,Corporate Fleet,Corporate Fleet,USD,USD,3,86432.62,3.55,259297.86,OK,237887.95,177586.41,60301.54,61,OK,Prefer not to say,4.6,OK
BMW-4449,10-07-2028,CORRUPTED,2023,12,Q4,USA,USA,Dallas BMW,BMW M5,M Sport,Diesel,Lease,Lease,USD,USD,2,125216.53,0.36,250433.06,OK,229755.1,166024.41,63730.69,55,OK,Female,4.6,OK
BMW-3521,09-06-2028,CORRUPTED,2022,12,Q4,Australia,Australia,Sydney BMW,BMW i4,Electric,Electric,Lease,Lease,AUD,AUD,2,120253.06,0.83,240506.13,OK,145761.29,105831.79,39929.5,37,OK,Female,4.6,OK
BMW-4679,02-06-2028,CORRUPTED,2024,2,Q1,UAE,UAE,Dubai BMW,BMW i4,Electric,Electric,Individual,Individual,AED,AED,1,238375.94,7.55,238375.94,OK,59593.99,46413.83,13180.16,64,OK,Prefer not to say,4.6,OK
BMW-1053,27-05-2028,CORRUPTED,2020,1,Q1,UAE,UAE,Dubai BMW,BMW i4,Electric,Electric,individual,Individual,AED,AED,1,237045.1,7.19,237045.1,OK,59261.27,45972.84,13288.43,27,OK,Female,4.6,OK
BMW-3988,13-05-2028,CORRUPTED,2023,6,Q2,UAE,UAE,Abu Dhabi Motors,BMW 5 Series,Sedan,Petrol,individual,Individual,AED,AED,1,233118.79,6.3,233118.79,OK,58279.7,44784.09,13495.61,69,OK,Male,4.6,OK
BMW-1101,04-05-2028,CORRUPTED,2020,2,Q1,UK,UK,London BMW Centre,BMW 5 Series,Sedan,Diesel,Corporate Fleet,Corporate Fleet,GBP,GBP,5,45857.86,5.57,229289.3,OK,266615.46,203294.56,63320.9,37,OK,Female,4.6,OK
BMW-3311,23-04-2028,CORRUPTED,2022,10,Q4,USA,USA,Beverly Hills BMW,BMW X5,SUV,Hybrid,Lease,Lease,USD,USD,3,75586.67,7.94,226760,OK,208036.7,162698.37,45338.32,25,OK,Female,4.6,OK
BMW-5295,22-04-2028,CORRUPTED,2024,9,Q3,UAE,UAE,Abu Dhabi Motors,BMW 5 Series,Sedan,Hybrid,Individual,Individual,AED,AED,1,226531.05,4.18,226531.05,OK,56632.76,42553.61,14079.15,40,OK,Prefer not to say,4.6,OK
BMW-2306,17-04-2028,CORRUPTED,2021,8,Q3,Germany,Germany,Hamburg Drive,BMW X5,SUV,Diesel,Corporate Fleet,Corporate Fleet,EUR,EUR,3,75096.82,4.8,225290.45,OK,225290.45,170391.33,54899.11,37,OK,Male,4.6,OK
BMW-2125,06-04-2028,CORRUPTED,2021,5,Q2,UK,UK,Manchester Prestige,BMW X3,SUV,Hybrid,lease,Lease,GBP,GBP,5,44616.31,1.15,223081.53,OK,259397.13,188934.44,70462.69,56,OK,Female,4.6,OK
BMW-5319,04-03-2028,CORRUPTED,2024,10,Q4,USA,USA,Chicago Motors,BMW 2 Series,Coupe,Petrol,Corporate Fleet,Corporate Fleet,USD,USD,5,42735.21,3.55,213676.05,OK,196033.07,146341.07,49692,46,OK,Prefer not to say,4.6,OK
BMW-4028,06-02-2028,CORRUPTED,2023,7,Q3,USA,USA,New York BMW,BMW 2 Series,Coupe,Diesel,Corporate Fleet,Corporate Fleet,USD,USD,5,41474.22,4.75,207371.09,OK,190248.71,143814.33,46434.38,67,OK,Male,4.6,OK
BMW-5403,26-01-2028,CORRUPTED,2024,11,Q4,USA,USA,Beverly Hills BMW,BMW 2 Series,Coupe,Petrol,Corporate Fleet,Corporate Fleet,USD,USD,5,40944.19,6.66,204720.95,OK,187817.39,144884.18,42933.21,62,OK,Female,4.6,OK
BMW-4172,19-01-2028,CORRUPTED,2023,8,Q3,Australia,Australia,Melbourne Auto Group,BMW M5,M Sport,Petrol,Individual,Individual,AUD,AUD,1,203159.52,0.41,203159.52,OK,123126.98,89019.76,34107.22,42,OK,Female,4.6,OK
BMW-1494,18-12-2027,CORRUPTED,2020,8,Q3,USA,USA,Chicago Motors,BMW 3 Series,Sedan,Hybrid,Corporate Fleet,Corporate Fleet,USD,USD,4,48816.67,0.07,195266.68,OK,179143.74,129079.86,50063.89,53,OK,Male,4.6,OK
BMW-3901,23-11-2027,CORRUPTED,2023,5,Q2,UAE,UAE,Dubai BMW,BMW X3,SUV,Petrol,Individual,Individual,AED,AED,1,187431.73,6.89,187431.73,OK,46857.93,36234.25,10623.68,28,OK,Prefer not to say,4.6,OK
BMW-4342,13-11-2027,CORRUPTED,2023,11,Q4,Germany,Germany,BMW Munich HQ,BMW 5 Series,Sedan,Petrol,Corporate Fleet,Corporate Fleet,eur,EUR,3,61870.37,5.98,185611.11,OK,185611.11,142147.1,43464.01,27,OK,Male,4.6,OK
BMW-3877,28-10-2027,CORRUPTED,2023,5,Q2,UK,UK,Edinburgh Motors,BMW 3 Series,Sedan,Diesel,Corporate Fleet,Corporate Fleet,GBP,GBP,5,35427.31,3.13,177136.54,OK,205972.72,153085.41,52887.31,37,OK,Prefer not to say,4.6,OK
BMW-3662,04-10-2027,CORRUPTED,2023,2,Q1,UAE,UAE,Abu Dhabi Motors,BMW 3 Series,Sedan,Diesel,individual,Individual,AED,AED,1,168822.02,6.86,168822.02,OK,42205.51,32627.38,9578.12,59,OK,Male,4.6,OK
BMW-1318,26-08-2027,CORRUPTED,2020,5,Q2,UAE,UAE,Dubai BMW,BMW 2 Series,Coupe,Diesel,Government,Government,AED,AED,1,158600.76,3.18,158600.76,OK,39650.19,29486.01,10164.17,51,OK,Male,4.6,OK
BMW-3658,23-06-2027,CORRUPTED,2023,2,Q1,UAE,UAE,Dubai BMW,BMW 2 Series,Coupe,Diesel,Individual,Individual,AED,AED,1,143458.38,0.95,143458.38,OK,35864.6,26071.18,9793.41,56,OK,Female,4.6,OK
BMW-4425,07-05-2027,CORRUPTED,2023,12,Q4,Germany,Germany,Stuttgart Motors,BMW i4,Electric,Electric,Corporate Fleet,Corporate Fleet,EUR,EUR,2,66555.47,4.48,133110.93,OK,133110.93,100338.85,32772.08,54,OK,Male,4.6,OK
BMW-2225,06-05-2027,CORRUPTED,2021,6,Q2,Australia,Australia,Sydney BMW,BMW iX,Electric,Electric,Individual,Individual,AUD,AUD,1,132699.33,7.54,132699.33,OK,80423.84,62624.86,17798.97,48,OK,Male,4.6,OK
BMW-4885,22-02-2027,CORRUPTED,2024,5,Q2,USA,USA,Chicago Motors,BMW 5 Series,Sedan,Hybrid,Corporate Fleet,Corporate Fleet,USD,USD,2,60390.05,3.25,120780.1,OK,110807.43,82462.37,28345.07,63,OK,Prefer not to say,4.6,OK
BMW-4868,20-02-2027,CORRUPTED,2024,5,Q2,Germany,Germany,Hamburg Drive,BMW M5,M Sport,Petrol,Individual,Individual,EUR,EUR,1,120662.12,6.95,120662.12,OK,120662.12,93366.61,27295.51,33,OK,Male,4.6,OK
BMW-2357,12-02-2027,CORRUPTED,2021,8,Q3,Australia,Australia,Sydney BMW,BMW i4,Electric,Electric,lease,Lease,AUD,AUD,1,119827.23,1.64,119827.23,OK,72622.56,53159.22,19463.35,36,OK,Female,4.6,OK
BMW-3773,23-11-2026,CORRUPTED,2023,4,Q2,Germany,Germany,AutohaUSA Berlin,BMW M5,M Sport,Diesel,Individual,Individual,EUR,EUR,1,108889.55,7.25,108889.55,OK,108889.55,84526.64,24362.91,36,OK,Male,4.6,OK
BMW-3614,21-11-2026,CORRUPTED,2023,2,Q1,USA,USA,New York BMW,BMW X3,SUV,Petrol,Lease,Lease,USD,USD,2,54377.07,5.93,108754.14,OK,99774.44,76369.72,23404.72,27,OK,Female,4.6,OK
BMW-1150,03-11-2026,CORRUPTED,2020,3,Q1,USA,USA,New York BMW,BMW 7 Series,Sedan,Hybrid,Corporate Fleet,Corporate Fleet,USD,USD,1,107119.44,3.14,107119.44,OK,98274.72,73050.07,25224.64,53,OK,Male,4.6,OK
BMW-1708,24-10-2026,CORRUPTED,2020,11,Q4,USA,USA,Chicago Motors,BMW X7,SUV,Petrol,Individual,Individual,USD,USD,1,105966.39,3.94,105966.39,OK,97216.87,72869.33,24347.55,26,OK,Male,4.6,OK
BMW-1678,08-10-2026,CORRUPTED,2020,11,Q4,Germany,Germany,AutohaUSA Berlin,BMW X7,SUV,Diesel,Individual,Individual,EUR,EUR,1,104418.44,1.94,104418.44,OK,104418.44,76665.09,27753.35,25,OK,Female,4.6,OK
BMW-1548,12-08-2026,CORRUPTED,2020,9,Q3,Germany,Germany,Hamburg Drive,BMW X7,SUV,Diesel,Individual,Individual,EUR,EUR,1,98801.01,6.38,98801.01,OK,98801.01,75987.23,22813.78,25,OK,Male,4.6,OK
BMW-3770,09-08-2026,CORRUPTED,2023,4,Q2,Germany,Germany,Stuttgart Motors,BMW iX,Electric,Electric,Individual,Individual,EUR,EUR,1,98600.4,0.73,98600.4,OK,98600.4,71512.97,27087.43,25,OK,Female,4.6,OK
BMW-5195,24-07-2026,CORRUPTED,2024,8,Q3,Australia,Australia,Melbourne Auto Group,BMW 5 Series,Sedan,Hybrid,Individual,Individual,AUD,AUD,1,97185.83,6.84,97185.83,OK,58900.5,45524.51,13375.99,50,OK,Prefer not to say,4.6,OK
BMW-3116,27-03-2026,CORRUPTED,2022,7,Q3,USA,USA,New York BMW,BMW M3,M Sport,Diesel,Individual,Individual,USD,USD,1,89621.17,3.32,89621.17,OK,82221.25,61231.44,20989.82,40,OK,Prefer not to say,4.6,OK
BMW-2973,19-03-2026,CORRUPTED,2022,5,Q2,UK,UK,London BMW Centre,BMW X7,SUV,Hybrid,corporate fleet,Corporate Fleet,gbp,GBP,1,88754.03,5.63,88754.03,OK,103202.36,78739.93,24462.43,59,OK,Female,4.6,OK
BMW-2325,31-01-2026,CORRUPTED,2021,8,Q3,UK,UK,London BMW Centre,BMW X3,SUV,Petrol,lease,Lease,GBP,GBP,2,42738.35,5.9,85476.7,OK,99391.51,76046.39,23345.12,69,OK,Female,4.6,OK
BMW-3682,01-01-2026,CORRUPTED,2023,3,Q1,Germany,Germany,Hamburg Drive,BMW iX,Electric,Electric,Individual,Individual,EUR,EUR,1,83628.48,4.1,83628.48,OK,83628.48,62787.24,20841.24,57,OK,Prefer not to say,4.6,OK
BMW-4129,27-12-2025,CORRUPTED,2023,8,Q3,USA,USA,New York BMW,BMW X5,SUV,Diesel,Individual,Individual,USD,USD,1,83479.97,3.82,83479.97,OK,76587.13,57334.65,19252.48,31,OK,Male,4.6,OK
BMW-1864,18-12-2025,CORRUPTED,2021,1,Q1,UK,UK,Edinburgh Motors,BMW iX,Electric,Electric,Individual,Individual,GBP,GBP,1,83196.48,1.63,83196.48,OK,96740.09,70805.43,25934.67,64,OK,Prefer not to say,4.6,OK
BMW-3084,01-12-2025,CORRUPTED,2022,7,Q3,Germany,Germany,AutohaUSA Berlin,BMW M3,M Sport,Diesel,Individual,Individual,EUR,EUR,1,82192.05,0.26,82192.05,OK,82192.05,59333.97,22858.08,40,OK,Prefer not to say,4.6,OK
BMW-5111,25-11-2025,CORRUPTED,2024,7,Q3,Australia,Australia,Sydney BMW,BMW X3,SUV,Diesel,Corporate Fleet,Corporate Fleet,AUD,AUD,1,81348.69,7.87,81348.69,OK,49302.24,38527.95,10774.29,42,OK,Male,4.6,OK
BMW-2503,14-11-2025,CORRUPTED,2021,10,Q4,Australia,Australia,Sydney BMW,BMW X3,SUV,Hybrid,Individual,Individual,AUD,AUD,1,80892.29,2.14,80892.29,OK,49025.63,36071.83,12953.8,64,OK,Female,4.6,OK
BMW-4032,27-10-2025,CORRUPTED,2023,7,Q3,USA,USA,Beverly Hills BMW,BMW i4,Electric,Electric,Individual,Individual,USD,USD,1,79648.43,1.44,79648.43,OK,73071.95,53381.74,19690.21,61,OK,Prefer not to say,4.6,OK
BMW-5013,15-10-2025,CORRUPTED,2024,6,Q2,Australia,Australia,Sydney BMW,BMW 3 Series,Sedan,Hybrid,Individual,Individual,AUD,AUD,1,78777,1.75,78777,OK,47743.64,34987.13,12756.51,32,OK,Prefer not to say,4.6,OK
BMW-1222,05-10-2025,CORRUPTED,2020,4,Q2,USA,USA,Dallas BMW,BMW 2 Series,Coupe,Diesel,Lease,Lease,USD,USD,2,39183.11,3.99,78366.22,OK,71895.62,53914.38,17981.24,35,OK,Female,4.6,OK
BMW-2604,13-09-2025,CORRUPTED,2021,12,Q4,USA,USA,Miami Auto Group,BMW X5,SUV,Hybrid,Corporate Fleet,Corporate Fleet,USD,USD,1,77295.29,0.26,77295.29,OK,70913.11,51190.41,19722.69,51,OK,Male,4.6,OK
BMW-1665,06-09-2025,CORRUPTED,2020,10,Q4,Australia,Australia,Sydney BMW,BMW X3,SUV,Hybrid,Individual,Individual,AUD,AUD,1,76929.65,5.9,76929.65,OK,46624.03,35675.19,10948.84,41,OK,Prefer not to say,4.6,OK
BMW-5021,25-08-2025,CORRUPTED,2024,6,Q2,Australia,Australia,Sydney BMW,BMW X3,SUV,Petrol,lease,Lease,AUD,AUD,1,76496.43,7.14,76496.43,OK,46361.47,35946.9,10414.57,66,OK,Female,4.6,OK
BMW-4203,22-08-2025,CORRUPTED,2023,9,Q3,USA,USA,New York BMW,BMW X5,SUV,Hybrid,Individual,Individual,USD,USD,1,76353.75,6.45,76353.75,OK,70049.31,53910.28,16139.03,30,OK,Prefer not to say,4.6,OK
BMW-2105,04-08-2025,CORRUPTED,2021,5,Q2,USA,USA,Chicago Motors,BMW X5,SUV,Diesel,Individual,Individual,USD,USD,1,75489.59,4.91,75489.59,OK,69256.51,52438.97,16817.54,42,OK,Prefer not to say,4.6,OK
BMW-5062,05-07-2025,CORRUPTED,2024,7,Q3,USA,USA,Beverly Hills BMW,BMW X5,SUV,Diesel,Individual,Individual,USD,USD,1,73922.67,6.63,73922.67,OK,67818.96,52294.14,15524.82,46,OK,Female,4.6,OK
BMW-2177,21-06-2025,CORRUPTED,2021,6,Q2,USA,USA,Dallas BMW,BMW i4,Electric,Electric,Individual,Individual,USD,USD,1,72986.46,3.91,72986.46,OK,66960.05,50170.61,16789.44,62,OK,Male,4.6,OK
BMW-4726,10-05-2025,CORRUPTED,2024,3,Q1,USA,USA,Miami Auto Group,BMW i4,Electric,Electric,Individual,Individual,USD,USD,1,70426.62,0.75,70426.62,OK,64611.58,46873.66,17737.92,42,OK,Female,4.6,OK
BMW-3317,03-05-2025,CORRUPTED,2022,10,Q4,USA,USA,Miami Auto Group,BMW X5,SUV,Hybrid,Individual,Individual,USD,USD,1,69846.36,7.94,69846.36,OK,64079.23,50117.6,13961.63,31,OK,Female,4.6,OK
BMW-1615,20-04-2025,CORRUPTED,2020,10,Q4,Germany,Germany,Hamburg Drive,BMW i4,Electric,Electric,Individual,Individual,EUR,EUR,1,68873.82,5.79,68873.82,OK,68873.82,52637.82,16236,37,OK,Female,4.6,OK
BMW-2151,23-03-2025,CORRUPTED,2021,5,Q2,Australia,Australia,Melbourne Auto Group,BMW 3 Series,Sedan,Hybrid,Individual,Individual,AUD,AUD,1,67566.84,1.36,67566.84,OK,40949.6,29889.95,11059.65,33,OK,Prefer not to say,4.6,OK
BMW-3331,05-03-2025,CORRUPTED,2022,10,Q4,UK,UK,Edinburgh Motors,BMW M3,M Sport,Hybrid,Individual,Individual,GBP,GBP,1,66656.11,7.34,66656.11,OK,77507.11,60223.59,17283.51,46,OK,Male,4.6,OK
BMW-5417,17-02-2025,CORRUPTED,2024,11,Q4,UK,UK,London BMW Centre,BMW iX,Electric,Electric,Corporate Fleet,Corporate Fleet,GBP,GBP,1,66155.53,7.75,66155.53,OK,76925.03,60041.58,16883.45,65,OK,Male,4.6,OK
BMW-2279,24-01-2025,CORRUPTED,2021,7,Q3,Australia,Australia,Melbourne Auto Group,BMW 3 Series,Sedan,Petrol,Individual,Individual,AUD,AUD,1,64866.64,4.88,64866.64,OK,39313.12,29757.15,9555.97,67,OK,Prefer not to say,4.6,OK
BMW-5399,07-12-2024,CORRUPTED,2024,11,Q4,USA,USA,Miami Auto Group,BMW X3,SUV,Diesel,Individual,Individual,USD,USD,1,62915.89,0.26,62915.89,OK,57721,41666.4,16054.6,44,OK,Prefer not to say,4.6,OK
BMW-4725,15-09-2024,CORRUPTED,2024,3,Q1,USA,USA,Miami Auto Group,BMW X3,SUV,Diesel,Individual,Individual,USD,USD,1,60118.97,0.62,60118.97,OK,55155.02,39958.69,15196.32,40,OK,Female,4.6,OK
BMW-5041,07-09-2024,CORRUPTED,2024,7,Q3,Germany,Germany,Hamburg Drive,BMW 5 Series,Sedan,Petrol,Individual,Individual,EUR,EUR,1,59732.5,7.36,59732.5,OK,59732.5,46425.31,13307.19,53,OK,Prefer not to say,4.6,OK
BMW-3168,09-08-2024,CORRUPTED,2022,8,Q3,USA,USA,Miami Auto Group,BMW 5 Series,Sedan,Petrol,Individual,Individual,USD,USD,1,58772.16,2.68,58772.16,OK,53919.41,39892.88,14026.53,25,OK,Male,4.6,OK
BMW-3384,22-07-2024,CORRUPTED,2022,11,Q4,USA,USA,Miami Auto Group,BMW X3,SUV,Diesel,Individual,Individual,USD,USD,1,58338.64,6.27,58338.64,OK,53521.69,41114.96,12406.73,52,OK,Male,4.6,OK
BMW-1773,12-07-2024,CORRUPTED,2020,12,Q4,USA,USA,Miami Auto Group,BMW X3,SUV,Hybrid,Individual,Individual,USD,USD,1,58183.4,6.07,58183.4,OK,53379.27,40917.61,12461.66,44,OK,Male,4.6,OK
BMW-1934,27-06-2024,CORRUPTED,2021,2,Q1,UK,UK,London BMW Centre,BMW X5,SUV,Petrol,Individual,Individual,GBP,GBP,1,57642.63,3.68,57642.63,OK,67026.32,50101,16925.32,53,OK,Prefer not to say,4.6,OK
BMW-3474,20-03-2024,CORRUPTED,2022,12,Q4,USA,USA,Chicago Motors,BMW X3,SUV,Hybrid,individual,Individual,USD,USD,1,54443.93,4.22,54443.93,OK,49948.56,37547.86,12400.7,31,OK,Male,4.6,OK
BMW-1553,21-02-2024,CORRUPTED,2020,9,Q3,USA,USA,Chicago Motors,BMW X3,SUV,Petrol,individual,Individual,USD,USD,1,53612.74,3.52,53612.74,OK,49186,36706.96,12479.05,50,OK,Male,4.6,OK
BMW-1974,06-01-2024,CORRUPTED,2021,3,Q1,Germany,Germany,Hamburg Drive,BMW 5 Series,Sedan,Petrol,Individual,Individual,EUR,EUR,1,52056.12,5.73,52056.12,OK,52056.12,39757.9,12298.22,55,OK,Male,4.6,OK
BMW-2307,09-12-2023,CORRUPTED,2021,8,Q3,USA,USA,Dallas BMW,BMW X3,SUV,Diesel,Individual,Individual,USD,USD,1,50700.44,7.18,50700.44,OK,46514.17,36080.48,10433.68,53,OK,Prefer not to say,4.6,OK
BMW-1102,23-11-2023,CORRUPTED,2020,2,Q1,UK,UK,London BMW Centre,BMW 5 Series,Sedan,Hybrid,Individual,Individual,GBP,GBP,1,49893.5,7.02,49893.5,OK,58015.7,44924.93,13090.77,33,OK,Female,4.6,OK
BMW-2529,16-11-2023,CORRUPTED,2021,11,Q4,USA,USA,Chicago Motors,BMW 3 Series,Sedan,Petrol,individual,Individual,USD,USD,1,49694.01,4.71,49694.01,OK,45590.83,34446.98,11143.86,43,OK,Female,4.6,OK
BMW-3254,12-11-2023,CORRUPTED,2022,9,Q3,USA,USA,Beverly Hills BMW,BMW 3 Series,Sedan,Diesel,Individual,Individual,USD,USD,1,49555.84,4.1,49555.84,OK,45464.07,34135.25,11328.82,34,OK,Prefer not to say,4.6,OK
BMW-3769,22-10-2023,CORRUPTED,2023,4,Q2,Germany,Germany,AutohaUSA Berlin,BMW 3 Series,Sedan,Petrol,Individual,Individual,EUR,EUR,1,48739.23,0.94,48739.23,OK,48739.23,35426.27,13312.96,52,OK,Prefer not to say,4.6,OK
BMW-1915,18-10-2023,CORRUPTED,2021,2,Q1,USA,USA,Beverly Hills BMW,BMW 3 Series,Sedan,Petrol,Individual,Individual,USD,USD,1,48661.71,2.84,48661.71,OK,44643.77,33082.87,11560.9,66,OK,Prefer not to say,4.6,OK
BMW-3453,28-09-2023,CORRUPTED,2022,12,Q4,Germany,Germany,Stuttgart Motors,BMW 3 Series,Sedan,Petrol,Individual,Individual,EUR,EUR,1,47780.58,0.9,47780.58,OK,47780.58,34714.12,13066.46,47,OK,Male,4.6,OK
BMW-1488,31-07-2023,CORRUPTED,2020,8,Q3,USA,USA,Dallas BMW,BMW 3 Series,Sedan,Hybrid,Individual,Individual,USD,USD,1,45585.96,1.05,45585.96,OK,41821.98,30432.53,11389.45,36,OK,Prefer not to say,4.6,OK
BMW-2795,10-07-2023,CORRUPTED,2022,3,Q1,Germany,Germany,BMW Munich HQ,BMW 3 Series,Sedan,Hybrid,Individual,Individual,EUR,EUR,1,44980.93,7.44,44980.93,OK,44980.93,34989.51,9991.43,28,OK,Female,4.6,OK
BMW-1870,11-06-2023,CORRUPTED,2021,1,Q1,UK,UK,Edinburgh Motors,BMW X3,SUV,Petrol,Individual,Individual,GBP,GBP,1,44088.89,3.71,44088.89,OK,51266.15,38335.37,12930.78,33,OK,Male,4.6,OK
BMW-5320,21-05-2023,CORRUPTED,2024,10,Q4,USA,USA,Dallas BMW,BMW 2 Series,Coupe,Petrol,Individual,Individual,USD,USD,1,43263.48,2.33,43263.48,OK,39691.26,29258.57,10432.7,60,OK,Male,4.6,OK
BMW-5478,24-04-2023,CORRUPTED,2024,12,Q4,Germany,Germany,AutohaUSA Berlin,BMW 3 Series,Sedan,Petrol,Individual,Individual,EUR,EUR,1,41781.61,3.75,41781.61,OK,41781.61,31255.18,10526.42,43,OK,Male,4.6,OK
BMW-1681,25-02-2023,CORRUPTED,2020,11,Q4,Germany,Germany,Hamburg Drive,BMW 2 Series,Coupe,Hybrid,Corporate Fleet,Corporate Fleet,EUR,EUR,1,38968.05,2.27,38968.05,OK,38968.05,28709.92,10258.14,32,OK,Female,4.6,OK
BMW-4553,10-01-2023,CORRUPTED,2024,1,Q1,UK,UK,Edinburgh Motors,BMW 2 Series,Coupe,Diesel,individual,Individual,GBP,GBP,1,36211.17,1.75,36211.17,OK,42106.01,30857.4,11248.61,30,OK,Prefer not to say,4.6,OK
BMW-5044,21-12-2022,CORRUPTED,2024,7,Q3,Germany,Germany,Hamburg Drive,BMW 2 Series,Coupe,Petrol,individual,Individual,EUR,EUR,1,34743.67,6.76,34743.67,OK,34743.67,26828.61,7915.06,48,OK,Female,4.6,OK
BMW-4307,11-12-2022,CORRUPTED,2023,10,Q4,UK,UK,Manchester Prestige,BMW 2 Series,Coupe,Hybrid,Individual,Individual,GBP,GBP,1,32435.99,3.41,32435.99,OK,37716.26,28113.27,9602.99,44,OK,Male,4.6,OK
BMW-4605,23-11-2022,CORRUPTED,2024,1,Q1,South Africa,South Africa,Cape Town BMW,BMW 3 Series,Sedan,Petrol,Individual,Individual,ZAR,ZAR,1,787248.8,5.25,7872.488,OK,39362.44,29912.75,9449.69,44,OK,Female,4.6,OK
BMW-3228,01-11-2022,CORRUPTED,2022,9,Q3,Germany,Germany,Hamburg Drive,BMW i7,Electric,Electric,corporate fleet,Corporate Fleet,EUR,EUR,3,118697.71,2.25,3560.9314,OK,356093.14,262275.37,93817.78,63,OK,Prefer not to say,4.6,OK
BMW-1791,19-10-2022,CORRUPTED,2020,12,Q4,UK,UK,Edinburgh Motors,BMW M3,M Sport,Petrol,individual,Individual,GBP,GBP,1,76183.14,0.41,761.8314,OK,88585.05,64046.83,24538.22,33,OK,Female,4.6,OK
BMW-3174,04-10-2022,CORRUPTED,2022,8,Q3,USA,USA,Miami Auto Group,BMW 2 Series,Coupe,Diesel,individual,Individual,USD,USD,1,43298.29,6.31,432.9829,OK,39723.2,30525.72,9197.48,26,OK,Female,4.6,OK
BMW-4883,21-09-2022,CORRUPTED,2024,5,Q2,USA,USA,Chicago Motors,BMW 3 Series,Sedan,Diesel,Individual,Individual,USD,USD,1,45518.26,5.04,-45518.26,BAD REVENUE,41759.87,31661.76,10098.11,43,OK,Female,4.6,OK
BMW-2592,19-09-2022,CORRUPTED,2021,12,Q4,Germany,Germany,BMW Munich HQ,BMW 5 Series,Sedan,Petrol,Individual,Individual,EUR,EUR,1,54957.01,5.62,-54957.01,BAD REVENUE,54957.01,41924.89,13032.12,61,OK,Female,4.6,OK
BMW-1888,25-12-2034,CORRUPTED,2021,1,Q1,India,India,Bangalore Motors,BMW 5 Series,Sedan,Petrol,Lease,Lease,INR,INR,5,5523045.83,2.12,27615229.16,OK,303464.06,223219.86,80244.19,32,OK,Male,4.7,OK
BMW-2776,10-12-2034,CORRUPTED,2022,2,Q1,India,India,Bangalore Motors,BMW 3 Series,Sedan,Petrol,corporate fleet,Corporate Fleet,INR,INR,6,3942840.19,2.67,23657041.15,OK,259967.49,192310.58,67656.91,25,OK,Male,4.7,OK
BMW-3350,21-11-2034,CORRUPTED,2022,10,Q4,India,India,Mumbai BMW,BMW i4,Electric,Electric,Government,Government,INR,INR,3,5768403.66,3.7,17305210.98,OK,190167.15,142179.41,47987.74,35,OK,Prefer not to say,4.7,OK
BMW-2639,30-09-2034,CORRUPTED,2021,12,Q4,India,India,Bangalore Motors,BMW i7,Electric,Electric,Individual,Individual,INR,INR,1,10369932.72,7.61,10369932.72,OK,113955.3,88809.43,25145.87,54,OK,Prefer not to say,4.7,OK
BMW-2575,29-09-2034,CORRUPTED,2021,11,Q4,India,India,Mumbai BMW,BMW i7,Electric,Electric,Individual,Individual,INR,INR,1,10287288.61,3.42,10287288.61,OK,113047.13,84276.47,28770.66,41,OK,Female,4.7,OK
BMW-5564,11-08-2034,CORRUPTED,2024,12,Q4,South Africa,South Africa,Cape Town BMW,BMW X3,SUV,Diesel,Corporate Fleet,Corporate Fleet,ZAR,ZAR,8,968676.15,6.44,7749409.2,OK,387470.46,298190.75,89279.71,62,OK,Female,4.7,OK
BMW-3559,04-05-2034,CORRUPTED,2023,1,Q1,China,China,Shanghai BMW,BMW X7,SUV,Petrol,Lease,Lease,CNY,CNY,8,685769.66,7.46,5486157.24,OK,694450.28,540324.48,154125.81,55,OK,Male,4.7,OK
BMW-2841,07-02-2034,CORRUPTED,2022,3,Q1,India,India,Delhi Prestige Auto,BMW 3 Series,Sedan,Petrol,Individual,Individual,INR,INR,1,4273025.88,3.87,4273025.88,OK,46956.33,35169.76,11786.57,32,OK,Female,4.7,OK
BMW-2208,02-01-2034,CORRUPTED,2021,6,Q2,India,India,Delhi Prestige Auto,BMW 3 Series,Sedan,Hybrid,Corporate Fleet,Corporate Fleet,INR,INR,1,3727054.98,1.99,3727054.98,OK,40956.65,30087.01,10869.64,45,OK,Female,4.7,OK
BMW-4835,12-11-2033,CORRUPTED,2024,4,Q2,UAE,UAE,Dubai BMW,BMW i7,Electric,Electric,Corporate Fleet,Corporate Fleet,AED,AED,7,471513.11,7.08,3300591.77,OK,825147.94,639386.82,185761.12,70,OK,Female,4.7,OK
BMW-4381,04-09-2033,CORRUPTED,2023,11,Q4,China,China,Shanghai BMW,BMW 3 Series,Sedan,Hybrid,corporate fleet,Corporate Fleet,CNY,CNY,7,371275.23,2.97,2598926.64,OK,328978.06,244112.87,84865.19,35,OK,Prefer not to say,4.7,OK
BMW-1058,28-07-2033,CORRUPTED,2020,1,Q1,UAE,UAE,Abu Dhabi Motors,BMW iX,Electric,Electric,corporate fleet,Corporate Fleet,AED,AED,7,332152.1,5.97,2325064.71,OK,581266.18,445092.25,136173.93,37,OK,Female,4.7,OK
BMW-1810,28-04-2033,CORRUPTED,2020,12,Q4,China,China,Beijing Luxury Motors,BMW i7,Electric,Electric,Corporate Fleet,Corporate Fleet,CNY,CNY,2,939108.63,2.17,1878217.26,OK,237749.02,174974.08,62774.94,70,OK,Female,4.7,OK
BMW-3595,11-04-2033,CORRUPTED,2023,1,Q1,South Africa,South Africa,Cape Town BMW,BMW 7 Series,Sedan,Hybrid,Individual,Individual,ZAR,ZAR,1,1807459.61,5.74,1807459.61,OK,90372.98,69028.27,21344.71,56,OK,Male,4.7,OK
BMW-4667,16-02-2033,CORRUPTED,2024,2,Q1,China,China,Guangzhou BMW,BMW i4,Electric,Electric,Corporate Fleet,Corporate Fleet,CNY,CNY,3,543130,7.45,1629389.99,OK,206251.9,160447.81,45804.08,32,OK,Female,4.7,OK
BMW-3912,11-02-2033,CORRUPTED,2023,5,Q2,South Africa,South Africa,Cape Town BMW,BMW iX,Electric,Electric,Individual,Individual,ZAR,ZAR,1,1605869.09,3.47,1605869.09,OK,80293.45,59888.82,20404.64,30,OK,Prefer not to say,4.7,OK
BMW-3147,20-01-2033,CORRUPTED,2022,7,Q3,UAE,UAE,Abu Dhabi Motors,BMW X5,SUV,Petrol,Corporate Fleet,Corporate Fleet,AED,AED,5,305229.2,0.53,1526146.01,OK,381536.5,276162.03,105374.47,42,OK,Male,4.7,OK
BMW-2068,22-12-2032,CORRUPTED,2021,4,Q2,China,China,Shanghai BMW,BMW iX,Electric,Electric,Lease,Lease,CNY,CNY,2,706897.16,3.43,1413794.32,OK,178961.31,133432.2,45529.11,51,OK,Prefer not to say,4.7,OK
BMW-2657,09-12-2032,CORRUPTED,2021,12,Q4,South Africa,South Africa,Cape Town BMW,BMW X5,SUV,Diesel,Individual,Individual,ZAR,ZAR,1,1358276.36,4.03,1358276.36,OK,67913.82,50951.16,16962.66,41,OK,Female,4.7,OK
BMW-3999,05-12-2032,CORRUPTED,2023,6,Q2,South Africa,South Africa,Johannesburg Motors,BMW i4,Electric,Electric,Individual,Individual,ZAR,ZAR,1,1352043,1.79,1352043,OK,67602.15,49561.28,18040.87,34,OK,Female,4.7,OK
BMW-4941,27-10-2032,CORRUPTED,2024,5,Q2,Australia,Australia,Sydney BMW,BMW X7,SUV,Petrol,Corporate Fleet,Corporate Fleet,AUD,AUD,7,179314.75,0.67,1255203.26,OK,760729.25,551418.42,209310.83,39,OK,Female,4.7,OK
BMW-3910,17-10-2032,CORRUPTED,2023,5,Q2,South Africa,South Africa,Johannesburg Motors,BMW 5 Series,Sedan,Hybrid,Individual,Individual,ZAR,ZAR,1,1230396.44,4.26,1230396.44,OK,61519.82,46264.51,15255.31,58,OK,Prefer not to say,4.7,OK
BMW-3005,06-09-2032,CORRUPTED,2022,5,Q2,UAE,UAE,Abu Dhabi Motors,BMW 3 Series,Sedan,Petrol,Lease,Lease,AED,AED,6,179312.93,3.82,1075877.58,OK,268969.4,201341.01,67628.39,47,OK,Female,4.7,OK
BMW-2364,31-08-2032,CORRUPTED,2021,8,Q3,South Africa,South Africa,Johannesburg Motors,BMW X3,SUV,Petrol,corporate fleet,Corporate Fleet,ZAR,ZAR,1,1066278.23,0.46,1066278.23,OK,53313.91,38563.07,14750.84,47,OK,Female,4.7,OK
BMW-3596,26-08-2032,CORRUPTED,2023,1,Q1,South Africa,South Africa,Johannesburg Motors,BMW 5 Series,Sedan,Petrol,Individual,Individual,ZAR,ZAR,1,1048707.24,6.49,1048707.24,OK,52435.36,40375.83,12059.53,46,OK,Female,4.7,OK
BMW-1605,24-08-2032,CORRUPTED,2020,9,Q3,South Africa,South Africa,Cape Town BMW,BMW X3,SUV,Petrol,Individual,Individual,ZAR,ZAR,1,1043995.93,7.94,1043995.93,OK,52199.8,40826.51,11373.28,57,OK,Male,4.7,OK
BMW-4592,15-08-2032,CORRUPTED,2024,1,Q1,UAE,UAE,Abu Dhabi Motors,BMW X3,SUV,Hybrid,Corporate Fleet,Corporate Fleet,AED,AED,5,204016.57,7.87,1020082.85,OK,255020.71,199301.47,55719.24,26,OK,Prefer not to say,4.7,OK
BMW-1384,10-03-2032,CORRUPTED,2020,6,Q2,China,China,Beijing Luxury Motors,BMW M5,M Sport,Petrol,Individual,Individual,CNY,CNY,1,803680.35,7.82,803680.35,OK,101731.69,79458.39,22273.3,31,OK,Female,4.7,OK
BMW-2441,12-02-2032,CORRUPTED,2021,10,Q4,Germany,Germany,BMW Munich HQ,BMW X7,SUV,Hybrid,Lease,Lease,EUR,EUR,8,97766.12,4.23,782128.98,OK,782128.98,588003.4,194125.58,70,OK,Prefer not to say,4.7,OK
BMW-3058,25-12-2031,CORRUPTED,2022,6,Q2,China,China,Shenzhen Auto,BMW 7 Series,Sedan,Petrol,Individual,Individual,CNY,CNY,1,729958.71,0.11,729958.71,OK,92399.84,66600.56,25799.28,37,OK,Male,4.7,OK
BMW-3697,18-11-2031,CORRUPTED,2023,3,Q1,USA,USA,New York BMW,BMW X7,SUV,Hybrid,Corporate Fleet,Corporate Fleet,USD,USD,7,101378.25,7.4,709647.72,OK,651052.95,506241.43,144811.52,64,OK,Prefer not to say,4.7,OK
BMW-1693,17-10-2031,CORRUPTED,2020,11,Q4,USA,USA,Chicago Motors,BMW M5,M Sport,Diesel,Corporate Fleet,Corporate Fleet,USD,USD,6,114110.66,6.25,684663.96,OK,628132.08,482429.06,145703.02,-5,BAD AGE,Male,4.7,OK
BMW-5090,25-07-2031,CORRUPTED,2024,7,Q3,China,China,Shenzhen Auto,BMW M3,M Sport,Hybrid,Individual,Individual,CNY,CNY,1,626993.46,6.99,626993.46,OK,79366.26,61439.07,17927.19,39,OK,Male,4.7,OK
BMW-1174,26-06-2031,CORRUPTED,2020,3,Q1,China,China,Guangzhou BMW,BMW X5,SUV,Hybrid,individual,Individual,CNY,CNY,1,611195.32,4.75,611195.32,OK,77366.5,58480.99,18885.51,66,OK,Prefer not to say,4.7,OK
BMW-1439,20-06-2031,CORRUPTED,2020,7,Q3,China,China,Beijing Luxury Motors,BMW M3,M Sport,Hybrid,Individual,Individual,CNY,CNY,1,605716.08,3.22,605716.08,OK,76672.92,57043.49,19629.43,69,OK,Male,4.7,OK
BMW-1509,14-06-2031,CORRUPTED,2020,8,Q3,China,China,Beijing Luxury Motors,BMW X5,SUV,Diesel,Individual,Individual,CNY,CNY,1,603999.46,4.14,603999.46,OK,76455.63,57424.36,19031.27,35,OK,Male,4.7,OK
BMW-3880,12-06-2031,CORRUPTED,2023,5,Q2,China,China,Shanghai BMW,BMW 2 Series,Coupe,Petrol,Lease,Lease,CNY,CNY,2,301676.73,5.54,603353.46,OK,76373.86,58214.8,18159.05,70,OK,Female,4.7,OK
BMW-4470,27-04-2031,CORRUPTED,2023,12,Q4,UK,UK,Manchester Prestige,BMW iX,Electric,Electric,Corporate Fleet,Corporate Fleet,GBP,GBP,8,72415.27,6.62,579322.14,OK,673630.4,519395.62,154234.78,64,OK,Male,4.7,OK
BMW-3950,16-01-2031,CORRUPTED,2023,6,Q2,UK,UK,Manchester Prestige,BMW i7,Electric,Electric,Corporate Fleet,Corporate Fleet,GBP,GBP,5,104801.92,2.81,524009.58,OK,609313.46,451385.8,157927.67,46,OK,Male,4.7,OK
BMW-4096,02-01-2031,CORRUPTED,2023,8,Q3,Germany,Germany,AutohaUSA Berlin,BMW 5 Series,Sedan,Petrol,Lease,Lease,EUR,EUR,8,64562.05,0.05,516496.42,OK,516496.42,372045.65,144450.77,65,OK,Male,4.7,OK
BMW-4969,01-12-2030,CORRUPTED,2024,6,Q2,USA,USA,Miami Auto Group,BMW M3,M Sport,Petrol,Lease,Lease,USD,USD,5,100437.56,0.46,502187.81,OK,460722.77,333244.78,127477.99,29,OK,Female,4.7,OK
BMW-5229,03-11-2030,CORRUPTED,2024,9,Q3,USA,USA,Beverly Hills BMW,BMW M3,M Sport,Diesel,Lease,Lease,USD,USD,6,81993.74,4.34,491962.45,OK,451341.7,339700.03,111641.66,70,OK,Female,4.7,OK
BMW-3900,31-08-2030,CORRUPTED,2023,5,Q2,UAE,UAE,Abu Dhabi Motors,BMW i7,Electric,Electric,individual,Individual,AED,AED,1,465791.15,4.8,465791.15,OK,116447.79,88065.16,28382.63,68,OK,Female,4.7,OK
BMW-1179,18-07-2030,CORRUPTED,2020,3,Q1,China,China,Guangzhou BMW,BMW X3,SUV,Hybrid,Lease,Lease,CNY,CNY,1,448471.37,4.85,448471.37,OK,56768.53,42955.03,13813.5,63,OK,Female,4.7,OK
BMW-3000,05-07-2030,CORRUPTED,2022,5,Q2,China,China,Beijing Luxury Motors,BMW X3,SUV,Diesel,Individual,Individual,CNY,CNY,1,443528.31,0.35,443528.31,OK,56142.82,40565.13,15577.7,30,OK,Prefer not to say,4.7,OK
BMW-2900,02-07-2030,CORRUPTED,2022,4,Q2,China,China,Guangzhou BMW,BMW X3,SUV,Hybrid,Individual,Individual,CNY,CNY,1,442141.77,0.19,442141.77,OK,55967.31,40372.15,15595.16,38,OK,Prefer not to say,4.7,OK
BMW-3814,18-06-2030,CORRUPTED,2023,4,Q2,China,China,Guangzhou BMW,BMW X3,SUV,Diesel,Individual,Individual,CNY,CNY,1,437782.46,1.85,437782.46,OK,55415.5,40650.67,14764.83,53,OK,Prefer not to say,4.7,OK
BMW-4374,30-04-2030,CORRUPTED,2023,11,Q4,China,China,Guangzhou BMW,BMW X3,SUV,Petrol,Individual,Individual,CNY,CNY,1,424917.48,1.8,424917.48,OK,53787.02,39436.7,14350.32,57,OK,Female,4.7,OK
BMW-4272,16-04-2030,CORRUPTED,2023,10,Q4,Germany,Germany,AutohaUSA Berlin,BMW X3,SUV,Petrol,Corporate Fleet,Corporate Fleet,EUR,EUR,8,52463.59,4.84,419708.75,OK,419708.75,317570.91,102137.85,60,OK,Prefer not to say,4.7,OK
BMW-3727,12-03-2030,CORRUPTED,2023,3,Q1,China,China,Beijing Luxury Motors,BMW 5 Series,Sedan,Diesel,Individual,Individual,CNY,CNY,1,413741.88,5.96,413741.88,OK,52372.39,40099.68,12272.71,42,OK,Male,4.7,OK
BMW-4225,12-02-2030,CORRUPTED,2023,9,Q3,UK,UK,Manchester Prestige,BMW X7,SUV,Hybrid,Corporate Fleet,Corporate Fleet,GBP,GBP,5,81363.43,0.09,406817.15,OK,473043.2,340902.9,132140.3,50,OK,Female,4.7,OK
BMW-3648,28-01-2030,CORRUPTED,2023,2,Q1,China,China,Beijing Luxury Motors,BMW X3,SUV,Hybrid,Individual,Individual,CNY,CNY,1,403165.75,1.29,403165.75,OK,51033.64,37224.92,13808.72,58,OK,Male,4.7,OK
BMW-5322,17-01-2030,CORRUPTED,2024,10,Q4,USA,USA,Chicago Motors,BMW X5,SUV,Diesel,Government,Government,USD,USD,5,80207.2,5.56,401036,OK,367922.94,280514.24,87408.7,32,OK,Female,4.7,OK
BMW-3200,07-11-2029,CORRUPTED,2022,8,Q3,China,China,Guangzhou BMW,BMW X3,SUV,Diesel,individual,Individual,CNY,CNY,1,378390.94,4.85,378390.94,OK,47897.59,36243.39,11654.2,64,OK,Prefer not to say,4.7,OK
BMW-4060,24-09-2029,CORRUPTED,2023,7,Q3,China,China,Guangzhou BMW,BMW X3,SUV,Hybrid,Individual,Individual,CNY,CNY,1,366091.67,6.52,366091.67,OK,46340.72,35691.83,10648.89,70,OK,Prefer not to say,4.7,OK
BMW-1879,21-09-2029,CORRUPTED,2021,1,Q1,China,China,Shenzhen Auto,BMW 3 Series,Sedan,Diesel,Corporate Fleet,Corporate Fleet,CNY,CNY,1,365382.05,4.63,365382.05,OK,46250.89,34917.48,11333.41,54,OK,Prefer not to say,4.7,OK
BMW-2700,16-09-2029,CORRUPTED,2022,1,Q1,China,China,Shenzhen Auto,BMW X3,SUV,Diesel,Individual,Individual,CNY,CNY,1,364123.39,7.99,364123.39,OK,46091.57,36067.15,10024.42,48,OK,Female,4.7,OK
BMW-5512,22-08-2029,CORRUPTED,2024,12,Q4,USA,USA,Beverly Hills BMW,BMW 3 Series,Sedan,Petrol,Lease,Lease,USD,USD,7,51043.11,4.51,357301.79,OK,327799.8,247152.86,80646.95,31,OK,Male,4.7,OK
BMW-4499,07-07-2029,CORRUPTED,2023,12,Q4,China,China,Shanghai BMW,BMW 3 Series,Sedan,Diesel,Corporate Fleet,Corporate Fleet,CNY,CNY,1,347681.66,6.85,347681.66,OK,44010.34,34018.01,9992.32,47,OK,Prefer not to say,4.7,OK
BMW-3134,26-05-2029,CORRUPTED,2022,7,Q3,China,China,Shenzhen Auto,BMW 3 Series,Sedan,Petrol,Individual,Individual,CNY,CNY,1,338980.29,0.96,338980.29,OK,42908.9,31194.55,11714.35,69,OK,Male,4.7,OK
BMW-1152,23-05-2029,CORRUPTED,2020,3,Q1,USA,USA,Dallas BMW,BMW 5 Series,Sedan,Diesel,Lease,Lease,USD,USD,5,67747.9,3.17,338739.5,OK,310770.18,231085.35,79684.83,35,OK,Female,4.7,OK
BMW-3643,15-05-2029,CORRUPTED,2023,2,Q1,China,China,Shenzhen Auto,BMW 2 Series,Coupe,Petrol,Individual,Individual,CNY,CNY,1,336657.27,2.19,336657.27,OK,42614.84,31370.67,11244.17,50,OK,Male,4.7,OK
BMW-1320,03-02-2029,CORRUPTED,2020,5,Q2,UAE,UAE,Dubai BMW,BMW 3 Series,Sedan,Diesel,Corporate Fleet,Corporate Fleet,AED,AED,2,155896.59,5.21,311793.18,OK,77948.29,59209.56,18738.73,59,OK,Female,4.7,OK
BMW-3334,31-01-2029,CORRUPTED,2022,10,Q4,China,China,Shenzhen Auto,BMW 2 Series,Coupe,Diesel,individual,Individual,CNY,CNY,1,310930.13,0.27,310930.13,OK,39358.24,28415.63,10942.62,43,OK,Female,4.7,OK
BMW-3094,09-12-2028,CORRUPTED,2022,7,Q3,Germany,Germany,BMW Munich HQ,BMW X3,SUV,Hybrid,Government,Government,EUR,EUR,6,49700.17,3.64,298201.01,OK,298201.01,222821.28,75379.73,30,OK,Female,4.7,OK
BMW-4128,06-12-2028,CORRUPTED,2023,8,Q3,USA,USA,Miami Auto Group,BMW X3,SUV,Petrol,Lease,Lease,USD,USD,5,59511.62,3.34,297558.12,OK,272989.1,203343.1,69646,38,OK,Female,4.7,OK
BMW-1572,05-12-2028,CORRUPTED,2020,9,Q3,China,China,Beijing Luxury Motors,BMW 2 Series,Coupe,Diesel,Individual,Individual,CNY,CNY,1,297166.05,0.27,297166.05,OK,37615.96,27155.59,10460.37,51,OK,Female,4.7,OK
BMW-2465,22-11-2028,CORRUPTED,2021,10,Q4,USA,USA,New York BMW,BMW X3,SUV,Petrol,Corporate Fleet,Corporate Fleet,USD,USD,5,58689.05,0.62,293445.24,OK,269215.82,195036.33,74179.49,43,OK,Female,4.7,OK
BMW-3684,13-11-2028,CORRUPTED,2023,3,Q1,Germany,Germany,BMW Munich HQ,BMW 5 Series,Sedan,Petrol,Lease,Lease,EUR,EUR,5,58010.86,6.18,290054.28,OK,290054.28,222606.68,67447.59,55,OK,Male,4.7,OK
BMW-2180,09-11-2028,CORRUPTED,2021,6,Q2,USA,USA,Miami Auto Group,BMW 5 Series,Sedan,Petrol,Corporate Fleet,Corporate Fleet,USD,USD,5,57753.2,3.97,288766,OK,264922.94,198629.95,66292.98,68,OK,Male,4.7,OK
BMW-5560,21-10-2028,CORRUPTED,2024,12,Q4,Australia,Australia,Sydney BMW,BMW 2 Series,Coupe,Petrol,Corporate Fleet,Corporate Fleet,AUD,AUD,5,56240.32,5.86,281201.58,OK,170425.2,130342.86,40082.34,40,OK,Female,4.7,OK
BMW-3239,09-10-2028,CORRUPTED,2022,9,Q3,Germany,Germany,Stuttgart Motors,BMW 3 Series,Sedan,Petrol,Corporate Fleet,Corporate Fleet,EUR,EUR,6,46133.29,4.69,276799.72,OK,276799.72,209095.74,67703.99,66,OK,Female,4.7,OK
BMW-3985,19-09-2028,CORRUPTED,2023,6,Q2,UAE,UAE,Dubai BMW,BMW i4,Electric,Electric,Individual,Individual,AED,AED,1,271068.47,0.36,271068.47,OK,67767.12,48966.23,18800.88,34,OK,Prefer not to say,4.7,OK
BMW-3352,08-08-2028,CORRUPTED,2022,10,Q4,UAE,UAE,Abu Dhabi Motors,BMW i4,Electric,Electric,Individual,Individual,AED,AED,1,257807.01,2.58,257807.01,OK,64451.75,47634.94,16816.81,35,OK,Male,4.7,OK
BMW-1023,01-08-2028,CORRUPTED,2020,1,Q1,USA,USA,Dallas BMW,BMW 5 Series,Sedan,Diesel,Lease,Lease,USD,USD,4,63916.22,0.51,255664.88,OK,234554.94,169742.64,64812.3,69,OK,Male,4.7,OK
BMW-2077,26-07-2028,CORRUPTED,2021,4,Q2,UAE,UAE,Abu Dhabi Motors,BMW 5 Series,Sedan,Hybrid,Individual,Individual,AED,AED,1,254407.83,3.25,254407.83,OK,63601.96,47333.02,16268.94,25,OK,Prefer not to say,4.7,OK
BMW-4964,24-07-2028,CORRUPTED,2024,6,Q2,USA,USA,Beverly Hills BMW,BMW M3,M Sport,Diesel,Lease,Lease,USD,USD,3,84660.54,1.49,253981.62,OK,233010.66,170307.37,62703.29,66,OK,Prefer not to say,4.7,OK
BMW-5252,20-07-2028,CORRUPTED,2024,9,Q3,USA,USA,Beverly Hills BMW,BMW X5,SUV,Diesel,lease,Lease,USD,USD,3,84410.35,0.4,253231.06,OK,232322.08,167948.57,64373.51,41,OK,Male,4.7,OK
BMW-5374,01-06-2028,CORRUPTED,2024,10,Q4,Australia,Australia,Melbourne Auto Group,BMW i4,Electric,Electric,Corporate Fleet,Corporate Fleet,AUD,AUD,2,118896.08,0.61,237792.15,OK,144116.46,104399.44,39717.02,67,OK,Prefer not to say,4.7,OK
BMW-5299,07-05-2028,CORRUPTED,2024,9,Q3,Australia,Australia,Sydney BMW,BMW 3 Series,Sedan,Hybrid,Corporate Fleet,Corporate Fleet,AUD,AUD,3,77077.85,2.89,231233.56,OK,140141.55,103904.53,36237.02,46,OK,Prefer not to say,4.7,OK
BMW-4461,13-03-2028,CORRUPTED,2023,12,Q4,USA,USA,New York BMW,BMW 3 Series,Sedan,Hybrid,lease,Lease,USD,USD,5,43150.63,4.55,215753.17,OK,197938.69,149310.29,48628.39,57,OK,Prefer not to say,4.7,OK
BMW-1391,09-03-2028,CORRUPTED,2020,6,Q2,UAE,UAE,Abu Dhabi Motors,BMW X3,SUV,Hybrid,Individual,Individual,AED,AED,1,215088.32,3.71,215088.32,OK,53772.08,40206.74,13565.34,38,OK,Female,4.7,OK
BMW-5401,29-02-2028,CORRUPTED,2024,11,Q4,USA,USA,Chicago Motors,BMW X3,SUV,Diesel,Corporate Fleet,Corporate Fleet,USD,USD,4,53330.14,2.04,213320.55,OK,195706.93,143847.08,51859.85,68,OK,Prefer not to say,4.7,OK
BMW-5104,19-02-2028,CORRUPTED,2024,7,Q3,UAE,UAE,Abu Dhabi Motors,BMW X3,SUV,Petrol,Individual,Individual,AED,AED,1,211250.13,2.59,211250.13,OK,52812.53,39036.66,13775.87,59,OK,Male,4.7,OK
BMW-1781,21-01-2028,CORRUPTED,2020,12,Q4,USA,USA,Chicago Motors,BMW 7 Series,Sedan,Petrol,Corporate Fleet,Corporate Fleet,USD,USD,2,101677.64,7.58,203355.29,OK,186564.48,145338.31,41226.17,67,OK,Female,4.7,OK
BMW-2517,26-12-2027,CORRUPTED,2021,11,Q4,Germany,Germany,Hamburg Drive,BMW X3,SUV,Hybrid,Lease,Lease,EUR,EUR,4,49729.42,2.89,198917.66,OK,198917.66,147482.56,51435.1,67,OK,Prefer not to say,4.7,OK
BMW-5558,20-12-2027,CORRUPTED,2024,12,Q4,UAE,UAE,Abu Dhabi Motors,BMW X3,SUV,Hybrid,Corporate Fleet,Corporate Fleet,AED,AED,1,195683.65,6.29,195683.65,OK,48920.91,37587.04,11333.88,65,OK,Female,4.7,OK
BMW-3315,10-12-2027,CORRUPTED,2022,10,Q4,USA,USA,Chicago Motors,BMW iX,Electric,Electric,Lease,Lease,USD,USD,2,96687.44,5.67,193374.88,OK,177408.14,135418.19,41989.96,62,OK,Female,4.7,OK
BMW-2431,15-08-2027,CORRUPTED,2021,9,Q3,Australia,Australia,Melbourne Auto Group,BMW iX,Electric,Electric,Individual,Individual,AUD,AUD,1,155919.84,2.35,155919.84,OK,94496.87,69676.06,24820.81,62,OK,Female,4.7,OK
BMW-1146,08-06-2027,CORRUPTED,2020,3,Q1,Germany,Germany,AutohaUSA Berlin,BMW i4,Electric,Electric,Government,Government,EUR,EUR,2,69612.8,4.42,139225.6,OK,139225.6,104872.84,34352.77,49,OK,Prefer not to say,4.7,OK
BMW-4296,23-05-2027,CORRUPTED,2023,10,Q4,USA,USA,Chicago Motors,BMW i7,Electric,Electric,Individual,Individual,USD,USD,1,135511.41,1.08,135511.41,OK,124322.4,90485.44,33836.96,39,OK,Prefer not to say,4.7,OK
BMW-3007,25-04-2027,CORRUPTED,2022,5,Q2,Australia,Australia,Sydney BMW,BMW X5,SUV,Petrol,Individual,Individual,AUD,AUD,1,129896.58,2.74,129896.58,OK,78725.2,58278.19,20447.01,27,OK,Male,4.7,OK
BMW-2663,28-02-2027,CORRUPTED,2022,1,Q1,Germany,Germany,BMW Munich HQ,BMW M5,M Sport,Petrol,Individual,Individual,EUR,EUR,1,121381.92,0.71,121381.92,OK,121381.92,88015.62,33366.31,63,OK,Prefer not to say,4.7,OK
BMW-1086,24-02-2027,CORRUPTED,2020,2,Q1,USA,USA,Dallas BMW,BMW 5 Series,Sedan,Hybrid,Government,Government,USD,USD,2,60445.17,4.39,120890.33,OK,110908.56,83524.06,27384.51,35,OK,Female,4.7,OK
BMW-2941,05-02-2027,CORRUPTED,2022,5,Q2,Germany,Germany,Hamburg Drive,BMW 5 Series,Sedan,Petrol,Corporate Fleet,Corporate Fleet,EUR,EUR,2,59501.88,1.55,119003.76,OK,119003.76,87029.55,31974.2,57,OK,Prefer not to say,4.7,OK
BMW-2621,03-02-2027,CORRUPTED,2021,12,Q4,UK,UK,Manchester Prestige,BMW X5,SUV,Diesel,Corporate Fleet,Corporate Fleet,GBP,GBP,2,59386.75,2.93,118773.51,OK,138108.73,102443.76,35664.98,58,OK,Female,4.7,OK
BMW-2057,12-01-2027,CORRUPTED,2021,4,Q2,USA,USA,Miami Auto Group,BMW X7,SUV,Hybrid,Individual,Individual,USD,USD,1,115308.19,3.18,115308.19,OK,105787.33,78665.23,27122.09,49,OK,Prefer not to say,4.7,OK
BMW-4295,03-01-2027,CORRUPTED,2023,10,Q4,USA,USA,New York BMW,BMW X3,SUV,Diesel,Corporate Fleet,Corporate Fleet,USD,USD,2,56922.7,6.89,113845.41,OK,104445.33,80764.54,23680.79,59,OK,Male,4.7,OK
BMW-2689,16-12-2026,CORRUPTED,2022,1,Q1,USA,USA,Dallas BMW,BMW 7 Series,Sedan,Diesel,Individual,Individual,USD,USD,1,111674.48,5.71,111674.48,OK,102453.65,78235.16,24218.49,67,OK,Female,4.7,OK
BMW-2039,16-10-2026,CORRUPTED,2021,4,Q2,Germany,Germany,AutohaUSA Berlin,BMW M5,M Sport,Hybrid,individual,Individual,EUR,EUR,1,104990.15,4.71,104990.15,OK,104990.15,79326.67,25663.48,67,OK,Female,4.7,OK
BMW-2356,14-10-2026,CORRUPTED,2021,8,Q3,Australia,Australia,Melbourne Auto Group,BMW i4,Electric,Electric,Individual,Individual,AUD,AUD,1,104933.79,2.66,104933.79,OK,63596.24,47039.31,16556.93,46,OK,Male,4.7,OK
BMW-2859,13-09-2026,CORRUPTED,2022,4,Q2,Germany,Germany,Hamburg Drive,BMW X7,SUV,Petrol,individual,Individual,EUR,EUR,1,101969.06,0.56,101969.06,OK,101969.06,73833.91,28135.15,43,OK,Prefer not to say,4.7,OK
BMW-4448,16-07-2026,CORRUPTED,2023,12,Q4,USA,USA,Beverly Hills BMW,BMW M3,M Sport,Hybrid,Individual,Individual,USD,USD,1,96818.34,4.89,96818.34,OK,88824.17,67238.68,21585.49,52,OK,Prefer not to say,4.7,OK
BMW-3009,08-07-2026,CORRUPTED,2022,5,Q2,Australia,Australia,Sydney BMW,BMW 5 Series,Sedan,Petrol,Individual,Individual,AUD,AUD,1,96161.4,4.62,96161.4,OK,58279.63,43995.24,14284.39,25,OK,Female,4.7,OK
BMW-2300,03-07-2026,CORRUPTED,2021,8,Q3,Germany,Germany,Stuttgart Motors,BMW iX,Electric,Electric,Individual,Individual,EUR,EUR,1,95911.08,3.42,95911.08,OK,95911.08,71498.99,24412.1,27,OK,Prefer not to say,4.7,OK
BMW-3477,09-05-2026,CORRUPTED,2022,12,Q4,UK,UK,Edinburgh Motors,BMW i7,Electric,Electric,individual,Individual,GBP,GBP,1,92447.88,5.72,92447.88,OK,107497.54,82095.65,25401.88,27,OK,Male,4.7,OK
BMW-4708,24-04-2026,CORRUPTED,2024,3,Q1,USA,USA,Beverly Hills BMW,BMW iX,Electric,Electric,Individual,Individual,USD,USD,1,91625.15,5.39,91625.15,OK,84059.77,63971.08,20088.69,31,OK,Female,4.7,OK
BMW-2500,07-02-2026,CORRUPTED,2021,10,Q4,Australia,Australia,Melbourne Auto Group,BMW X3,SUV,Diesel,individual,Individual,AUD,AUD,1,85778.17,3.5,85778.17,OK,51986.77,38788.91,13197.86,48,OK,Female,4.7,OK
BMW-4095,02-02-2026,CORRUPTED,2023,8,Q3,Germany,Germany,AutohaUSA Berlin,BMW iX,Electric,Electric,Individual,Individual,EUR,EUR,1,85503.55,5.13,85503.55,OK,85503.55,64893.24,20610.31,40,OK,Female,4.7,OK
BMW-1328,30-01-2026,CORRUPTED,2020,5,Q2,Australia,Australia,Melbourne Auto Group,BMW X3,SUV,Hybrid,Individual,Individual,AUD,AUD,1,85437.81,4.8,85437.81,OK,51780.49,39161.78,12618.71,36,OK,Prefer not to say,4.7,OK
BMW-3393,20-01-2026,CORRUPTED,2022,11,Q4,USA,USA,Beverly Hills BMW,BMW X5,SUV,Petrol,Individual,Individual,USD,USD,1,84867.44,1.08,84867.44,OK,77860.03,56673.19,21186.84,44,OK,Prefer not to say,4.7,OK
BMW-3173,16-01-2026,CORRUPTED,2022,8,Q3,USA,USA,New York BMW,BMW X5,SUV,Diesel,Individual,Individual,USD,USD,1,84478.92,0.23,84478.92,OK,77503.59,55929.38,21574.21,66,OK,Male,4.7,OK
BMW-2605,27-11-2025,CORRUPTED,2021,12,Q4,USA,USA,New York BMW,BMW M3,M Sport,Petrol,Individual,Individual,USD,USD,1,81501.08,6.69,81501.08,OK,74771.63,57694.55,17077.08,61,OK,Prefer not to say,4.7,OK
BMW-1686,26-11-2025,CORRUPTED,2020,11,Q4,Germany,Germany,Stuttgart Motors,BMW iX,Electric,Electric,Individual,Individual,EUR,EUR,1,81465.65,6.74,81465.65,OK,81465.65,62895.49,18570.16,40,OK,Prefer not to say,4.7,OK
BMW-2159,23-11-2025,CORRUPTED,2021,6,Q2,Germany,Germany,Stuttgart Motors,BMW X5,SUV,Petrol,Individual,Individual,EUR,EUR,1,81207.76,0.58,81207.76,OK,81207.76,58811.8,22395.96,52,OK,Female,4.7,OK
BMW-5226,22-10-2025,CORRUPTED,2024,9,Q3,USA,USA,Chicago Motors,BMW X5,SUV,Hybrid,corporate fleet,Corporate Fleet,USD,USD,1,79267.97,5.52,79267.97,OK,72722.91,55420.27,17302.63,50,OK,Female,4.7,OK
BMW-2374,20-10-2025,CORRUPTED,2021,9,Q3,Germany,Germany,BMW Munich HQ,BMW 3 Series,Sedan,Petrol,Corporate Fleet,Corporate Fleet,EUR,EUR,2,39618.8,4.4,79237.61,OK,79237.61,59675.45,19562.16,63,OK,Prefer not to say,4.7,OK
BMW-1758,03-10-2025,CORRUPTED,2020,12,Q4,Germany,Germany,Stuttgart Motors,BMW X5,SUV,Petrol,Individual,Individual,EUR,EUR,1,78298.29,2.66,78298.29,OK,78298.29,57913.84,20384.44,45,OK,Male,4.7,OK
BMW-1973,17-08-2025,CORRUPTED,2021,3,Q1,Germany,Germany,Stuttgart Motors,BMW M3,M Sport,Diesel,individual,Individual,EUR,EUR,1,76158.9,7.71,76158.9,OK,76158.9,59413.32,16745.58,61,OK,Prefer not to say,4.7,OK
BMW-3385,07-08-2025,CORRUPTED,2022,11,Q4,USA,USA,Dallas BMW,BMW X5,SUV,Diesel,individual,Individual,USD,USD,1,75663.3,2.7,75663.3,OK,69415.87,51368.3,18047.57,44,OK,Prefer not to say,4.7,OK
BMW-4207,14-07-2025,CORRUPTED,2023,9,Q3,USA,USA,Miami Auto Group,BMW X5,SUV,Petrol,Individual,Individual,USD,USD,1,74347.23,4.94,74347.23,OK,68208.47,51659.54,16548.93,35,OK,Male,4.7,OK
BMW-5562,11-07-2025,CORRUPTED,2024,12,Q4,Australia,Australia,Sydney BMW,BMW 3 Series,Sedan,Hybrid,Individual,Individual,AUD,AUD,1,74054.96,3.52,74054.96,OK,44881.79,33493.23,11388.56,29,OK,Prefer not to say,4.7,OK
BMW-3873,26-06-2025,CORRUPTED,2023,5,Q2,UK,UK,Edinburgh Motors,BMW M3,M Sport,Hybrid,Individual,Individual,GBP,GBP,1,73473.5,4.46,73473.5,OK,85434.3,64381.89,21052.41,69,OK,Female,4.7,OK
BMW-4039,23-06-2025,CORRUPTED,2023,7,Q3,USA,USA,Beverly Hills BMW,BMW i4,Electric,Electric,individual,Individual,USD,USD,1,73081.55,0.7,73081.55,OK,67047.29,48612.52,18434.77,51,OK,Prefer not to say,4.7,OK
BMW-1840,13-06-2025,CORRUPTED,2021,1,Q1,Germany,Germany,AutohaUSA Berlin,BMW i4,Electric,Electric,Individual,Individual,EUR,EUR,1,72541.99,0.82,72541.99,OK,72541.99,52662.35,19879.64,58,OK,Female,4.7,OK
BMW-1823,02-06-2025,CORRUPTED,2020,12,Q4,Australia,Australia,Melbourne Auto Group,BMW 3 Series,Sedan,Diesel,individual,Individual,AUD,AUD,1,71628.75,5.94,71628.75,OK,43411.36,33231.12,10180.24,38,OK,Prefer not to say,4.7,OK
BMW-5491,01-06-2025,CORRUPTED,2024,12,Q4,USA,USA,Dallas BMW,BMW i4,Electric,Electric,individual,Individual,USD,USD,1,71462.39,4.92,71462.39,OK,65561.82,49648.85,15912.98,49,OK,Prefer not to say,4.7,OK
BMW-1274,31-05-2025,CORRUPTED,2020,5,Q2,Germany,Germany,BMW Munich HQ,BMW X5,SUV,Diesel,Individual,Individual,EUR,EUR,1,71339.73,3.84,71339.73,OK,71339.73,53415.22,17924.51,48,OK,Female,4.7,OK
BMW-5315,17-03-2025,CORRUPTED,2024,10,Q4,USA,USA,New York BMW,BMW i4,Electric,Electric,Individual,Individual,USD,USD,1,67362.12,7.74,67362.12,OK,61800.11,48226.98,13573.13,44,OK,Prefer not to say,4.7,OK
BMW-2752,10-01-2025,CORRUPTED,2022,2,Q1,USA,USA,New York BMW,BMW 5 Series,Sedan,Hybrid,Individual,Individual,USD,USD,1,64383.52,1.85,64383.52,OK,59067.45,43328.35,15739.1,49,OK,Prefer not to say,4.7,OK
BMW-2516,25-11-2024,CORRUPTED,2021,11,Q4,Germany,Germany,Hamburg Drive,BMW 5 Series,Sedan,Hybrid,Individual,Individual,EUR,EUR,1,62563.9,3.57,62563.9,OK,62563.9,46712.28,15851.62,35,OK,Prefer not to say,4.7,OK
BMW-2163,25-10-2024,CORRUPTED,2021,6,Q2,Germany,Germany,AutohaUSA Berlin,BMW 5 Series,Sedan,Diesel,Individual,Individual,EUR,EUR,1,61441.82,3.36,61441.82,OK,61441.82,45776.23,15665.59,70,OK,Prefer not to say,4.7,OK
BMW-4346,24-10-2024,CORRUPTED,2023,11,Q4,Germany,Germany,Stuttgart Motors,BMW i4,Electric,Electric,Individual,Individual,EUR,EUR,1,61436.56,1.1,61436.56,OK,61436.56,44724.75,16711.81,64,OK,Prefer not to say,4.7,OK
BMW-4299,23-10-2024,CORRUPTED,2023,10,Q4,USA,USA,New York BMW,BMW X3,SUV,Diesel,Individual,Individual,USD,USD,1,61425.26,1.99,61425.26,OK,56353.45,41398.17,14955.28,48,OK,Female,4.7,OK
BMW-2613,09-10-2024,CORRUPTED,2021,12,Q4,USA,USA,Dallas BMW,BMW 5 Series,Sedan,Diesel,Individual,Individual,USD,USD,1,61054.18,1.17,61054.18,OK,56013.01,40804.75,15208.26,25,OK,Female,4.7,OK
BMW-1702,24-06-2024,CORRUPTED,2020,11,Q4,USA,USA,Chicago Motors,BMW X3,SUV,Hybrid,Individual,Individual,USD,USD,1,57614.87,5.91,57614.87,OK,52857.68,40447.48,12410.2,37,OK,Prefer not to say,4.7,OK
BMW-4639,31-05-2024,CORRUPTED,2024,2,Q1,USA,USA,Beverly Hills BMW,BMW X3,SUV,Hybrid,individual,Individual,USD,USD,1,57025.45,2.48,57025.45,OK,52316.93,38625.1,13691.82,67,OK,Prefer not to say,4.7,OK
BMW-3937,29-03-2024,CORRUPTED,2023,6,Q2,USA,USA,Dallas BMW,BMW X3,SUV,Hybrid,individual,Individual,USD,USD,1,54907.96,7.53,54907.96,OK,50374.27,39222.59,11151.68,66,OK,Female,4.7,OK
BMW-5263,15-03-2024,CORRUPTED,2024,9,Q3,UK,UK,Edinburgh Motors,BMW i4,Electric,Electric,Individual,Individual,GBP,GBP,1,54390.36,4.14,54390.36,OK,63244.61,47500.94,15743.67,25,OK,Prefer not to say,4.7,OK
BMW-1544,07-03-2024,CORRUPTED,2020,9,Q3,Germany,Germany,AutohaUSA Berlin,BMW X3,SUV,Petrol,Individual,Individual,EUR,EUR,1,54116.73,0.84,54116.73,OK,54116.73,39295.62,14821.11,51,OK,Prefer not to say,4.7,OK
BMW-4718,17-01-2024,CORRUPTED,2024,3,Q1,USA,USA,Beverly Hills BMW,BMW X3,SUV,Hybrid,Individual,Individual,USD,USD,1,52392.16,6.05,52392.16,OK,48066.2,36837.37,11228.84,52,OK,Female,4.7,OK
BMW-1780,25-11-2023,CORRUPTED,2020,12,Q4,USA,USA,New York BMW,BMW 3 Series,Sedan,Petrol,Individual,Individual,USD,USD,1,50019.57,6.85,50019.57,OK,45889.51,35471.03,10418.48,69,OK,Prefer not to say,4.7,OK
BMW-3788,30-10-2023,CORRUPTED,2023,4,Q2,USA,USA,New York BMW,BMW 3 Series,Sedan,Hybrid,Individual,Individual,USD,USD,1,48909.84,7.7,48909.84,OK,44871.42,35001.99,9869.43,48,OK,Male,4.7,OK
BMW-4199,05-10-2023,CORRUPTED,2023,9,Q3,USA,USA,Beverly Hills BMW,BMW 3 Series,Sedan,Hybrid,Individual,Individual,USD,USD,1,48120.43,0.58,48120.43,OK,44147.18,31971.88,12175.31,30,OK,Male,4.7,OK
BMW-4471,14-09-2023,CORRUPTED,2023,12,Q4,UK,UK,Manchester Prestige,BMW X3,SUV,Petrol,Individual,Individual,GBP,GBP,1,47210,2.69,47210,OK,54895.35,40616.68,14278.67,41,OK,Prefer not to say,4.7,OK
BMW-3844,12-09-2023,CORRUPTED,2023,5,Q2,Germany,Germany,BMW Munich HQ,BMW 3 Series,Sedan,Petrol,Individual,Individual,EUR,EUR,1,47193.08,2.33,47193.08,OK,47193.08,34790.55,12402.53,48,OK,Female,4.7,OK
BMW-5265,25-08-2023,CORRUPTED,2024,9,Q3,UK,UK,London BMW Centre,BMW X3,SUV,Diesel,individual,Individual,GBP,GBP,1,46704.09,4.44,46704.09,OK,54307.09,40918.15,13388.94,150,BAD AGE,Female,4.7,OK
BMW-1297,15-08-2023,CORRUPTED,2020,5,Q2,UK,UK,Manchester Prestige,BMW X3,SUV,Petrol,Individual,Individual,GBP,GBP,1,46350.96,4.53,46350.96,OK,53896.46,40644.98,13251.48,43,OK,Female,4.7,OK
BMW-1337,09-08-2023,CORRUPTED,2020,6,Q2,Germany,Germany,Stuttgart Motors,BMW X3,SUV,Hybrid,Individual,Individual,EUR,EUR,1,46003.98,7.49,46003.98,OK,46003.98,35804.52,10199.46,47,OK,Female,4.7,OK
BMW-5419,27-07-2023,CORRUPTED,2024,11,Q4,UK,UK,Manchester Prestige,BMW X3,SUV,Hybrid,Individual,Individual,GBP,GBP,1,45515.18,6.62,45515.18,OK,52924.63,40809.3,12115.33,45,OK,Female,4.7,OK
BMW-1021,24-07-2023,CORRUPTED,2020,1,Q1,USA,USA,Miami Auto Group,BMW 2 Series,Coupe,Petrol,individual,Individual,USD,USD,1,45467.27,0.59,45467.27,OK,41713.09,30212.39,11500.7,30,OK,Male,4.7,OK
BMW-1909,21-07-2023,CORRUPTED,2021,2,Q1,Germany,Germany,Stuttgart Motors,BMW 3 Series,Sedan,Diesel,Individual,Individual,EUR,EUR,1,45405.8,2.2,45405.8,OK,45405.8,33428.37,11977.43,28,OK,Prefer not to say,4.7,OK
BMW-1207,28-06-2023,CORRUPTED,2020,4,Q2,Germany,Germany,AutohaUSA Berlin,BMW 3 Series,Sedan,Hybrid,Individual,Individual,eur,EUR,1,44600.53,2.01,44600.53,OK,44600.53,32772.55,11827.98,53,OK,Prefer not to say,4.7,OK
BMW-4429,23-06-2023,CORRUPTED,2023,12,Q4,Germany,Germany,AutohaUSA Berlin,BMW 3 Series,Sedan,Hybrid,Individual,Individual,EUR,EUR,1,44436.57,7.56,44436.57,OK,44436.57,34609.38,9827.19,51,OK,Prefer not to say,4.7,OK
BMW-2817,14-06-2023,CORRUPTED,2022,3,Q1,UK,UK,Edinburgh Motors,BMW X3,SUV,Petrol,individual,Individual,GBP,GBP,1,44161.48,4.37,44161.48,OK,51350.56,38663.11,12687.45,57,OK,Male,4.7,OK
BMW-1232,01-05-2023,CORRUPTED,2020,4,Q2,UK,UK,Edinburgh Motors,BMW X3,SUV,Hybrid,Individual,Individual,Gbp,GBP,1,42177.5,1.25,42177.5,OK,49043.6,35758.09,13285.51,999,BAD AGE,Prefer not to say,4.7,OK
BMW-5501,28-04-2023,CORRUPTED,2024,12,Q4,USA,USA,New York BMW,BMW 2 Series,Coupe,Hybrid,Individual,Individual,USD,USD,1,42009.6,0.61,42009.6,OK,38540.92,27921.03,10619.89,63,OK,Female,4.7,OK
BMW-5473,28-03-2023,CORRUPTED,2024,12,Q4,Germany,Germany,BMW Munich HQ,BMW 3 Series,Sedan,Diesel,Individual,Individual,EUR,EUR,1,40834.79,7.46,40834.79,OK,40834.79,31772.04,9062.76,64,OK,Female,4.7,OK
BMW-2229,03-03-2023,CORRUPTED,2021,7,Q3,Germany,Germany,Stuttgart Motors,BMW 2 Series,Coupe,Petrol,Individual,Individual,EUR,EUR,1,39516.62,1.11,39516.62,OK,39516.62,28770.45,10746.17,54,OK,Male,4.7,OK
BMW-2544,26-02-2023,CORRUPTED,2021,11,Q4,UK,UK,Edinburgh Motors,BMW 3 Series,Sedan,Petrol,Individual,Individual,Gbp,GBP,1,39139.87,1.96,39139.87,OK,45511.48,33424.6,12086.88,41,OK,Male,4.7,OK
BMW-3611,26-01-2023,CORRUPTED,2023,2,Q1,Germany,Germany,AutohaUSA Berlin,BMW 2 Series,Coupe,Hybrid,Individual,Individual,EUR,EUR,1,37020.01,2.65,37020.01,OK,37020.01,27379.16,9640.85,34,OK,Male,4.7,OK
BMW-1501,20-01-2023,CORRUPTED,2020,8,Q3,UK,UK,London BMW Centre,BMW 3 Series,Sedan,Diesel,Individual,Individual,GBP,GBP,1,36771.47,3.3,36771.47,OK,42757.53,31836.33,10921.2,67,OK,Prefer not to say,4.7,OK
BMW-2251,11-01-2023,CORRUPTED,2021,7,Q3,UK,UK,London BMW Centre,BMW 3 Series,Sedan,Hybrid,Individual,Individual,GBP,GBP,1,36224.89,1.87,36224.89,OK,42121.97,30905.3,11216.67,41,OK,Female,4.7,OK
BMW-3597,29-12-2022,CORRUPTED,2023,1,Q1,South Africa,South Africa,Johannesburg Motors,BMW i4,Electric,Electric,Corporate Fleet,Corporate Fleet,ZAR,ZAR,3,1188651.47,5.74,35659.5441,OK,178297.72,136194.78,42102.94,63,OK,Prefer not to say,4.7,OK
BMW-2190,28-12-2022,CORRUPTED,2021,6,Q2,UK,UK,Manchester Prestige,BMW 3 Series,Sedan,Diesel,individual,Individual,GBP,GBP,1,35617.68,6.49,35617.68,OK,41415.91,31890.74,9525.17,68,OK,Female,4.7,OK
BMW-2978,01-12-2022,CORRUPTED,2022,5,Q2,UK,UK,London BMW Centre,BMW 2 Series,Coupe,Hybrid,individual,Individual,GBP,GBP,1,29954.59,5.76,29954.59,OK,34830.92,26612.45,8218.47,67,OK,Female,4.7,OK
BMW-3556,01-10-2022,CORRUPTED,2023,1,Q1,UK,UK,Edinburgh Motors,BMW 3 Series,Sedan,Diesel,Individual,Individual,GBP,GBP,1,40148.32,0.15,401.4832,OK,46684.1,33661.98,13022.12,66,OK,Female,4.7,OK
BMW-1394,02-09-2022,CORRUPTED,2020,6,Q2,UAE,UAE,Dubai BMW,BMW X7,SUV,Diesel,individual,Individual,AED,AED,1,389374.58,3.19,-389374.58,BAD REVENUE,97343.65,72397.32,24946.32,36,OK,Prefer not to say,4.7,OK
BMW-5364,27-12-2034,CORRUPTED,2024,10,Q4,India,India,Mumbai BMW,BMW i4,Electric,Electric,Corporate Fleet,Corporate Fleet,INR,INR,5,5539976.79,5.02,27699883.97,OK,304394.33,230736.71,73657.62,60,OK,Female,4.8,OK
BMW-2360,10-11-2034,CORRUPTED,2021,8,Q3,South Africa,South Africa,Cape Town BMW,BMW 7 Series,Sedan,Hybrid,Corporate Fleet,Corporate Fleet,ZAR,ZAR,7,2127227.37,1.75,14890591.62,OK,744529.58,545610.43,198919.15,33,OK,Female,4.8,OK
BMW-5124,23-10-2034,CORRUPTED,2024,7,Q3,South Africa,South Africa,Cape Town BMW,BMW X5,SUV,Diesel,Corporate Fleet,Corporate Fleet,ZAR,ZAR,8,1483283.39,0.35,11866267.1,OK,593313.35,428704.79,164608.57,43,OK,Female,4.8,OK
BMW-4829,22-10-2034,CORRUPTED,2024,4,Q2,India,India,Bangalore Motors,BMW M5,M Sport,Hybrid,Individual,Individual,INR,INR,1,11824711.11,1.45,11824711.11,OK,129941.88,94931.01,35010.87,48,OK,Female,4.8,OK
BMW-1201,28-09-2034,CORRUPTED,2020,3,Q1,South Africa,South Africa,Johannesburg Motors,BMW iX,Electric,Electric,Corporate Fleet,Corporate Fleet,ZAR,ZAR,6,1707160.41,7.15,10242962.45,OK,512148.12,397147.2,115000.92,53,OK,Male,4.8,OK
BMW-3917,19-09-2034,CORRUPTED,2023,5,Q2,South Africa,South Africa,Cape Town BMW,BMW X5,SUV,Diesel,Corporate Fleet,Corporate Fleet,ZAR,ZAR,7,1395057.35,6.81,9765401.47,OK,488270.07,377245.87,111024.2,41,OK,Prefer not to say,4.8,OK
BMW-1266,12-08-2034,CORRUPTED,2020,4,Q2,South Africa,South Africa,Cape Town BMW,BMW X3,SUV,Petrol,Corporate Fleet,Corporate Fleet,ZAR,ZAR,8,972210.51,7.4,7777684.08,OK,388884.2,302356.39,86527.81,55,OK,Female,4.8,OK
BMW-1659,06-07-2034,CORRUPTED,2020,10,Q4,India,India,Mumbai BMW,BMW X5,SUV,Hybrid,Individual,Individual,INR,INR,1,6810254.95,7.14,6810254.95,OK,74837.97,58029.37,16808.59,63,OK,Prefer not to say,4.8,OK
BMW-4746,10-06-2034,CORRUPTED,2024,3,Q1,China,China,Shenzhen Auto,BMW i7,Electric,Electric,corporate fleet,Corporate Fleet,CNY,CNY,7,884350.23,7.6,6190451.58,OK,783601.47,610587.94,173013.53,68,OK,Male,4.8,OK
BMW-4400,31-05-2034,CORRUPTED,2023,11,Q4,India,India,Mumbai BMW,BMW 5 Series,Sedan,Petrol,Individual,Individual,INR,INR,1,5907127.76,0.68,5907127.76,OK,64913.49,47059.1,17854.39,44,OK,Female,4.8,OK
BMW-2572,02-05-2034,CORRUPTED,2021,11,Q4,India,India,Bangalore Motors,BMW i4,Electric,Electric,Individual,Individual,INR,INR,1,5452837.42,4.99,5452837.42,OK,59921.29,45406.91,14514.38,25,OK,Male,4.8,OK
BMW-5092,24-03-2034,CORRUPTED,2024,7,Q3,China,China,Shanghai BMW,BMW i7,Electric,Electric,lease,Lease,CNY,CNY,5,972302.48,3.71,4861512.39,OK,615381.31,460129.86,155251.45,42,OK,Male,4.8,OK
BMW-4072,17-03-2034,CORRUPTED,2023,7,Q3,China,China,Shanghai BMW,BMW 7 Series,Sedan,Petrol,corporate fleet,Corporate Fleet,CNY,CNY,7,679689.51,5.83,4757826.54,OK,602256.52,460490.31,141766.22,45,OK,Male,4.8,OK
BMW-3882,28-01-2034,CORRUPTED,2023,5,Q2,China,China,Guangzhou BMW,BMW i4,Electric,Electric,Lease,Lease,CNY,CNY,8,508245.35,0.3,4065962.84,OK,514678.84,371692.26,142986.58,54,OK,Female,4.8,OK
BMW-3425,26-01-2034,CORRUPTED,2022,11,Q4,India,India,Mumbai BMW,BMW 3 Series,Sedan,Hybrid,Corporate Fleet,Corporate Fleet,INR,INR,1,4023452.64,5.59,4023452.64,OK,44213.77,33718.46,10495.3,26,OK,Male,4.8,OK
BMW-1650,18-01-2034,CORRUPTED,2020,10,Q4,China,China,Shenzhen Auto,BMW 5 Series,Sedan,Diesel,Corporate Fleet,Corporate Fleet,CNY,CNY,8,488670.27,5.78,3909362.15,OK,494855.97,378142.12,116713.85,38,OK,Prefer not to say,4.8,OK
BMW-5441,11-01-2034,CORRUPTED,2024,11,Q4,China,China,Shanghai BMW,BMW i4,Electric,Electric,Corporate Fleet,Corporate Fleet,CNY,CNY,7,547600.45,0.73,3833203.12,OK,485215.59,351927.71,133287.87,45,OK,Male,4.8,OK
BMW-3057,26-10-2033,CORRUPTED,2022,6,Q2,China,China,Shenzhen Auto,BMW X3,SUV,Hybrid,Government,Government,CNY,CNY,7,440504.96,3.95,3083534.74,OK,390320.85,292594.63,97726.23,59,OK,Female,4.8,OK
BMW-1299,08-10-2033,CORRUPTED,2020,5,Q2,China,China,Beijing Luxury Motors,BMW X3,SUV,Petrol,lease,Lease,CNY,CNY,7,414524.14,6.02,2901669,OK,367299.87,281401.13,85898.74,56,OK,Male,4.8,OK
BMW-5027,16-09-2033,CORRUPTED,2024,6,Q2,South Africa,South Africa,Cape Town BMW,BMW 3 Series,Sedan,Hybrid,Lease,Lease,ZAR,ZAR,3,897396.22,1.82,2692188.65,OK,134609.43,98716.91,35892.52,36,OK,Male,4.8,OK
BMW-4065,01-08-2033,CORRUPTED,2023,7,Q3,China,China,Shenzhen Auto,BMW 3 Series,Sedan,Petrol,Corporate Fleet,Corporate Fleet,CNY,CNY,7,337623.53,6.66,2363364.73,OK,299160.09,230775.18,68384.92,62,OK,Female,4.8,OK
BMW-2202,29-07-2033,CORRUPTED,2021,6,Q2,China,China,Guangzhou BMW,BMW 5 Series,Sedan,Petrol,Government,Government,CNY,CNY,5,466426.27,1.05,2332131.33,OK,295206.5,214794.87,80411.63,70,OK,Prefer not to say,4.8,OK
BMW-4267,01-07-2033,CORRUPTED,2023,9,Q3,South Africa,South Africa,Johannesburg Motors,BMW X3,SUV,Petrol,Lease,Lease,ZAR,ZAR,2,1097193.2,6.25,2194386.41,OK,109719.32,84267.83,25451.49,69,OK,Female,4.8,OK
BMW-1893,28-06-2033,CORRUPTED,2021,1,Q1,UAE,UAE,Abu Dhabi Motors,BMW i4,Electric,Electric,Corporate Fleet,Corporate Fleet,AED,AED,8,272825.16,7.1,2182601.24,OK,545650.31,422916.19,122734.12,68,OK,Prefer not to say,4.8,OK
BMW-5438,03-06-2033,CORRUPTED,2024,11,Q4,China,China,Guangzhou BMW,BMW 3 Series,Sedan,Diesel,Lease,Lease,CNY,CNY,6,341358.31,3.03,2048149.89,OK,259259.48,192499.58,66759.89,32,OK,Female,4.8,OK
BMW-2633,08-03-2033,CORRUPTED,2021,12,Q4,China,China,Guangzhou BMW,BMW 7 Series,Sedan,Hybrid,Lease,Lease,CNY,CNY,2,853584.61,0.78,1707169.21,OK,216097.37,156811.69,59285.68,34,OK,Prefer not to say,4.8,OK
BMW-2555,22-02-2033,CORRUPTED,2021,11,Q4,China,China,Shanghai BMW,BMW 2 Series,Coupe,Hybrid,Corporate Fleet,Corporate Fleet,CNY,CNY,5,330934.39,3.25,1654671.93,OK,209452.14,155874.1,53578.04,38,OK,Prefer not to say,4.8,OK
BMW-4944,28-01-2033,CORRUPTED,2024,5,Q2,South Africa,South Africa,Cape Town BMW,BMW X5,SUV,Petrol,Individual,Individual,ZAR,ZAR,1,1551354.97,3.07,1551354.97,OK,77567.75,57618.23,19949.51,59,OK,Prefer not to say,4.8,OK
BMW-4606,21-10-2032,CORRUPTED,2024,1,Q1,South Africa,South Africa,Cape Town BMW,BMW 5 Series,Sedan,Diesel,Individual,Individual,ZAR,ZAR,1,1244161.51,0.76,1244161.51,OK,62208.08,45132.58,17075.5,36,OK,Male,4.8,OK
BMW-4241,07-10-2032,CORRUPTED,2023,9,Q3,China,China,Shanghai BMW,BMW X3,SUV,Diesel,Government,Government,CNY,CNY,3,396143.11,5.3,1188429.33,OK,150434.09,114368.76,36065.33,53,OK,Female,4.8,OK
BMW-1404,02-10-2032,CORRUPTED,2020,6,Q2,South Africa,South Africa,Johannesburg Motors,BMW 5 Series,Sedan,Hybrid,individual,Individual,ZAR,ZAR,1,1153835.18,7.61,1153835.18,OK,57691.76,44960.08,12731.68,40,OK,Female,4.8,OK
BMW-3729,14-09-2032,CORRUPTED,2023,3,Q1,China,China,Beijing Luxury Motors,BMW X5,SUV,Petrol,Lease,Lease,CNY,CNY,2,547418.52,2.23,1094837.05,OK,138586.97,102058.22,36528.75,37,OK,Male,4.8,OK
BMW-1515,07-07-2032,CORRUPTED,2020,8,Q3,China,China,Guangzhou BMW,BMW i7,Electric,Electric,Individual,Individual,CNY,CNY,1,961580.97,4.7,961580.97,OK,121719.11,91961.95,29757.16,63,OK,Female,4.8,OK
BMW-5354,05-07-2032,CORRUPTED,2024,10,Q4,China,China,Guangzhou BMW,BMW i7,Electric,Electric,Corporate Fleet,Corporate Fleet,CNY,CNY,1,961114.04,1.24,961114.04,OK,121660.01,88698.9,32961.1,66,OK,Male,4.8,OK
BMW-2630,20-02-2032,CORRUPTED,2021,12,Q4,China,China,Beijing Luxury Motors,BMW X7,SUV,Petrol,Individual,Individual,CNY,CNY,1,786605.48,0.14,786605.48,OK,99570.31,71794.48,27775.84,63,OK,Male,4.8,OK
BMW-4899,21-11-2031,CORRUPTED,2024,5,Q2,China,China,Beijing Luxury Motors,BMW iX,Electric,Electric,Individual,Individual,CNY,CNY,1,711753.02,4.7,711753.02,OK,90095.32,68070.3,22025.02,52,OK,Male,4.8,OK
BMW-4489,27-09-2031,CORRUPTED,2023,12,Q4,China,China,Shenzhen Auto,BMW M3,M Sport,Petrol,lease,Lease,CNY,CNY,1,667333.11,4.33,667333.11,OK,84472.55,63571.77,20900.77,56,OK,Female,4.8,OK
BMW-4834,11-09-2031,CORRUPTED,2024,4,Q2,UAE,UAE,Dubai BMW,BMW 3 Series,Sedan,Diesel,Corporate Fleet,Corporate Fleet,AED,AED,4,164942.2,6.73,659768.81,OK,164942.2,127328.17,37614.04,64,OK,Prefer not to say,4.8,OK
BMW-2737,12-07-2031,CORRUPTED,2022,2,Q1,Germany,Germany,Hamburg Drive,BMW 7 Series,Sedan,Petrol,Corporate Fleet,Corporate Fleet,EUR,EUR,6,103125.13,1.22,618750.78,OK,618750.78,450983.81,167766.97,58,OK,Prefer not to say,4.8,OK
BMW-5433,05-07-2031,CORRUPTED,2024,11,Q4,China,China,Shanghai BMW,BMW M3,M Sport,Petrol,Individual,Individual,CNY,CNY,1,616459.25,7.18,616459.25,OK,78032.82,60527.35,17505.47,68,OK,Prefer not to say,4.8,OK
BMW-1940,05-06-2031,CORRUPTED,2021,2,Q1,China,China,Shenzhen Auto,BMW X5,SUV,Diesel,individual,Individual,CNY,CNY,1,600111.35,3.94,600111.35,OK,75963.46,56937.34,19026.12,51,OK,Male,4.8,OK
BMW-3518,29-04-2031,CORRUPTED,2022,12,Q4,Australia,Australia,Sydney BMW,BMW X3,SUV,Petrol,government,Government,AUD,AUD,7,82930.21,3.19,580511.49,OK,351825.15,261655.73,90169.41,43,OK,Male,4.8,OK
BMW-2347,16-04-2031,CORRUPTED,2021,8,Q3,UAE,UAE,Abu Dhabi Motors,BMW X5,SUV,Hybrid,lease,Lease,AED,AED,2,286652.05,1.47,573304.09,OK,143326.02,104736.84,38589.18,46,OK,Female,4.8,OK
BMW-2140,25-03-2031,CORRUPTED,2021,5,Q2,China,China,Shanghai BMW,BMW X5,SUV,Diesel,Individual,Individual,CNY,CNY,1,563587.75,6.61,563587.75,OK,71340.22,54999,16341.23,33,OK,Male,4.8,OK
BMW-1906,03-02-2031,CORRUPTED,2021,2,Q1,Germany,Germany,BMW Munich HQ,BMW M3,M Sport,Hybrid,Lease,Lease,EUR,EUR,7,75908.99,3.64,531362.9,OK,531362.9,397025.53,134337.37,34,OK,Prefer not to say,4.8,OK
BMW-3544,08-01-2031,CORRUPTED,2023,1,Q1,USA,USA,Beverly Hills BMW,BMW X5,SUV,Hybrid,Corporate Fleet,Corporate Fleet,USD,USD,6,86588.28,3.51,519529.65,OK,476632.71,355656.4,120976.31,58,OK,Male,4.8,OK
BMW-1462,20-11-2030,CORRUPTED,2020,7,Q3,Australia,Australia,Sydney BMW,BMW X7,SUV,Diesel,lease,Lease,AUD,AUD,3,166227.61,7.14,498682.83,OK,302232.02,234330.46,67901.56,70,OK,Male,4.8,OK
BMW-2139,29-10-2030,CORRUPTED,2021,5,Q2,China,China,Shenzhen Auto,BMW i4,Electric,Electric,Individual,Individual,CNY,CNY,1,490556.07,6.4,490556.07,OK,62095.71,47765.04,14330.66,53,OK,Prefer not to say,4.8,OK
BMW-3615,13-10-2030,CORRUPTED,2023,2,Q1,USA,USA,Miami Auto Group,BMW 5 Series,Sedan,Hybrid,Corporate Fleet,Corporate Fleet,USD,USD,8,60053.25,4.7,480425.99,OK,440757.79,333012.83,107744.96,37,OK,Prefer not to say,4.8,OK
BMW-1725,10-07-2030,CORRUPTED,2020,11,Q4,China,China,Shanghai BMW,BMW 5 Series,Sedan,Petrol,Individual,Individual,CNY,CNY,1,445467.74,5.39,445467.74,OK,56388.32,42913.96,13474.36,42,OK,Male,4.8,OK
BMW-3567,09-06-2030,CORRUPTED,2023,1,Q1,China,China,Shenzhen Auto,BMW 5 Series,Sedan,Petrol,Individual,Individual,CNY,CNY,1,436168.17,3.37,436168.17,OK,55211.16,41138.83,14072.33,60,OK,Female,4.8,OK
BMW-4380,19-05-2030,CORRUPTED,2023,11,Q4,China,China,Shenzhen Auto,BMW 5 Series,Sedan,Hybrid,Individual,Individual,CNY,CNY,1,430530.94,4.68,430530.94,OK,54497.59,41164.55,13333.03,36,OK,Prefer not to say,4.8,OK
BMW-5533,12-04-2030,CORRUPTED,2024,12,Q4,China,China,Guangzhou BMW,BMW 5 Series,Sedan,Diesel,individual,Individual,CNY,CNY,1,419273.94,4.3,419273.94,OK,53072.65,39928.63,13144.02,65,OK,Prefer not to say,4.8,OK
BMW-2720,27-12-2029,CORRUPTED,2022,1,Q1,UAE,UAE,Dubai BMW,BMW X7,SUV,Diesel,Individual,Individual,AED,AED,1,394461.56,4.77,394461.56,OK,98615.39,74560.47,24054.92,28,OK,Prefer not to say,4.8,OK
BMW-1907,25-12-2029,CORRUPTED,2021,2,Q1,Germany,Germany,Hamburg Drive,BMW X3,SUV,Hybrid,Corporate Fleet,Corporate Fleet,EUR,EUR,8,49266.57,7.53,394132.57,OK,394132.57,306895.54,87237.03,52,OK,Female,4.8,OK
BMW-4011,25-11-2029,CORRUPTED,2023,7,Q3,Germany,Germany,Hamburg Drive,BMW X7,SUV,Petrol,Lease,Lease,EUR,EUR,4,96233.25,4.46,384932.99,OK,384932.99,290093.22,94839.78,25,OK,Prefer not to say,4.8,OK
BMW-1986,29-10-2029,CORRUPTED,2021,3,Q1,USA,USA,Beverly Hills BMW,BMW X5,SUV,Diesel,Lease,Lease,USD,USD,5,75334.18,2.74,376670.92,OK,345569.65,255811.35,89758.3,60,OK,Prefer not to say,4.8,OK
BMW-5102,14-09-2029,CORRUPTED,2024,7,Q3,UAE,UAE,Dubai BMW,BMW M3,M Sport,Diesel,Individual,Individual,AED,AED,1,364059.89,3.48,364059.89,OK,91014.97,67895.11,23119.86,49,OK,Female,4.8,OK
BMW-2422,14-08-2029,CORRUPTED,2021,9,Q3,UAE,UAE,Dubai BMW,BMW iX,Electric,Electric,Individual,Individual,AED,AED,1,356326.43,1.74,356326.43,OK,89081.61,65275,23806.61,32,OK,Male,4.8,OK
BMW-2059,06-08-2029,CORRUPTED,2021,4,Q2,UK,UK,Manchester Prestige,BMW X3,SUV,Petrol,Lease,Lease,GBP,GBP,8,44350.2,6.93,354801.56,OK,412559.95,319156.95,93403,48,OK,Prefer not to say,4.8,OK
BMW-4731,19-05-2029,CORRUPTED,2024,3,Q1,UK,UK,Manchester Prestige,BMW 5 Series,Sedan,Hybrid,Lease,Lease,GBP,GBP,7,48361.2,6.92,338528.38,OK,393637.65,304481.37,89156.28,65,OK,Prefer not to say,4.8,OK
BMW-3755,09-05-2029,CORRUPTED,2023,3,Q1,Australia,Australia,Melbourne Auto Group,BMW 7 Series,Sedan,Hybrid,Corporate Fleet,Corporate Fleet,AUD,AUD,2,167871.06,3.45,335742.11,OK,203480.07,151746.77,51733.29,57,OK,Male,4.8,OK
BMW-5177,21-04-2029,CORRUPTED,2024,8,Q3,China,China,Shenzhen Auto,BMW 3 Series,Sedan,Hybrid,Individual,Individual,CNY,CNY,1,330660.12,3.18,330660.12,OK,41855.71,31126.38,10729.33,64,OK,Male,4.8,OK
BMW-4657,20-03-2029,CORRUPTED,2024,2,Q1,China,China,Beijing Luxury Motors,BMW 3 Series,Sedan,Diesel,Individual,Individual,CNY,CNY,1,322216.45,7.15,322216.45,OK,40786.89,31629.26,9157.63,65,OK,Female,4.8,OK
BMW-2314,26-02-2029,CORRUPTED,2021,8,Q3,USA,USA,Chicago Motors,BMW X3,SUV,Hybrid,Lease,Lease,USD,USD,6,52916.93,2.58,317501.58,OK,291285.85,215272.39,76013.46,56,OK,Female,4.8,OK
BMW-2343,05-02-2029,CORRUPTED,2021,8,Q3,China,China,Guangzhou BMW,BMW 2 Series,Coupe,Diesel,Individual,Individual,CNY,CNY,1,313576.99,0.8,313576.99,OK,39693.29,28808.67,10884.62,55,OK,Prefer not to say,4.8,OK
BMW-3387,04-12-2028,CORRUPTED,2022,11,Q4,USA,USA,Chicago Motors,BMW X5,SUV,Petrol,lease,Lease,USD,USD,4,74276.36,3.19,297105.43,OK,272573.79,202724.76,69849.03,56,OK,Female,4.8,OK
BMW-5323,10-11-2028,CORRUPTED,2024,10,Q4,USA,USA,Beverly Hills BMW,BMW 2 Series,Coupe,Hybrid,Corporate Fleet,Corporate Fleet,USD,USD,7,41257.26,3.16,288800.84,OK,264954.9,196990.11,67964.79,33,OK,Female,4.8,OK
BMW-4476,14-10-2028,CORRUPTED,2023,12,Q4,UK,UK,London BMW Centre,BMW iX,Electric,Electric,Government,Government,gbp,GBP,4,69455.47,5.97,277821.89,OK,323048.71,247373.57,75675.14,27,OK,Female,4.8,OK
BMW-1310,02-10-2028,CORRUPTED,2020,5,Q2,China,China,Guangzhou BMW,BMW 2 Series,Coupe,Hybrid,Individual,Individual,CNY,CNY,1,275763.06,4.66,275763.06,OK,34906.72,26360.54,8546.17,48,OK,Female,4.8,OK
BMW-1484,27-09-2028,CORRUPTED,2020,8,Q3,USA,USA,Miami Auto Group,BMW 2 Series,Coupe,Hybrid,corporate fleet,Corporate Fleet,USD,USD,7,38935.54,6.04,272548.75,OK,250044.73,191605.84,58438.89,31,OK,Female,4.8,OK
BMW-3095,14-09-2028,CORRUPTED,2022,7,Q3,Germany,Germany,AutohaUSA Berlin,BMW 3 Series,Sedan,Hybrid,Corporate Fleet,Corporate Fleet,EUR,EUR,7,38597.74,7.38,270184.19,OK,270184.19,210034.37,60149.82,32,OK,Prefer not to say,4.8,OK
BMW-1282,09-08-2028,CORRUPTED,2020,5,Q2,Germany,Germany,BMW Munich HQ,BMW X3,SUV,Hybrid,Government,Government,EUR,EUR,5,51598.23,4.91,257991.16,OK,257991.16,195339.51,62651.65,69,OK,Prefer not to say,4.8,OK
BMW-4554,22-07-2028,CORRUPTED,2024,1,Q1,UK,UK,London BMW Centre,BMW 7 Series,Sedan,Petrol,Lease,Lease,GBP,GBP,3,84568.44,4.66,253705.31,OK,295006.17,222787.25,72218.92,26,OK,Prefer not to say,4.8,OK
BMW-4938,26-06-2028,CORRUPTED,2024,5,Q2,Australia,Australia,Melbourne Auto Group,BMW 2 Series,Coupe,Diesel,Lease,Lease,AUD,AUD,4,61776.95,0.54,247107.78,OK,149762.29,108414.77,41347.53,30,OK,Male,4.8,OK
BMW-2530,24-06-2028,CORRUPTED,2021,11,Q4,USA,USA,Chicago Motors,BMW 5 Series,Sedan,Petrol,corporate fleet,Corporate Fleet,USD,USD,4,61536.05,1.89,246144.19,OK,225820.35,165729.17,60091.18,55,OK,Male,4.8,OK
BMW-5340,24-04-2028,CORRUPTED,2024,10,Q4,UK,UK,London BMW Centre,BMW i4,Electric,Electric,Corporate Fleet,Corporate Fleet,Gbp,GBP,4,56774.08,1.91,227096.34,OK,264065.51,193833.66,70231.84,39,OK,Male,4.8,OK
BMW-1426,03-03-2028,CORRUPTED,2020,7,Q3,UK,UK,Manchester Prestige,BMW 5 Series,Sedan,Diesel,Corporate Fleet,Corporate Fleet,GBP,GBP,4,53402.13,2.78,213608.53,OK,248382.01,183949.9,64432.1,31,OK,Male,4.8,OK
BMW-3849,15-02-2028,CORRUPTED,2023,5,Q2,Germany,Germany,Stuttgart Motors,BMW 7 Series,Sedan,Hybrid,Lease,Lease,EUR,EUR,2,105349.77,2.72,210699.54,OK,210699.54,155939.34,54760.2,33,OK,Male,4.8,OK
BMW-2390,01-09-2027,CORRUPTED,2021,9,Q3,USA,USA,Miami Auto Group,BMW X5,SUV,Diesel,Corporate Fleet,Corporate Fleet,USD,USD,2,79488.19,3.11,158976.38,OK,145849.89,108386.73,37463.17,47,OK,Prefer not to say,4.8,OK
BMW-2332,02-06-2027,CORRUPTED,2021,8,Q3,UK,UK,London BMW Centre,BMW iX,Electric,Electric,Corporate Fleet,Corporate Fleet,GBP,GBP,2,68683.28,4.61,137366.56,OK,159728.56,120568.13,39160.42,58,OK,Male,4.8,OK
BMW-3437,30-05-2027,CORRUPTED,2022,11,Q4,Australia,Australia,Melbourne Auto Group,BMW iX,Electric,Electric,Individual,Individual,AUD,AUD,1,136885.23,4.1,136885.23,OK,82960.75,62282.97,20677.78,51,OK,Prefer not to say,4.8,OK
BMW-4972,02-02-2027,CORRUPTED,2024,6,Q2,USA,USA,Miami Auto Group,BMW 2 Series,Coupe,Diesel,corporate fleet,Corporate Fleet,USD,USD,3,39481.51,5.12,118444.52,OK,108664.7,82462.98,26201.72,51,OK,Female,4.8,OK
BMW-3846,25-01-2027,CORRUPTED,2023,5,Q2,Germany,Germany,BMW Munich HQ,BMW M5,M Sport,Hybrid,individual,Individual,EUR,EUR,1,117149.47,3,117149.47,OK,117149.47,86956.05,30193.42,70,OK,Male,4.8,OK
BMW-1685,30-12-2026,CORRUPTED,2020,11,Q4,Germany,Germany,Stuttgart Motors,BMW i7,Electric,Electric,Individual,Individual,EUR,EUR,1,113089.61,2.88,113089.61,OK,113089.61,83840.7,29248.91,37,OK,Male,4.8,OK
BMW-4273,28-12-2026,CORRUPTED,2023,10,Q4,Germany,Germany,Hamburg Drive,BMW M5,M Sport,Petrol,individual,Individual,EUR,EUR,1,112909.08,2.64,112909.08,OK,112909.08,83501.04,29408.04,33,OK,Female,4.8,OK
BMW-2653,19-12-2026,CORRUPTED,2021,12,Q4,Australia,Australia,Sydney BMW,BMW X5,SUV,Hybrid,Individual,Individual,AUD,AUD,1,112087.6,2.19,112087.6,OK,67931.88,50005.75,17926.14,66,OK,Prefer not to say,4.8,OK
BMW-2174,19-09-2026,CORRUPTED,2021,6,Q2,USA,USA,Miami Auto Group,BMW 3 Series,Sedan,Petrol,Corporate Fleet,Corporate Fleet,USD,USD,2,51380.76,0.2,102761.53,OK,94276.63,68016.29,26260.34,64,OK,Prefer not to say,4.8,OK
BMW-3402,12-09-2026,CORRUPTED,2022,11,Q4,UK,UK,London BMW Centre,BMW i7,Electric,Electric,Individual,Individual,GBP,GBP,1,101937.69,3.26,101937.69,OK,118532.2,88216.68,30315.52,32,OK,Male,4.8,OK
BMW-1475,22-08-2026,CORRUPTED,2020,8,Q3,Germany,Germany,BMW Munich HQ,BMW 7 Series,Sedan,Petrol,Individual,Individual,EUR,EUR,1,99989.04,0.34,99989.04,OK,99989.04,72234.53,27754.5,42,OK,Male,4.8,OK
BMW-1984,17-08-2026,CORRUPTED,2021,3,Q1,USA,USA,Beverly Hills BMW,BMW iX,Electric,Electric,Individual,Individual,USD,USD,1,99285.84,7.27,99285.84,OK,91087.93,70727.61,20360.32,36,OK,Prefer not to say,4.8,OK
BMW-3534,28-07-2026,CORRUPTED,2023,1,Q1,Germany,Germany,BMW Munich HQ,BMW iX,Electric,Electric,Government,Government,EUR,EUR,1,97541.72,1.56,97541.72,OK,97541.72,71346.3,26195.42,46,OK,Male,4.8,OK
BMW-3831,13-06-2026,CORRUPTED,2023,4,Q2,Australia,Australia,Sydney BMW,BMW X3,SUV,Hybrid,individual,Individual,AUD,AUD,1,94570.5,1.05,94570.5,OK,57315.46,41703.17,15612.29,27,OK,Prefer not to say,4.8,OK
BMW-4689,25-05-2026,CORRUPTED,2024,3,Q1,Germany,Germany,Stuttgart Motors,BMW iX,Electric,Electric,Individual,Individual,EUR,EUR,1,93632.96,6.16,93632.96,OK,93632.96,71844.14,21788.82,42,OK,Female,4.8,OK
BMW-3925,11-05-2026,CORRUPTED,2023,6,Q2,Germany,Germany,AutohaUSA Berlin,BMW 7 Series,Sedan,Hybrid,Individual,Individual,EUR,EUR,1,92572.52,2.6,92572.52,OK,92572.52,68430.03,24142.49,150,BAD AGE,Prefer not to say,4.8,OK
BMW-3100,26-04-2026,CORRUPTED,2022,7,Q3,USA,USA,Chicago Motors,BMW iX,Electric,Electric,Corporate Fleet,Corporate Fleet,USD,USD,1,91680.34,7.15,91680.34,OK,84110.41,65224.85,18885.56,64,OK,Male,4.8,OK
BMW-2931,18-04-2026,CORRUPTED,2022,4,Q2,Australia,Australia,Melbourne Auto Group,BMW X3,SUV,Hybrid,Individual,Individual,AUD,AUD,1,91318.28,4.29,91318.28,OK,55344.41,41635.22,13709.19,66,OK,Female,4.8,OK
BMW-1359,10-03-2026,CORRUPTED,2020,6,Q2,USA,USA,Dallas BMW,BMW iX,Electric,Electric,Corporate Fleet,Corporate Fleet,USD,USD,1,88175.29,6.97,88175.29,OK,80894.76,62605.31,18289.45,52,OK,Male,4.8,OK
BMW-2244,08-03-2026,CORRUPTED,2021,7,Q3,USA,USA,New York BMW,BMW M3,M Sport,Petrol,Individual,Individual,USD,USD,1,87832.9,5.4,87832.9,OK,80580.64,61332.92,19247.72,40,OK,Female,4.8,OK
BMW-1428,16-12-2025,CORRUPTED,2020,7,Q3,UK,UK,London BMW Centre,BMW 7 Series,Sedan,Hybrid,Individual,Individual,GBP,GBP,1,83113.88,1.22,83113.88,OK,96644.05,70442.64,26201.41,999,BAD AGE,Female,4.8,OK
BMW-2111,08-12-2025,CORRUPTED,2021,5,Q2,USA,USA,Chicago Motors,BMW X5,SUV,Hybrid,Individual,Individual,USD,USD,1,82463.73,3.17,82463.73,OK,75654.79,56253.27,19401.52,61,OK,Female,4.8,OK
BMW-4714,29-11-2025,CORRUPTED,2024,3,Q1,USA,USA,New York BMW,BMW X5,SUV,Petrol,Individual,Individual,USD,USD,1,81943.76,4.3,81943.76,OK,75177.76,56559.4,18618.36,39,OK,Prefer not to say,4.8,OK
BMW-3457,19-10-2025,CORRUPTED,2022,12,Q4,Germany,Germany,AutohaUSA Berlin,BMW M3,M Sport,Petrol,Individual,Individual,EUR,EUR,1,79233.8,2.28,79233.8,OK,79233.8,58378.68,20855.12,66,OK,Female,4.8,OK
BMW-1192,22-09-2025,CORRUPTED,2020,3,Q1,Australia,Australia,Sydney BMW,BMW X3,SUV,Hybrid,Individual,Individual,AUD,AUD,1,77750.72,5.93,77750.72,OK,47121.65,36065.92,11055.73,47,OK,Male,4.8,OK
BMW-2309,19-09-2025,CORRUPTED,2021,8,Q3,USA,USA,Chicago Motors,BMW X5,SUV,Hybrid,Individual,Individual,USD,USD,1,77676.7,3.79,77676.7,OK,71263.02,53329.21,17933.81,34,OK,Female,4.8,OK
BMW-4877,09-09-2025,CORRUPTED,2024,5,Q2,USA,USA,Dallas BMW,BMW X5,SUV,Hybrid,Corporate Fleet,Corporate Fleet,USD,USD,1,77102.18,6.69,77102.18,OK,70735.95,54579.3,16156.65,28,OK,Male,4.8,OK
BMW-1567,31-08-2025,CORRUPTED,2020,9,Q3,UK,UK,Manchester Prestige,BMW M3,M Sport,Diesel,Individual,Individual,GBP,GBP,1,76704.03,5.07,76704.03,OK,89190.74,67649.27,21541.47,42,OK,Prefer not to say,4.8,OK
BMW-3034,15-08-2025,CORRUPTED,2022,6,Q2,USA,USA,Chicago Motors,BMW X5,SUV,Petrol,Individual,Individual,USD,USD,1,76096.27,5.71,76096.27,OK,69813.09,53307.46,16505.64,32,OK,Female,4.8,OK
BMW-2746,21-07-2025,CORRUPTED,2022,2,Q1,Germany,Germany,AutohaUSA Berlin,BMW X5,SUV,Hybrid,Individual,Individual,EUR,EUR,1,74882.12,5.29,74882.12,OK,74882.12,56929.48,17952.65,64,OK,Prefer not to say,4.8,OK
BMW-5051,09-05-2025,CORRUPTED,2024,7,Q3,USA,USA,Miami Auto Group,BMW X5,SUV,Diesel,individual,Individual,USD,USD,1,70406.99,6.92,70406.99,OK,64593.56,49962.69,14630.87,61,OK,Female,4.8,OK
BMW-1866,06-05-2025,CORRUPTED,2021,1,Q1,UK,UK,Manchester Prestige,BMW 2 Series,Coupe,Diesel,Corporate Fleet,Corporate Fleet,GBP,GBP,2,35074.23,0.59,70148.46,OK,81567.98,59079.19,22488.79,25,OK,Prefer not to say,4.8,OK
BMW-2167,02-05-2025,CORRUPTED,2021,6,Q2,Germany,Germany,AutohaUSA Berlin,BMW X5,SUV,Hybrid,Individual,Individual,EUR,EUR,1,69832.9,7.97,69832.9,OK,69832.9,54635.33,15197.57,28,OK,Female,4.8,OK
BMW-3184,26-04-2025,CORRUPTED,2022,8,Q3,USA,USA,Dallas BMW,BMW i4,Electric,Electric,Individual,Individual,USD,USD,1,69490.49,5.95,69490.49,OK,63752.74,48808.49,14944.25,60,OK,Prefer not to say,4.8,OK
BMW-5464,18-04-2025,CORRUPTED,2024,12,Q4,Germany,Germany,Stuttgart Motors,BMW i4,Electric,Electric,Individual,Individual,EUR,EUR,1,68818.02,1.95,68818.02,OK,68818.02,50536.41,18281.61,55,OK,Prefer not to say,4.8,OK
BMW-1196,20-03-2025,CORRUPTED,2020,3,Q1,Australia,Australia,Sydney BMW,BMW 3 Series,Sedan,Hybrid,Individual,Individual,AUD,AUD,1,67406.94,7.02,67406.94,OK,40852.69,31633.88,9218.81,58,OK,Male,4.8,OK
BMW-3231,01-03-2025,CORRUPTED,2022,9,Q3,Germany,Germany,Stuttgart Motors,BMW X5,SUV,Hybrid,Individual,Individual,EUR,EUR,1,66523.2,7.65,66523.2,OK,66523.2,51862.83,14660.36,45,OK,Female,4.8,OK
BMW-1366,09-01-2025,CORRUPTED,2020,6,Q2,UK,UK,Edinburgh Motors,BMW X5,SUV,Petrol,Individual,Individual,Gbp,GBP,1,64335.5,5.31,64335.5,OK,74808.72,56883.02,17925.71,47,OK,Prefer not to say,4.8,OK
BMW-4722,06-12-2024,CORRUPTED,2024,3,Q1,USA,USA,Beverly Hills BMW,BMW X3,SUV,Petrol,Individual,Individual,USD,USD,1,62844.21,1.36,62844.21,OK,57655.24,42085.59,15569.64,50,OK,Female,4.8,OK
BMW-2814,04-11-2024,CORRUPTED,2022,3,Q1,USA,USA,Chicago Motors,BMW 5 Series,Sedan,Hybrid,Individual,Individual,USD,USD,1,61813.58,4.33,61813.58,OK,56709.7,42677.26,14032.45,36,OK,Female,4.8,OK
BMW-1908,20-10-2024,CORRUPTED,2021,2,Q1,Germany,Germany,BMW Munich HQ,BMW i4,Electric,Electric,Individual,Individual,EUR,EUR,1,61366.78,4,61366.78,OK,61366.78,46026.46,15340.32,69,OK,Female,4.8,OK
BMW-2472,02-10-2024,CORRUPTED,2021,10,Q4,UK,UK,Manchester Prestige,BMW i4,Electric,Electric,Individual,Individual,GBP,GBP,1,60639.36,2.61,60639.36,OK,70510.88,52130.48,18380.4,61,OK,Prefer not to say,4.8,OK
BMW-2742,21-09-2024,CORRUPTED,2022,2,Q1,Germany,Germany,Hamburg Drive,BMW i4,Electric,Electric,Corporate Fleet,Corporate Fleet,EUR,EUR,1,60301.66,6.92,60301.66,OK,60301.66,46642.64,13659.02,42,OK,Prefer not to say,4.8,OK
BMW-1602,30-08-2024,CORRUPTED,2020,9,Q3,Australia,Australia,Melbourne Auto Group,BMW 2 Series,Coupe,Hybrid,Individual,Individual,AUD,AUD,1,59506.74,0.86,59506.74,OK,36064.69,26192.94,9871.75,60,OK,Male,4.8,OK
BMW-3038,18-06-2024,CORRUPTED,2022,6,Q2,USA,USA,Miami Auto Group,BMW X3,SUV,Diesel,Individual,Individual,USD,USD,1,57515.97,0.21,57515.97,OK,52766.95,38070.6,14696.34,50,OK,Male,4.8,OK
BMW-2526,15-06-2024,CORRUPTED,2021,11,Q4,USA,USA,Dallas BMW,BMW 5 Series,Sedan,Diesel,Individual,Individual,USD,USD,1,57481.23,4.69,57481.23,OK,52735.07,39838.81,12896.26,43,OK,Prefer not to say,4.8,OK
BMW-2602,13-05-2024,CORRUPTED,2021,12,Q4,USA,USA,Dallas BMW,BMW X3,SUV,Diesel,Individual,Individual,USD,USD,1,56319.79,7.57,56319.79,OK,51669.53,40248.69,11420.85,48,OK,Female,4.8,OK
BMW-3871,06-03-2024,CORRUPTED,2023,5,Q2,UK,UK,London BMW Centre,BMW 5 Series,Sedan,Petrol,Individual,Individual,GBP,GBP,1,54098.45,1.79,54098.45,OK,62905.17,46115.96,16789.22,33,OK,Female,4.8,OK
BMW-4205,21-12-2023,CORRUPTED,2023,9,Q3,USA,USA,Miami Auto Group,BMW 3 Series,Sedan,Diesel,individual,Individual,USD,USD,1,51413.19,1.04,51413.19,OK,47168.06,34319.17,12848.89,58,OK,Male,4.8,OK
BMW-3117,20-12-2023,CORRUPTED,2022,7,Q3,USA,USA,Miami Auto Group,BMW 3 Series,Sedan,Petrol,Individual,Individual,USD,USD,1,51291.01,2,51291.01,OK,47055.97,34571.62,12484.35,28,OK,Male,4.8,OK
BMW-1412,30-11-2023,CORRUPTED,2020,7,Q3,Germany,Germany,BMW Munich HQ,BMW X3,SUV,Hybrid,Individual,Individual,EUR,EUR,1,50300.13,0.19,50300.13,OK,50300.13,36284.71,14015.42,69,OK,Female,4.8,OK
BMW-1293,06-11-2023,CORRUPTED,2020,5,Q2,USA,USA,Beverly Hills BMW,BMW 3 Series,Sedan,Diesel,individual,Individual,USD,USD,1,49344.45,0.7,49344.45,OK,45270.13,32822.91,12447.22,41,OK,Prefer not to say,4.8,OK
BMW-5326,24-10-2023,CORRUPTED,2024,10,Q4,USA,USA,Dallas BMW,BMW 3 Series,Sedan,Diesel,Individual,Individual,USD,USD,1,48752.05,7.25,48752.05,OK,44726.65,34721.68,10004.98,39,OK,Prefer not to say,4.8,OK
BMW-4694,09-10-2023,CORRUPTED,2024,3,Q1,Germany,Germany,Hamburg Drive,BMW 3 Series,Sedan,Diesel,Individual,Individual,EUR,EUR,1,48288.65,1.17,48288.65,OK,48288.65,35178.97,13109.68,45,OK,Male,4.8,OK
BMW-3305,17-09-2023,CORRUPTED,2022,10,Q4,Germany,Germany,AutohaUSA Berlin,BMW X3,SUV,Diesel,Individual,Individual,EUR,EUR,1,47395.54,6.86,47395.54,OK,47395.54,36639.39,10756.15,29,OK,Female,4.8,OK
BMW-5225,02-08-2023,CORRUPTED,2024,9,Q3,Germany,Germany,Stuttgart Motors,BMW 3 Series,Sedan,Hybrid,Individual,Individual,EUR,EUR,1,45844.44,5.16,45844.44,OK,45844.44,34805.32,11039.12,68,OK,Female,4.8,OK
BMW-1556,29-06-2023,CORRUPTED,2020,9,Q3,USA,USA,Beverly Hills BMW,BMW 3 Series,Sedan,Hybrid,corporate fleet,Corporate Fleet,USD,USD,1,44628.76,7.87,44628.76,OK,40943.82,31998.78,8945.04,69,OK,Male,4.8,OK
BMW-4525,13-04-2023,CORRUPTED,2024,1,Q1,Germany,Germany,Hamburg Drive,BMW 3 Series,Sedan,Petrol,individual,Individual,EUR,EUR,1,41464.09,5.98,41464.09,OK,41464.09,31753.64,9710.45,28,OK,Female,4.8,OK
BMW-1107,14-02-2023,CORRUPTED,2020,2,Q1,UK,UK,London BMW Centre,BMW 3 Series,Sedan,Diesel,Individual,Individual,GBP,GBP,1,38228.59,6.04,38228.59,OK,44451.85,34061.39,10390.46,63,OK,Prefer not to say,4.8,OK
BMW-3719,04-02-2023,CORRUPTED,2023,3,Q1,UK,UK,Edinburgh Motors,BMW 3 Series,Sedan,Diesel,Individual,Individual,GBP,GBP,1,37660.21,4.85,37660.21,OK,43790.94,33136.79,10654.15,70,OK,Female,4.8,OK
BMW-4862,22-01-2023,CORRUPTED,2024,5,Q2,Germany,Germany,BMW Munich HQ,BMW 2 Series,Coupe,Diesel,Individual,Individual,EUR,EUR,1,36794.69,4.27,36794.69,OK,36794.69,27673.51,9121.18,61,OK,Female,4.8,OK
BMW-1568,16-12-2022,CORRUPTED,2020,9,Q3,UK,UK,Manchester Prestige,BMW 3 Series,Sedan,Diesel,Individual,Individual,GBP,GBP,1,34113.95,5.41,34113.95,OK,39667.39,30193.83,9473.56,54,OK,Female,4.8,OK
BMW-2469,05-10-2022,CORRUPTED,2021,10,Q4,USA,USA,New York BMW,BMW 3 Series,Sedan,Diesel,Individual,Individual,USD,USD,1,45649.18,4.37,456.4918,OK,41879.98,31532.11,10347.87,45,OK,Female,4.8,OK
BMW-5077,24-09-2022,CORRUPTED,2024,7,Q3,UK,UK,Manchester Prestige,BMW X3,SUV,Hybrid,individual,Individual,gbp,GBP,1,40865.51,6.38,-40865.51,BAD REVENUE,47518.03,36544.73,10973.3,36,OK,Female,4.8,OK
BMW-4709,12-09-2022,CORRUPTED,2024,3,Q1,USA,USA,Miami Auto Group,BMW 3 Series,Sedan,Hybrid,Corporate Fleet,Corporate Fleet,USD,USD,3,43198.71,5.26,-129596.12,BAD REVENUE,118895.53,90352.96,28542.57,31,OK,Female,4.8,OK
BMW-1042,05-09-2022,CORRUPTED,2020,1,Q1,China,China,Shanghai BMW,BMW 2 Series,Coupe,Petrol,Individual,Individual,CNY,CNY,1,337699.96,1.94,-337699.96,BAD REVENUE,42746.83,31385.48,11361.35,41,OK,Male,4.8,OK
BMW-2270,25-01-2035,CORRUPTED,2021,7,Q3,India,India,Bangalore Motors,BMW i4,Electric,Electric,lease,Lease,INR,INR,8,5296613.98,7.85,42372911.81,OK,465636.39,363818.15,101818.24,54,OK,Prefer not to say,4.9,OK
BMW-1051,18-01-2035,CORRUPTED,2020,1,Q1,India,India,Mumbai BMW,BMW 5 Series,Sedan,Diesel,Corporate Fleet,Corporate Fleet,INR,INR,7,5465367.87,1.93,38257575.1,OK,420412.91,308669.49,111743.42,34,OK,Male,4.9,OK
BMW-3580,31-12-2034,CORRUPTED,2023,1,Q1,India,India,Bangalore Motors,BMW i4,Electric,Electric,Corporate Fleet,Corporate Fleet,INR,INR,5,5879482.78,2.82,29397413.88,OK,323048.5,239354.38,83694.12,29,OK,Prefer not to say,4.9,OK
BMW-3978,14-12-2034,CORRUPTED,2023,6,Q2,India,India,Mumbai BMW,BMW 3 Series,Sedan,Hybrid,Corporate Fleet,Corporate Fleet,INR,INR,7,3639251.89,2.19,25474763.21,OK,279942.45,206073.59,73868.87,69,OK,Prefer not to say,4.9,OK
BMW-3996,24-11-2034,CORRUPTED,2023,6,Q2,South Africa,South Africa,Johannesburg Motors,BMW i7,Electric,Electric,Corporate Fleet,Corporate Fleet,ZAR,ZAR,8,2378898.64,7.84,19031189.11,OK,951559.46,743368.39,208191.07,65,OK,Prefer not to say,4.9,OK
BMW-1402,08-10-2034,CORRUPTED,2020,6,Q2,South Africa,South Africa,Cape Town BMW,BMW X5,SUV,Hybrid,Corporate Fleet,Corporate Fleet,ZAR,ZAR,8,1335296.93,4.54,10682375.44,OK,534118.77,402848.8,131269.97,57,OK,Male,4.9,OK
BMW-4076,13-07-2034,CORRUPTED,2023,7,Q3,India,India,Bangalore Motors,BMW X5,SUV,Petrol,corporate fleet,Corporate Fleet,INR,INR,1,6873080.85,7.97,6873080.85,OK,75528.36,59092.37,16435.99,55,OK,Female,4.9,OK
BMW-1536,16-06-2034,CORRUPTED,2020,8,Q3,South Africa,South Africa,Johannesburg Motors,BMW 3 Series,Sedan,Diesel,Government,Government,ZAR,ZAR,7,906276.74,0.5,6343937.2,OK,317196.86,229525.2,87671.66,49,OK,Prefer not to say,4.9,OK
BMW-3343,30-04-2034,CORRUPTED,2022,10,Q4,India,India,Delhi Prestige Auto,BMW 5 Series,Sedan,Petrol,Individual,Individual,INR,INR,1,5379860.82,4.22,5379860.82,OK,59119.35,44439.76,14679.59,41,OK,Male,4.9,OK
BMW-3745,29-04-2034,CORRUPTED,2023,3,Q1,India,India,Delhi Prestige Auto,BMW 5 Series,Sedan,Diesel,Individual,Individual,INR,INR,1,5342285.47,4.04,5342285.47,OK,58706.43,44048.39,14658.04,33,OK,Female,4.9,OK
BMW-1969,10-03-2034,CORRUPTED,2021,2,Q1,South Africa,South Africa,Johannesburg Motors,BMW 3 Series,Sedan,Diesel,Corporate Fleet,Corporate Fleet,ZAR,ZAR,5,932519.22,1.88,4662596.09,OK,233129.8,171061.56,62068.25,36,OK,Male,4.9,OK
BMW-3883,09-03-2034,CORRUPTED,2023,5,Q2,China,China,Shenzhen Auto,BMW X7,SUV,Hybrid,Corporate Fleet,Corporate Fleet,CNY,CNY,6,774228.22,6.79,4645369.3,OK,588021.43,454235.04,133786.39,48,OK,Male,4.9,OK
BMW-3135,01-03-2034,CORRUPTED,2022,7,Q3,China,China,Shenzhen Auto,BMW i7,Electric,Electric,Corporate Fleet,Corporate Fleet,CNY,CNY,5,897591.71,7.61,4487958.56,OK,568096.02,442708.3,125387.71,46,OK,Prefer not to say,4.9,OK
BMW-4581,29-01-2034,CORRUPTED,2024,1,Q1,China,China,Shenzhen Auto,BMW X7,SUV,Petrol,Lease,Lease,CNY,CNY,5,814648.98,6.01,4073244.88,OK,515600.62,394989.53,120611.09,69,OK,Prefer not to say,4.9,OK
BMW-5371,27-12-2033,CORRUPTED,2024,10,Q4,UAE,UAE,Dubai BMW,BMW i7,Electric,Electric,Corporate Fleet,Corporate Fleet,AED,AED,7,521733.76,3.87,3652136.32,OK,913034.08,683824.94,229209.14,38,OK,Prefer not to say,4.9,OK
BMW-3579,15-12-2033,CORRUPTED,2023,1,Q1,India,India,Bangalore Motors,BMW 2 Series,Coupe,Hybrid,individual,Individual,INR,INR,1,3561139.06,3.68,3561139.06,OK,39133.4,29253.48,9879.92,33,OK,Female,4.9,OK
BMW-2625,15-10-2033,CORRUPTED,2021,12,Q4,China,China,Shanghai BMW,BMW i7,Electric,Electric,Corporate Fleet,Corporate Fleet,CNY,CNY,3,988786.47,7.15,2966359.41,OK,375488.53,291176.03,84312.51,67,OK,Male,4.9,OK
BMW-4568,12-07-2033,CORRUPTED,2024,1,Q1,China,China,Guangzhou BMW,BMW iX,Electric,Electric,Government,Government,CNY,CNY,3,745504.61,3.66,2236513.82,OK,283103.01,211567.29,71535.73,53,OK,Female,4.9,OK
BMW-1503,24-06-2033,CORRUPTED,2020,8,Q3,China,China,Guangzhou BMW,BMW 2 Series,Coupe,Diesel,lease,Lease,CNY,CNY,7,308173.3,3.85,2157213.11,OK,273064.95,204474.5,68590.45,56,OK,Prefer not to say,4.9,OK
BMW-2624,18-05-2033,CORRUPTED,2021,12,Q4,China,China,Shenzhen Auto,BMW iX,Electric,Electric,Corporate Fleet,Corporate Fleet,CNY,CNY,3,657438.76,6.75,1972316.29,OK,249660.29,192757.19,56903.1,59,OK,Prefer not to say,4.9,OK
BMW-5085,10-05-2033,CORRUPTED,2024,7,Q3,China,China,Shanghai BMW,BMW M3,M Sport,Hybrid,Corporate Fleet,Corporate Fleet,CNY,CNY,3,649821.38,0.82,1949464.14,OK,246767.61,179133.43,67634.18,31,OK,Female,4.9,OK
BMW-1898,19-03-2033,CORRUPTED,2021,1,Q1,South Africa,South Africa,Cape Town BMW,BMW M3,M Sport,Hybrid,Individual,Individual,ZAR,ZAR,1,1739721.69,1.86,1739721.69,OK,86986.08,63814.47,23171.61,49,OK,Prefer not to say,4.9,OK
BMW-1875,03-02-2033,CORRUPTED,2021,1,Q1,China,China,Guangzhou BMW,BMW 3 Series,Sedan,Petrol,Lease,Lease,CNY,CNY,5,314409.35,5.37,1572046.77,OK,198993.26,151404.45,47588.82,59,OK,Prefer not to say,4.9,OK
BMW-4385,28-12-2032,CORRUPTED,2023,11,Q4,China,China,Shenzhen Auto,BMW 5 Series,Sedan,Hybrid,Corporate Fleet,Corporate Fleet,CNY,CNY,3,475685.96,0.91,1427057.87,OK,180640.24,131257.39,49382.85,35,OK,Female,4.9,OK
BMW-1303,02-11-2032,CORRUPTED,2020,5,Q2,China,China,Guangzhou BMW,BMW 5 Series,Sedan,Hybrid,Corporate Fleet,Corporate Fleet,CNY,CNY,3,425866.18,2.3,1277598.53,OK,161721.33,119176,42545.33,46,OK,Female,4.9,OK
BMW-1388,27-08-2032,CORRUPTED,2020,6,Q2,China,China,Shenzhen Auto,BMW 3 Series,Sedan,Hybrid,Corporate Fleet,Corporate Fleet,CNY,CNY,3,350601.86,6.38,1051805.57,OK,133139.95,102396.21,30743.74,40,OK,Prefer not to say,4.9,OK
BMW-4580,17-08-2032,CORRUPTED,2024,1,Q1,China,China,Shanghai BMW,BMW M5,M Sport,Hybrid,individual,Individual,CNY,CNY,1,1029302.1,1.45,1029302.1,OK,130291.41,95191.9,35099.51,52,OK,Male,4.9,OK
BMW-4831,04-05-2032,CORRUPTED,2024,4,Q2,UAE,UAE,Abu Dhabi Motors,BMW 5 Series,Sedan,Diesel,Corporate Fleet,Corporate Fleet,AED,AED,4,219649.26,2.17,878597.06,OK,219649.26,161661.85,57987.41,39,OK,Male,4.9,OK
BMW-3546,18-04-2032,CORRUPTED,2023,1,Q1,USA,USA,Miami Auto Group,BMW i7,Electric,Electric,Corporate Fleet,Corporate Fleet,USD,USD,7,122551.08,5.95,857857.55,OK,787025.27,602494.7,184530.57,64,OK,Female,4.9,OK
BMW-1473,11-04-2032,CORRUPTED,2020,8,Q3,Germany,Germany,AutohaUSA Berlin,BMW i7,Electric,Electric,Corporate Fleet,Corporate Fleet,EUR,EUR,7,121139.85,1.65,847978.94,OK,847978.94,620759.42,227219.52,70,OK,Female,4.9,OK
BMW-2880,10-04-2032,CORRUPTED,2022,4,Q2,USA,USA,Miami Auto Group,BMW 7 Series,Sedan,Petrol,Corporate Fleet,Corporate Fleet,USD,USD,8,105936.02,4.48,847488.15,OK,777512.07,586059,191453.07,56,OK,Male,4.9,OK
BMW-4330,02-03-2032,CORRUPTED,2023,10,Q4,Australia,Australia,Sydney BMW,BMW i7,Electric,Electric,Lease,Lease,AUD,AUD,4,199102.74,5.87,796410.94,OK,482673.3,369206.47,113466.83,36,OK,Female,4.9,OK
BMW-4842,26-09-2031,CORRUPTED,2024,4,Q2,Australia,Australia,Melbourne Auto Group,BMW i4,Electric,Electric,lease,Lease,AUD,AUD,6,111192.54,6.06,667155.27,OK,404336.53,309913.94,94422.59,39,OK,Female,4.9,OK
BMW-2223,16-09-2031,CORRUPTED,2021,6,Q2,UAE,UAE,Abu Dhabi Motors,BMW X3,SUV,Diesel,corporate fleet,Corporate Fleet,AED,AED,3,220588.74,5.8,661766.23,OK,165441.56,126456.14,38985.42,33,OK,Male,4.9,OK
BMW-4121,07-09-2031,CORRUPTED,2023,8,Q3,USA,USA,New York BMW,BMW i7,Electric,Electric,Corporate Fleet,Corporate Fleet,USD,USD,5,131219.25,6.85,656096.25,OK,601923.16,465256.59,136666.57,57,OK,Prefer not to say,4.9,OK
BMW-2908,23-08-2031,CORRUPTED,2022,4,Q2,China,China,Beijing Luxury Motors,BMW iX,Electric,Electric,Individual,Individual,CNY,CNY,1,648412.65,3.9,648412.65,OK,82077.55,61493.94,20583.61,58,OK,Female,4.9,OK
BMW-1204,27-07-2031,CORRUPTED,2020,4,Q2,Germany,Germany,BMW Munich HQ,BMW M3,M Sport,Hybrid,Corporate Fleet,Corporate Fleet,EUR,EUR,7,89753.6,2.74,628275.2,OK,628275.2,465085.94,163189.26,62,OK,Prefer not to say,4.9,OK
BMW-2405,12-04-2031,CORRUPTED,2021,9,Q3,China,China,Shenzhen Auto,BMW 2 Series,Coupe,Petrol,Lease,Lease,CNY,CNY,2,285917.2,6.48,571834.41,OK,72384.1,55727.61,16656.49,44,OK,Female,4.9,OK
BMW-2869,11-03-2031,CORRUPTED,2022,4,Q2,USA,USA,Beverly Hills BMW,BMW X5,SUV,Petrol,Government,Government,USD,USD,7,79746.74,2.52,558227.21,OK,512135.05,378252.07,133882.99,57,OK,Male,4.9,OK
BMW-5175,28-02-2031,CORRUPTED,2024,8,Q3,China,China,Beijing Luxury Motors,BMW X5,SUV,Diesel,Individual,Individual,CNY,CNY,1,553865.58,7.47,553865.58,OK,70109.57,54554.63,15554.94,45,OK,Prefer not to say,4.9,OK
BMW-2833,13-02-2031,CORRUPTED,2022,3,Q1,China,China,Shanghai BMW,BMW i4,Electric,Electric,individual,Individual,CNY,CNY,1,536765.03,0.32,536765.03,OK,67944.94,49077.68,18867.26,57,OK,Female,4.9,OK
BMW-3670,08-12-2030,CORRUPTED,2023,2,Q1,Australia,Australia,Sydney BMW,BMW X5,SUV,Petrol,lease,Lease,AUD,AUD,4,126501.7,3.42,506006.78,OK,306670.78,228620.73,78050.05,61,OK,Male,4.9,OK
BMW-4487,01-10-2030,CORRUPTED,2023,12,Q4,China,China,Shanghai BMW,BMW i4,Electric,Electric,Individual,Individual,CNY,CNY,1,476797.31,4.13,476797.31,OK,60354.09,45329.03,15025.06,41,OK,Male,4.9,OK
BMW-3510,13-08-2030,CORRUPTED,2022,12,Q4,UAE,UAE,Dubai BMW,BMW M5,M Sport,Diesel,Corporate Fleet,Corporate Fleet,AED,AED,1,458896.15,7.13,458896.15,OK,114724.04,88940.99,25783.05,58,OK,Prefer not to say,4.9,OK
BMW-2259,10-08-2030,CORRUPTED,2021,7,Q3,China,China,Shenzhen Auto,BMW i4,Electric,Electric,Individual,Individual,CNY,CNY,1,457922.37,7.64,457922.37,OK,57964.86,45188.74,12776.12,50,OK,Prefer not to say,4.9,OK
BMW-1469,05-08-2030,CORRUPTED,2020,8,Q3,Germany,Germany,Hamburg Drive,BMW 5 Series,Sedan,Diesel,Lease,Lease,EUR,EUR,8,56902.09,2.8,455216.7,OK,455216.7,337189.32,118027.38,49,OK,Prefer not to say,4.9,OK
BMW-4167,31-07-2030,CORRUPTED,2023,8,Q3,Australia,Australia,Sydney BMW,BMW 3 Series,Sedan,Petrol,Corporate Fleet,Corporate Fleet,AUD,AUD,6,75655.83,6.91,453934.96,OK,275112.1,212778.48,62333.62,57,OK,Prefer not to say,4.9,OK
BMW-5534,06-07-2030,CORRUPTED,2024,12,Q4,China,China,Guangzhou BMW,BMW X3,SUV,Petrol,individual,Individual,CNY,CNY,1,443873.84,4.77,443873.84,OK,56186.56,42481.12,13705.45,70,OK,Male,4.9,OK
BMW-4744,11-06-2030,CORRUPTED,2024,3,Q1,China,China,Shenzhen Auto,BMW 5 Series,Sedan,Diesel,individual,Individual,CNY,CNY,1,436496.86,7.96,436496.86,OK,55252.77,43224.57,12028.2,61,OK,Female,4.9,OK
BMW-3933,20-03-2030,CORRUPTED,2023,6,Q2,Germany,Germany,AutohaUSA Berlin,BMW X3,SUV,Diesel,Corporate Fleet,Corporate Fleet,EUR,EUR,8,51915.27,7.92,415322.18,OK,415322.18,324757.77,90564.41,36,OK,Male,4.9,OK
BMW-4311,25-02-2030,CORRUPTED,2023,10,Q4,China,China,Beijing Luxury Motors,BMW X3,SUV,Hybrid,Individual,Individual,CNY,CNY,1,408343.48,7.16,408343.48,OK,51689.05,40088.09,11600.96,57,OK,Female,4.9,OK
BMW-5314,01-01-2030,CORRUPTED,2024,10,Q4,Germany,Germany,Hamburg Drive,BMW X5,SUV,Hybrid,Corporate Fleet,Corporate Fleet,EUR,EUR,5,79265.74,2.58,396328.71,OK,396328.71,292910.36,103418.35,57,OK,Female,4.9,OK
BMW-5065,23-12-2029,CORRUPTED,2024,7,Q3,USA,USA,New York BMW,BMW i4,Electric,Electric,corporate fleet,Corporate Fleet,USD,USD,6,65513.86,4.07,393083.18,OK,360626.77,270663.56,89963.22,36,OK,Prefer not to say,4.9,OK
BMW-4108,05-09-2029,CORRUPTED,2023,8,Q3,Germany,Germany,AutohaUSA Berlin,BMW M5,M Sport,Hybrid,Lease,Lease,EUR,EUR,3,120540.88,0.8,361622.63,OK,361622.63,262469.41,99153.22,27,OK,Prefer not to say,4.9,OK
BMW-2273,28-03-2029,CORRUPTED,2021,7,Q3,UAE,UAE,Abu Dhabi Motors,BMW iX,Electric,Electric,Individual,Individual,AED,AED,1,324667.5,4.77,324667.5,OK,81166.88,61368.49,19798.38,61,OK,Male,4.9,OK
BMW-3644,27-03-2029,CORRUPTED,2023,2,Q1,China,China,Beijing Luxury Motors,BMW 3 Series,Sedan,Hybrid,Individual,Individual,CNY,CNY,1,324581.31,3.54,324581.31,OK,41086.24,30666.85,10419.39,36,OK,Female,4.9,OK
BMW-1087,08-01-2029,CORRUPTED,2020,2,Q1,USA,USA,Beverly Hills BMW,BMW 3 Series,Sedan,Hybrid,Lease,Lease,USD,USD,7,43548.8,7.64,304841.62,OK,279671.21,218017.45,61653.75,70,OK,Male,4.9,OK
BMW-2968,26-12-2028,CORRUPTED,2022,5,Q2,USA,USA,Beverly Hills BMW,BMW X3,SUV,Diesel,corporate fleet,Corporate Fleet,USD,USD,5,60342.55,2.84,301712.75,OK,276800.69,205119.35,71681.33,48,OK,Female,4.9,OK
BMW-4464,11-12-2028,CORRUPTED,2023,12,Q4,USA,USA,Chicago Motors,BMW 3 Series,Sedan,Hybrid,lease,Lease,USD,USD,7,42756.14,4.07,299292.96,OK,274580.7,206092.04,68488.65,62,OK,Male,4.9,OK
BMW-1959,30-10-2028,CORRUPTED,2021,2,Q1,UAE,UAE,Dubai BMW,BMW i4,Electric,Electric,Individual,Individual,AED,AED,1,286071.88,1.37,286071.88,OK,71517.97,52205.9,19312.07,30,OK,Female,4.9,OK
BMW-4046,04-10-2028,CORRUPTED,2023,7,Q3,UK,UK,Manchester Prestige,BMW 3 Series,Sedan,Petrol,Corporate Fleet,Corporate Fleet,GBP,GBP,7,39439.82,6.45,276078.72,OK,321021.77,247058.85,73962.92,64,OK,Male,4.9,OK
BMW-4932,13-09-2028,CORRUPTED,2024,5,Q2,UAE,UAE,Dubai BMW,BMW X5,SUV,Diesel,Lease,Lease,AED,AED,1,270170.2,7.92,270170.2,OK,67542.55,52815.63,14726.92,58,OK,Prefer not to say,4.9,OK
BMW-5157,29-05-2028,CORRUPTED,2024,8,Q3,UK,UK,London BMW Centre,BMW 3 Series,Sedan,Diesel,corporate fleet,Corporate Fleet,GBP,GBP,6,39565.84,2.39,237395.06,OK,276040.77,203621.28,72419.49,51,OK,Male,4.9,OK
BMW-2402,09-05-2028,CORRUPTED,2021,9,Q3,UK,UK,Manchester Prestige,BMW 3 Series,Sedan,Hybrid,Corporate Fleet,Corporate Fleet,GBP,GBP,6,38611.3,4.12,231667.77,OK,269381.13,202291.53,67089.6,67,OK,Prefer not to say,4.9,OK
BMW-2277,28-04-2028,CORRUPTED,2021,7,Q3,UAE,UAE,Abu Dhabi Motors,BMW X3,SUV,Petrol,Individual,Individual,AED,AED,1,228092.42,1.63,228092.42,OK,57023.11,41738.09,15285.01,26,OK,Male,4.9,OK
BMW-4833,01-02-2028,CORRUPTED,2024,4,Q2,UAE,UAE,Abu Dhabi Motors,BMW X3,SUV,Diesel,Individual,Individual,AED,AED,1,206565.58,5.67,206565.58,OK,51641.4,39416.58,12224.81,40,OK,Female,4.9,OK
BMW-1206,12-01-2028,CORRUPTED,2020,4,Q2,Germany,Germany,AutohaUSA Berlin,BMW X7,SUV,Diesel,Government,Government,EUR,EUR,2,101077.88,5.76,202155.77,OK,202155.77,154448.86,47706.91,46,OK,Prefer not to say,4.9,OK
BMW-4036,27-12-2027,CORRUPTED,2023,7,Q3,USA,USA,Chicago Motors,BMW X7,SUV,Petrol,Lease,Lease,USD,USD,2,99460.79,6.96,198921.58,OK,182496.86,141224.34,41272.52,36,OK,Male,4.9,OK
BMW-1913,03-12-2027,CORRUPTED,2021,2,Q1,USA,USA,Beverly Hills BMW,BMW 3 Series,Sedan,Hybrid,corporate fleet,Corporate Fleet,USD,USD,4,47700,1.23,190800.02,OK,175045.89,127601.94,47443.95,49,OK,Male,4.9,OK
BMW-5159,11-09-2027,CORRUPTED,2024,8,Q3,UK,UK,London BMW Centre,BMW 3 Series,Sedan,Diesel,Corporate Fleet,Corporate Fleet,GBP,GBP,4,40142.3,3.96,160569.22,OK,186708.4,139978.47,46729.92,53,OK,Female,4.9,OK
BMW-4682,11-08-2027,CORRUPTED,2024,2,Q1,Australia,Australia,Melbourne Auto Group,BMW X7,SUV,Diesel,Individual,Individual,AUD,AUD,1,154455.53,0.8,154455.53,OK,93609.41,67940.46,25668.95,50,OK,Male,4.9,OK
BMW-1336,20-07-2027,CORRUPTED,2020,6,Q2,Germany,Germany,Hamburg Drive,BMW 2 Series,Coupe,Hybrid,Lease,Lease,EUR,EUR,4,37060.23,0.84,148240.91,OK,148240.91,107633.86,40607.05,40,OK,Prefer not to say,4.9,OK
BMW-2170,26-03-2027,CORRUPTED,2021,6,Q2,Germany,Germany,Hamburg Drive,BMW i7,Electric,Electric,Individual,Individual,EUR,EUR,1,125306.37,7.26,125306.37,OK,125306.37,97279.51,28026.86,33,OK,Prefer not to say,4.9,OK
BMW-2026,03-03-2027,CORRUPTED,2021,3,Q1,Australia,Australia,Melbourne Auto Group,BMW X5,SUV,Hybrid,Lease,Lease,AUD,AUD,1,121999.5,7.57,121999.5,OK,73939.09,57598.7,16340.39,27,OK,Female,4.9,OK
BMW-3633,02-01-2027,CORRUPTED,2023,2,Q1,UK,UK,Edinburgh Motors,BMW i7,Electric,Electric,individual,Individual,GBP,GBP,1,113768.32,2.33,113768.32,OK,132288.75,97522.25,34766.5,44,OK,Prefer not to say,4.9,OK
BMW-3164,17-11-2026,CORRUPTED,2022,8,Q3,Germany,Germany,Hamburg Drive,BMW i7,Electric,Electric,Individual,Individual,EUR,EUR,1,108324.25,5.26,108324.25,OK,108324.25,82321.04,26003.21,26,OK,Female,4.9,OK
BMW-5126,09-11-2026,CORRUPTED,2024,8,Q3,Germany,Germany,Hamburg Drive,BMW i7,Electric,Electric,Corporate Fleet,Corporate Fleet,EUR,EUR,1,107533.34,6.06,107533.34,OK,107533.34,82420.76,25112.58,45,OK,Male,4.9,OK
BMW-4633,23-07-2026,CORRUPTED,2024,2,Q1,USA,USA,Chicago Motors,BMW M3,M Sport,Diesel,Individual,Individual,USD,USD,1,97088.82,1.03,97088.82,OK,89072.31,64796.28,24276.03,37,OK,Prefer not to say,4.9,OK
BMW-3006,26-06-2026,CORRUPTED,2022,5,Q2,Australia,Australia,Melbourne Auto Group,BMW 5 Series,Sedan,Hybrid,individual,Individual,AUD,AUD,1,95588.15,2.22,95588.15,OK,57932.22,42657.95,15274.26,43,OK,Prefer not to say,4.9,OK
BMW-1853,01-06-2026,CORRUPTED,2021,1,Q1,USA,USA,Chicago Motors,BMW iX,Electric,Electric,Individual,Individual,USD,USD,1,93973.48,4.33,93973.48,OK,86214.2,64881.81,21332.38,64,OK,Female,4.9,OK
BMW-1233,15-05-2026,CORRUPTED,2020,4,Q2,UK,UK,Edinburgh Motors,BMW M5,M Sport,Petrol,Government,Government,Gbp,GBP,1,92813.01,1.78,92813.01,OK,107922.1,79108.71,28813.39,55,OK,Male,4.9,OK
BMW-5140,19-04-2026,CORRUPTED,2024,8,Q3,USA,USA,New York BMW,BMW iX,Electric,Electric,Individual,Individual,USD,USD,1,91329.7,1.45,91329.7,OK,83788.72,61214.66,22574.06,34,OK,Male,4.9,OK
BMW-1340,06-04-2026,CORRUPTED,2020,6,Q2,Germany,Germany,Hamburg Drive,BMW 7 Series,Sedan,Petrol,Individual,Individual,EUR,EUR,1,90396.1,6.52,90396.1,OK,90396.1,69623.68,20772.42,39,OK,Female,4.9,OK
BMW-1230,22-03-2026,CORRUPTED,2020,4,Q2,USA,USA,Dallas BMW,BMW M3,M Sport,Petrol,Individual,Individual,USD,USD,1,89131.45,4.52,89131.45,OK,81771.97,61662.17,20109.81,56,OK,Prefer not to say,4.9,OK
BMW-2866,05-02-2026,CORRUPTED,2022,4,Q2,USA,USA,Beverly Hills BMW,BMW M3,M Sport,Hybrid,Individual,Individual,USD,USD,1,85678.59,3.54,85678.59,OK,78604.21,58674.65,19929.56,51,OK,Female,4.9,OK
BMW-2596,20-12-2025,CORRUPTED,2021,12,Q4,Germany,Germany,BMW Munich HQ,BMW iX,Electric,Electric,Individual,Individual,EUR,EUR,1,83339.79,2.28,83339.79,OK,83339.79,61403.04,21936.75,44,OK,Prefer not to say,4.9,OK
BMW-3621,08-07-2025,CORRUPTED,2023,2,Q1,USA,USA,Dallas BMW,BMW i4,Electric,Electric,individual,Individual,USD,USD,1,73963.23,2.5,73963.23,OK,67856.18,50107.13,17749.05,49,OK,Male,4.9,OK
BMW-4508,07-07-2025,CORRUPTED,2023,12,Q4,Australia,Australia,Melbourne Auto Group,BMW 3 Series,Sedan,Diesel,Individual,Individual,AUD,AUD,1,73943.87,7.76,73943.87,OK,44814.47,34980.71,9833.76,63,OK,Male,4.9,OK
BMW-4530,15-05-2025,CORRUPTED,2024,1,Q1,USA,USA,New York BMW,BMW 5 Series,Sedan,Diesel,Individual,Individual,USD,USD,1,70955.54,2.24,70955.54,OK,65096.83,47945.2,17151.63,35,OK,Prefer not to say,4.9,OK
BMW-1025,15-04-2025,CORRUPTED,2020,1,Q1,USA,USA,Beverly Hills BMW,BMW 5 Series,Sedan,Hybrid,Individual,Individual,USD,USD,1,68584.28,3.78,68584.28,OK,62921.35,47082,15839.35,39,OK,Prefer not to say,4.9,OK
BMW-5475,13-04-2025,CORRUPTED,2024,12,Q4,Germany,Germany,Hamburg Drive,BMW X5,SUV,Diesel,Individual,Individual,EUR,EUR,1,68434.4,2.33,68434.4,OK,68434.4,50449.16,17985.23,49,OK,Male,4.9,OK
BMW-5383,27-12-2024,CORRUPTED,2024,11,Q4,Germany,Germany,Hamburg Drive,BMW i4,Electric,Electric,Individual,Individual,EUR,EUR,1,63926.59,4.95,63926.59,OK,63926.59,48421.71,15504.89,59,OK,Male,4.9,OK
BMW-5193,24-12-2024,CORRUPTED,2024,8,Q3,Australia,Australia,Sydney BMW,BMW 2 Series,Coupe,Petrol,Individual,Individual,AUD,AUD,1,63807.85,3.9,63807.85,OK,38671.43,28973.55,9697.88,49,OK,Prefer not to say,4.9,OK
BMW-4106,22-12-2024,CORRUPTED,2023,8,Q3,Germany,Germany,AutohaUSA Berlin,BMW i4,Electric,Electric,Individual,Individual,EUR,EUR,1,63676.19,0.34,63676.19,OK,63676.19,46001.98,17674.21,57,OK,Prefer not to say,4.9,OK
BMW-3071,10-10-2024,CORRUPTED,2022,6,Q2,Australia,Australia,Melbourne Auto Group,BMW 2 Series,Coupe,Hybrid,Individual,Individual,AUD,AUD,1,61106.06,7.05,61106.06,OK,37033.97,28685.41,8348.57,53,OK,Prefer not to say,4.9,OK
BMW-2187,04-10-2024,CORRUPTED,2021,6,Q2,UK,UK,Manchester Prestige,BMW X5,SUV,Hybrid,Individual,Individual,GBP,GBP,1,60949.61,4.92,60949.61,OK,70871.64,53669.95,17201.69,38,OK,Male,4.9,OK
BMW-5245,16-08-2024,CORRUPTED,2024,9,Q3,USA,USA,Beverly Hills BMW,BMW X3,SUV,Hybrid,Individual,Individual,USD,USD,1,58916.76,7.81,58916.76,OK,54052.07,42212.91,11839.16,50,OK,Male,4.9,OK
BMW-2976,06-08-2024,CORRUPTED,2022,5,Q2,UK,UK,Edinburgh Motors,BMW X5,SUV,Petrol,Individual,Individual,GBP,GBP,1,58674.98,4.06,58674.98,OK,68226.72,51203.74,17022.98,28,OK,Female,4.9,OK
BMW-5316,05-06-2024,CORRUPTED,2024,10,Q4,USA,USA,Chicago Motors,BMW X3,SUV,Diesel,Individual,Individual,USD,USD,1,57233.7,5.83,57233.7,OK,52507.98,40145.64,12362.34,44,OK,Male,4.9,OK
BMW-4300,04-06-2024,CORRUPTED,2023,10,Q4,USA,USA,Chicago Motors,BMW X3,SUV,Petrol,Individual,Individual,USD,USD,1,57092.64,7.22,57092.64,OK,52378.57,40646.23,11732.34,29,OK,Female,4.9,OK
BMW-1993,27-05-2024,CORRUPTED,2021,3,Q1,USA,USA,Miami Auto Group,BMW X3,SUV,Diesel,Individual,Individual,USD,USD,1,56888.83,7.19,56888.83,OK,52191.59,40487.84,11703.75,65,OK,Male,4.9,OK
BMW-4437,11-04-2024,CORRUPTED,2023,12,Q4,Germany,Germany,Stuttgart Motors,BMW 5 Series,Sedan,Hybrid,individual,Individual,EUR,EUR,1,55258.02,7.27,55258.02,OK,55258.02,42906.04,12351.98,-5,BAD AGE,Prefer not to say,4.9,OK
BMW-5307,10-03-2024,CORRUPTED,2024,10,Q4,Germany,Germany,BMW Munich HQ,BMW 5 Series,Sedan,Hybrid,Individual,Individual,EUR,EUR,1,54191.88,2.01,54191.88,OK,54191.88,39818.91,14372.97,37,OK,Male,4.9,OK
BMW-4544,18-12-2023,CORRUPTED,2024,1,Q1,USA,USA,Beverly Hills BMW,BMW X3,SUV,Petrol,Individual,Individual,USD,USD,1,51109.69,7.44,51109.69,OK,46889.63,36474.17,10415.46,52,OK,Male,4.9,OK
BMW-2455,04-10-2023,CORRUPTED,2021,10,Q4,Germany,Germany,BMW Munich HQ,BMW X3,SUV,Hybrid,Lease,Lease,EUR,EUR,1,48095.87,5.2,48095.87,OK,48095.87,36529.08,11566.78,40,OK,Male,4.9,OK
BMW-2521,23-09-2023,CORRUPTED,2021,11,Q4,USA,USA,New York BMW,BMW 3 Series,Sedan,Hybrid,Individual,Individual,USD,USD,1,47661.54,5.04,47661.54,OK,43726.18,33153.85,10572.33,35,OK,Prefer not to say,4.9,OK
BMW-3122,21-09-2023,CORRUPTED,2022,7,Q3,UK,UK,Edinburgh Motors,BMW 5 Series,Sedan,Hybrid,Individual,Individual,Gbp,GBP,1,47553.88,3.53,47553.88,OK,55295.21,41267.67,14027.54,51,OK,Female,4.9,OK
BMW-3924,01-09-2023,CORRUPTED,2023,6,Q2,Germany,Germany,BMW Munich HQ,BMW 3 Series,Sedan,Diesel,Individual,Individual,EUR,EUR,1,46815.63,2.48,46815.63,OK,46815.63,34564,12251.63,68,OK,Female,4.9,OK
BMW-2292,28-08-2023,CORRUPTED,2021,8,Q3,Germany,Germany,Stuttgart Motors,BMW 3 Series,Sedan,Diesel,Corporate Fleet,Corporate Fleet,EUR,EUR,1,46747.69,2.91,46747.69,OK,46747.69,34665.74,12081.95,38,OK,Female,4.9,OK
BMW-4891,10-06-2023,CORRUPTED,2024,5,Q2,UK,UK,Edinburgh Motors,BMW X3,SUV,Diesel,individual,Individual,GBP,GBP,1,44071.43,6.48,44071.43,OK,51245.85,39454.96,11790.89,45,OK,Female,4.9,OK
BMW-3376,03-05-2023,CORRUPTED,2022,11,Q4,Germany,Germany,AutohaUSA Berlin,BMW 3 Series,Sedan,Petrol,Individual,Individual,EUR,EUR,1,42273.9,7.62,42273.9,OK,42273.9,32949.61,9324.28,40,OK,Prefer not to say,4.9,OK
BMW-3637,22-03-2023,CORRUPTED,2023,2,Q1,UK,UK,London BMW Centre,BMW 3 Series,Sedan,Hybrid,Individual,Individual,GBP,GBP,1,40444.23,3.28,40444.23,OK,47028.18,35008.13,12020.05,51,OK,Prefer not to say,4.9,OK
BMW-2454,23-02-2023,CORRUPTED,2021,10,Q4,Germany,Germany,BMW Munich HQ,BMW 2 Series,Coupe,Petrol,Corporate Fleet,Corporate Fleet,EUR,EUR,1,38828.18,6.69,38828.18,OK,38828.18,29960.99,8867.19,31,OK,Female,4.9,OK
BMW-3717,02-12-2022,CORRUPTED,2023,3,Q1,UK,UK,London BMW Centre,BMW 2 Series,Coupe,Hybrid,Individual,Individual,GBP,GBP,1,30094.64,5.07,30094.64,OK,34993.76,26541.21,8452.55,41,OK,Prefer not to say,4.9,OK
BMW-1871,31-10-2022,CORRUPTED,2021,1,Q1,UK,UK,Manchester Prestige,BMW X5,SUV,Petrol,lease,Lease,GBP,GBP,5,67556.12,0.07,3377.8061,OK,392768.15,282982.41,109785.74,67,OK,Male,4.9,OK
BMW-5069,28-10-2022,CORRUPTED,2024,7,Q3,UK,UK,London BMW Centre,BMW 3 Series,Sedan,Petrol,Corporate Fleet,Corporate Fleet,GBP,GBP,8,35162.56,0.46,2813.005,OK,327093.61,236606.45,90487.16,52,OK,Female,4.9,OK
BMW-1621,18-09-2022,CORRUPTED,2020,10,Q4,Germany,Germany,BMW Munich HQ,BMW X3,SUV,Petrol,Individual,Individual,EUR,EUR,1,54970.36,5.54,-54970.36,BAD REVENUE,54970.36,41899.89,13070.47,25,OK,Prefer not to say,4.9,OK
BMW-4918,10-02-2035,CORRUPTED,2024,5,Q2,India,India,Delhi Prestige Auto,BMW 7 Series,Sedan,Hybrid,Lease,Lease,INR,INR,8,8869815.91,1.02,70958527.3,OK,779764.04,567195.23,212568.81,60,OK,Male,5,OK
BMW-1733,23-01-2035,CORRUPTED,2020,11,Q4,India,India,Mumbai BMW,BMW i4,Electric,Electric,Government,Government,INR,INR,7,5843259.38,0.4,40902815.68,OK,449481.49,324925.83,124555.66,25,OK,Male,5,OK
BMW-5548,22-01-2035,CORRUPTED,2024,12,Q4,India,India,Delhi Prestige Auto,BMW 5 Series,Sedan,Hybrid,Corporate Fleet,Corporate Fleet,INR,INR,7,5699991.64,2.59,39899941.46,OK,438460.9,324096.43,114364.47,40,OK,Female,5,OK
BMW-4080,26-12-2034,CORRUPTED,2023,7,Q3,India,India,Bangalore Motors,BMW X3,SUV,Hybrid,Lease,Lease,INR,INR,6,4616645.28,2.49,27699871.66,OK,304394.19,224763.22,79630.97,0,BAD AGE,Male,5,OK
BMW-2074,26-11-2034,CORRUPTED,2021,4,Q2,India,India,Delhi Prestige Auto,BMW 5 Series,Sedan,Hybrid,Lease,Lease,INR,INR,4,4788753.47,5.05,19155013.87,OK,210494.66,159618.49,50876.17,26,OK,Prefer not to say,5,OK
BMW-2713,05-10-2034,CORRUPTED,2022,1,Q1,India,India,Mumbai BMW,BMW 3 Series,Sedan,Petrol,Lease,Lease,INR,INR,3,3512384.56,7.05,10537153.68,OK,115792.9,89694.4,26098.5,33,OK,Prefer not to say,5,OK
BMW-3759,04-10-2034,CORRUPTED,2023,3,Q1,South Africa,South Africa,Johannesburg Motors,BMW i4,Electric,Electric,lease,Lease,ZAR,ZAR,8,1312871.4,6.99,10502971.21,OK,525148.56,406516.26,118632.3,29,OK,Female,5,OK
BMW-1535,27-09-2034,CORRUPTED,2020,8,Q3,South Africa,South Africa,Cape Town BMW,BMW iX,Electric,Electric,Lease,Lease,ZAR,ZAR,6,1702747.21,5.21,10216483.25,OK,510824.16,387999.59,122824.57,33,OK,Prefer not to say,5,OK
BMW-4501,09-09-2034,CORRUPTED,2023,12,Q4,India,India,Bangalore Motors,BMW 7 Series,Sedan,Diesel,Individual,Individual,INR,INR,1,9001746.73,1.58,9001746.73,OK,98920.29,72366.49,26553.8,63,OK,Prefer not to say,5,OK
BMW-3824,29-08-2034,CORRUPTED,2023,4,Q2,India,India,Delhi Prestige Auto,BMW iX,Electric,Electric,individual,Individual,INR,INR,1,8612093.82,0.38,8612093.82,OK,94638.39,68401.57,26236.82,57,OK,Female,5,OK
BMW-1832,27-08-2034,CORRUPTED,2020,12,Q4,South Africa,South Africa,Johannesburg Motors,BMW 5 Series,Sedan,Diesel,Lease,Lease,ZAR,ZAR,8,1057562.81,6.12,8460502.49,OK,423025.12,324417.95,98607.17,27,OK,Prefer not to say,5,OK
BMW-1818,25-08-2034,CORRUPTED,2020,12,Q4,India,India,Bangalore Motors,BMW 7 Series,Sedan,Petrol,Corporate Fleet,Corporate Fleet,INR,INR,1,8359105.64,3.48,8359105.64,OK,91858.3,68519.18,23339.13,34,OK,Male,5,OK
BMW-5565,17-08-2034,CORRUPTED,2024,12,Q4,South Africa,South Africa,Cape Town BMW,BMW iX,Electric,Electric,Corporate Fleet,Corporate Fleet,ZAR,ZAR,5,1604449.92,7.34,8022249.58,OK,401112.48,311693.68,89418.8,53,OK,Female,5,OK
BMW-1250,07-07-2034,CORRUPTED,2020,4,Q2,India,India,Bangalore Motors,BMW X5,SUV,Diesel,Individual,Individual,INR,INR,1,6826837.67,2.19,6826837.67,OK,75020.19,55225.32,19794.87,53,OK,Male,5,OK
BMW-2435,30-05-2034,CORRUPTED,2021,9,Q3,South Africa,South Africa,Johannesburg Motors,BMW X3,SUV,Hybrid,Lease,Lease,ZAR,ZAR,6,980039.03,1.86,5880234.18,OK,294011.71,215706.76,78304.95,53,OK,Prefer not to say,5,OK
BMW-2212,08-05-2034,CORRUPTED,2021,6,Q2,India,India,Bangalore Motors,BMW 5 Series,Sedan,Petrol,Individual,Individual,INR,INR,1,5582454.8,2.65,5582454.8,OK,61345.66,45372.58,15973.08,37,OK,Male,5,OK
BMW-2067,07-05-2034,CORRUPTED,2021,4,Q2,China,China,Shenzhen Auto,BMW iX,Electric,Electric,lease,Lease,CNY,CNY,8,695665.02,5.46,5565320.17,OK,704470.91,536514.12,167956.79,51,OK,Female,5,OK
BMW-3582,19-04-2034,CORRUPTED,2023,1,Q1,India,India,Mumbai BMW,BMW 5 Series,Sedan,Hybrid,Lease,Lease,INR,INR,1,5184979.63,6.33,5184979.63,OK,56977.8,43797.78,13180.02,44,OK,Prefer not to say,5,OK
BMW-4513,06-03-2034,CORRUPTED,2023,12,Q4,South Africa,South Africa,Johannesburg Motors,BMW i7,Electric,Electric,Lease,Lease,ZAR,ZAR,2,2300673.36,0.06,4601346.71,OK,230067.34,165744.65,64322.69,68,OK,Male,5,OK
BMW-2707,03-03-2034,CORRUPTED,2022,1,Q1,China,China,Shanghai BMW,BMW iX,Electric,Electric,Corporate Fleet,Corporate Fleet,CNY,CNY,7,648995.85,3.54,4542970.93,OK,575059.61,429222.5,145837.11,30,OK,Female,5,OK
BMW-1252,26-02-2034,CORRUPTED,2020,4,Q2,India,India,Bangalore Motors,BMW X3,SUV,Petrol,individual,Individual,INR,INR,1,4456464.04,1.1,4456464.04,OK,48972.13,35650.34,13321.8,68,OK,Female,5,OK
BMW-1891,27-01-2034,CORRUPTED,2021,1,Q1,India,India,Delhi Prestige Auto,BMW 3 Series,Sedan,Diesel,Individual,Individual,INR,INR,1,4045597.64,0.25,4045597.64,OK,44457.12,32089.09,12368.03,68,OK,Male,5,OK
BMW-1944,20-12-2033,CORRUPTED,2021,2,Q1,China,China,Beijing Luxury Motors,BMW 5 Series,Sedan,Petrol,lease,Lease,CNY,CNY,7,515145.13,1.4,3606015.9,OK,456457.71,333329.27,123128.44,27,OK,Female,5,OK
BMW-1967,29-11-2033,CORRUPTED,2021,2,Q1,South Africa,South Africa,Johannesburg Motors,BMW X3,SUV,Hybrid,government,Government,ZAR,ZAR,3,1144659.75,3.1,3433979.24,OK,171698.96,127576.31,44122.66,59,OK,Female,5,OK
BMW-2726,01-11-2033,CORRUPTED,2022,1,Q1,South Africa,South Africa,Cape Town BMW,BMW 3 Series,Sedan,Hybrid,Government,Government,ZAR,ZAR,4,796022.12,5.33,3184088.47,OK,159204.42,121075.83,38128.59,56,OK,Male,5,OK
BMW-3811,12-10-2033,CORRUPTED,2023,4,Q2,China,China,Guangzhou BMW,BMW 5 Series,Sedan,Hybrid,Lease,Lease,CNY,CNY,6,491362.92,0.93,2948177.49,OK,373187.02,271215.46,101971.56,28,OK,Male,5,OK
BMW-4818,04-10-2033,CORRUPTED,2024,4,Q2,China,China,Beijing Luxury Motors,BMW i7,Electric,Electric,Corporate Fleet,Corporate Fleet,CNY,CNY,3,952139.91,4.8,2856419.73,OK,361572.12,273449.63,88122.48,64,OK,Prefer not to say,5,OK
BMW-3964,30-09-2033,CORRUPTED,2023,6,Q2,China,China,Shanghai BMW,BMW 3 Series,Sedan,Hybrid,government,Government,CNY,CNY,8,353417.4,2.54,2827339.22,OK,357891.04,264406.77,93484.27,28,OK,Prefer not to say,5,OK
BMW-2924,28-09-2033,CORRUPTED,2022,4,Q2,UAE,UAE,Abu Dhabi Motors,BMW iX,Electric,Electric,Government,Government,AED,AED,8,353149.07,2.99,2825192.59,OK,706298.15,524185.04,182113.1,38,OK,Male,5,OK
BMW-1243,23-09-2033,CORRUPTED,2020,4,Q2,China,China,Shenzhen Auto,BMW 3 Series,Sedan,Diesel,corporate fleet,Corporate Fleet,CNY,CNY,8,347652.93,3.49,2781223.42,OK,352053.6,262642.21,89411.39,70,OK,Female,5,OK
BMW-1942,20-09-2033,CORRUPTED,2021,2,Q1,China,China,Guangzhou BMW,BMW 3 Series,Sedan,Petrol,Lease,Lease,CNY,CNY,8,341153.51,2.63,2729228.11,OK,345471.91,255447.48,90024.43,54,OK,Female,5,OK
BMW-2196,17-08-2033,CORRUPTED,2021,6,Q2,China,China,Beijing Luxury Motors,BMW 3 Series,Sedan,Petrol,Corporate Fleet,Corporate Fleet,CNY,CNY,8,309274.4,6.87,2474195.23,OK,313189.27,242138.17,71051.1,25,OK,Prefer not to say,5,OK
BMW-3734,15-08-2033,CORRUPTED,2023,3,Q1,China,China,Shanghai BMW,BMW X5,SUV,Diesel,Corporate Fleet,Corporate Fleet,CNY,CNY,4,615664.32,0.66,2462657.3,OK,311728.77,225931.04,85797.73,27,OK,Female,5,OK
BMW-5555,08-08-2033,CORRUPTED,2024,12,Q4,UAE,UAE,Dubai BMW,BMW iX,Electric,Electric,lease,Lease,AED,AED,7,346164.92,7.18,2423154.46,OK,605788.61,469918.23,135870.38,32,OK,Male,5,OK
BMW-2939,19-07-2033,CORRUPTED,2022,4,Q2,South Africa,South Africa,Cape Town BMW,BMW 2 Series,Coupe,Petrol,Corporate Fleet,Corporate Fleet,ZAR,ZAR,3,755726,3.75,2267178,OK,113358.9,84801.36,28557.54,32,OK,Female,5,OK
BMW-1390,07-07-2033,CORRUPTED,2020,6,Q2,UAE,UAE,Dubai BMW,BMW M3,M Sport,Diesel,corporate fleet,Corporate Fleet,AED,AED,7,317413.17,2.99,2221892.17,OK,555473.04,412250.45,143222.59,64,OK,Male,5,OK
BMW-4677,25-06-2033,CORRUPTED,2024,2,Q1,UAE,UAE,Abu Dhabi Motors,BMW X5,SUV,Diesel,Government,Government,AED,AED,7,308190.79,6.65,2157335.5,OK,539333.88,415977.37,123356.5,25,OK,Male,5,OK
BMW-1170,23-06-2033,CORRUPTED,2020,3,Q1,China,China,Beijing Luxury Motors,BMW X3,SUV,Petrol,Lease,Lease,CNY,CNY,5,430257.62,0.86,2151288.08,OK,272314.95,197762.33,74552.62,66,OK,Male,5,OK
BMW-3509,14-04-2033,CORRUPTED,2022,12,Q4,UAE,UAE,Abu Dhabi Motors,BMW i4,Electric,Electric,Corporate Fleet,Corporate Fleet,AED,AED,7,259455.81,2.72,1816190.69,OK,454047.67,336062.62,117985.05,35,OK,Prefer not to say,5,OK
BMW-2217,08-04-2033,CORRUPTED,2021,6,Q2,UAE,UAE,Dubai BMW,BMW X3,SUV,Petrol,Corporate Fleet,Corporate Fleet,AED,AED,8,225778.33,3.07,1806226.66,OK,451556.67,335408.37,116148.3,44,OK,Prefer not to say,5,OK
BMW-3756,06-04-2033,CORRUPTED,2023,3,Q1,South Africa,South Africa,Johannesburg Motors,BMW iX,Electric,Electric,Individual,Individual,ZAR,ZAR,1,1798206.61,2.62,1798206.61,OK,89910.33,66474.29,23436.04,45,OK,Female,5,OK
BMW-3660,05-04-2033,CORRUPTED,2023,2,Q1,UAE,UAE,Abu Dhabi Motors,BMW 5 Series,Sedan,Petrol,Corporate Fleet,Corporate Fleet,AED,AED,8,224261.97,7.4,1794095.74,OK,448523.94,348732.95,99790.99,25,OK,Male,5,OK
BMW-1751,31-03-2033,CORRUPTED,2020,11,Q4,South Africa,South Africa,Johannesburg Motors,BMW iX,Electric,Electric,Individual,Individual,ZAR,ZAR,1,1778198.21,4.13,1778198.21,OK,88909.91,66775.35,22134.56,65,OK,Male,5,OK
BMW-5081,24-03-2033,CORRUPTED,2024,7,Q3,China,China,Beijing Luxury Motors,BMW 3 Series,Sedan,Hybrid,Corporate Fleet,Corporate Fleet,CNY,CNY,5,351147.35,3.33,1755736.77,OK,222245.16,165522.3,56722.86,39,OK,Male,5,OK
BMW-4322,09-03-2033,CORRUPTED,2023,10,Q4,UAE,UAE,Dubai BMW,BMW X5,SUV,Diesel,Corporate Fleet,Corporate Fleet,AED,AED,6,284916.04,1.87,1709496.26,OK,427374.07,313568.78,113805.29,56,OK,Female,5,OK
BMW-2155,25-02-2033,CORRUPTED,2021,5,Q2,South Africa,South Africa,Johannesburg Motors,BMW M3,M Sport,Hybrid,Individual,Individual,ZAR,ZAR,1,1661484.72,3.32,1661484.72,OK,83074.24,61869.72,21204.52,53,OK,Female,5,OK
BMW-4563,19-02-2033,CORRUPTED,2024,1,Q1,China,China,Shanghai BMW,BMW X5,SUV,Hybrid,Corporate Fleet,Corporate Fleet,CNY,CNY,3,549059.36,7.75,1647178.09,OK,208503.56,162733.25,45770.3,25,OK,Prefer not to say,5,OK
BMW-1166,17-02-2033,CORRUPTED,2020,3,Q1,China,China,Beijing Luxury Motors,BMW 3 Series,Sedan,Hybrid,Government,Government,CNY,CNY,5,326952.1,2.96,1634760.48,OK,206931.71,153541.46,53390.25,36,OK,Male,5,OK
BMW-5268,04-02-2033,CORRUPTED,2024,9,Q3,China,China,Shenzhen Auto,BMW i4,Electric,Electric,Corporate Fleet,Corporate Fleet,CNY,CNY,3,524404.59,3.52,1573213.76,OK,199140.98,148615.37,50525.61,47,OK,Female,5,OK
BMW-1533,23-01-2033,CORRUPTED,2020,8,Q3,South Africa,South Africa,Johannesburg Motors,BMW M3,M Sport,Petrol,Individual,Individual,ZAR,ZAR,1,1526700.51,3.67,1526700.51,OK,76335.03,57053.01,19282.01,29,OK,Female,5,OK
BMW-4837,22-01-2033,CORRUPTED,2024,4,Q2,UAE,UAE,Dubai BMW,BMW 5 Series,Sedan,Hybrid,Corporate Fleet,Corporate Fleet,AED,AED,6,254408.44,2.77,1526450.61,OK,381612.65,282592.29,99020.36,60,OK,Male,5,OK
BMW-3064,26-12-2032,CORRUPTED,2022,6,Q2,UAE,UAE,Dubai BMW,BMW X3,SUV,Petrol,Lease,Lease,AED,AED,7,202636.3,5.18,1418454.11,OK,354613.53,269263.61,85349.92,34,OK,Female,5,OK
BMW-1593,18-12-2032,CORRUPTED,2020,9,Q3,UAE,UAE,Abu Dhabi Motors,BMW 5 Series,Sedan,Hybrid,Lease,Lease,AED,AED,6,234277.03,2.54,1405662.18,OK,351415.54,259601.58,91813.97,60,OK,Prefer not to say,5,OK
BMW-3215,14-11-2032,CORRUPTED,2022,8,Q3,UAE,UAE,Abu Dhabi Motors,BMW 3 Series,Sedan,Petrol,corporate fleet,Corporate Fleet,AED,AED,7,184852.38,0.92,1293966.66,OK,323491.66,235076.91,88414.75,27,OK,Female,5,OK
BMW-3839,01-11-2032,CORRUPTED,2023,4,Q2,South Africa,South Africa,Cape Town BMW,BMW X5,SUV,Diesel,individual,Individual,ZAR,ZAR,1,1273631.6,7.4,1273631.6,OK,63681.58,49513.76,14167.82,69,OK,Prefer not to say,5,OK
BMW-2728,16-10-2032,CORRUPTED,2022,1,Q1,South Africa,South Africa,Johannesburg Motors,BMW 5 Series,Sedan,Petrol,individual,Individual,ZAR,ZAR,1,1229809.7,0.68,1229809.7,OK,61490.49,44577.71,16912.77,70,OK,Male,5,OK
BMW-4335,19-09-2032,CORRUPTED,2023,10,Q4,South Africa,South Africa,Cape Town BMW,BMW 5 Series,Sedan,Hybrid,Individual,Individual,ZAR,ZAR,1,1120133.01,0.9,1120133.01,OK,56006.65,40691.66,15314.99,56,OK,Male,5,OK
BMW-5378,03-09-2032,CORRUPTED,2024,10,Q4,South Africa,South Africa,Cape Town BMW,BMW 5 Series,Sedan,Hybrid,Corporate Fleet,Corporate Fleet,ZAR,ZAR,1,1071796.46,3.16,1071796.46,OK,53589.82,39845.45,13744.37,56,OK,Female,5,OK
BMW-2996,29-08-2032,CORRUPTED,2022,5,Q2,China,China,Shanghai BMW,BMW X5,SUV,Diesel,corporate fleet,Corporate Fleet,CNY,CNY,2,527404.08,5.52,1054808.15,OK,133520.02,101756.44,31763.58,51,OK,Male,5,OK
BMW-3076,18-08-2032,CORRUPTED,2022,6,Q2,South Africa,South Africa,Johannesburg Motors,BMW X3,SUV,Diesel,Individual,Individual,ZAR,ZAR,1,1032435.24,0.98,1032435.24,OK,51621.76,37533.66,14088.1,0,BAD AGE,Female,5,OK
BMW-1880,07-08-2032,CORRUPTED,2021,1,Q1,China,China,Shenzhen Auto,BMW i7,Electric,Electric,Individual,Individual,CNY,CNY,1,1007726.62,1.25,1007726.62,OK,127560.33,93007.72,34552.61,35,OK,Male,5,OK
BMW-1648,17-07-2032,CORRUPTED,2020,10,Q4,China,China,Guangzhou BMW,BMW i7,Electric,Electric,Individual,Individual,CNY,CNY,1,972438.64,0.32,972438.64,OK,123093.5,88907.98,34185.52,66,OK,Female,5,OK
BMW-4053,14-06-2032,CORRUPTED,2023,7,Q3,China,China,Beijing Luxury Motors,BMW i7,Electric,Electric,Individual,Individual,CNY,CNY,1,933293.77,3.35,933293.77,OK,118138.45,88005.18,30133.28,36,OK,Female,5,OK
BMW-5028,06-06-2032,CORRUPTED,2024,6,Q2,South Africa,South Africa,Johannesburg Motors,BMW 3 Series,Sedan,Petrol,individual,Individual,ZAR,ZAR,1,923120.78,0.1,923120.78,OK,46156.04,33264.65,12891.39,49,OK,Male,5,OK
BMW-4309,05-05-2032,CORRUPTED,2023,10,Q4,China,China,Beijing Luxury Motors,BMW M5,M Sport,Petrol,Individual,Individual,CNY,CNY,1,878696.94,3.81,878696.94,OK,111227.46,83253.34,27974.12,70,OK,Male,5,OK
BMW-1623,19-04-2032,CORRUPTED,2020,10,Q4,USA,USA,Miami Auto Group,BMW 7 Series,Sedan,Diesel,Corporate Fleet,Corporate Fleet,USD,USD,8,107346.79,6.58,858774.34,OK,787866.37,607214.74,180651.62,50,OK,Prefer not to say,5,OK
BMW-3415,15-04-2032,CORRUPTED,2022,11,Q4,China,China,Guangzhou BMW,BMW X7,SUV,Diesel,Individual,Individual,CNY,CNY,1,850660.8,3.54,850660.8,OK,107678.58,80376.73,27301.86,38,OK,Prefer not to say,5,OK
BMW-5360,07-04-2032,CORRUPTED,2024,10,Q4,China,China,Beijing Luxury Motors,BMW X7,SUV,Diesel,Individual,Individual,CNY,CNY,1,843576.39,0.85,843576.39,OK,106781.82,77538.22,29243.6,50,OK,Prefer not to say,5,OK
BMW-3364,01-04-2032,CORRUPTED,2022,10,Q4,Australia,Australia,Sydney BMW,BMW i7,Electric,Electric,Corporate Fleet,Corporate Fleet,AUD,AUD,4,208560.22,7.31,834240.88,OK,505600.53,392735.98,112864.55,42,OK,Female,5,OK
BMW-4825,27-03-2032,CORRUPTED,2024,4,Q2,China,China,Shanghai BMW,BMW M5,M Sport,Petrol,Individual,Individual,CNY,CNY,1,828963.28,7.53,828963.28,OK,104932.06,81704.49,23227.58,40,OK,Male,5,OK
BMW-1729,25-03-2032,CORRUPTED,2020,11,Q4,China,China,Shenzhen Auto,BMW 5 Series,Sedan,Petrol,lease,Lease,CNY,CNY,2,413293.63,7.66,826587.26,OK,104631.3,81586.93,23044.37,70,OK,Male,5,OK
BMW-3367,17-03-2032,CORRUPTED,2022,10,Q4,South Africa,South Africa,Cape Town BMW,BMW 3 Series,Sedan,Diesel,Individual,Individual,ZAR,ZAR,1,809243.26,2.03,809243.26,OK,40462.16,29735.7,10726.47,55,OK,Female,5,OK
BMW-1504,11-03-2032,CORRUPTED,2020,8,Q3,China,China,Guangzhou BMW,BMW 7 Series,Sedan,Diesel,Individual,Individual,CNY,CNY,1,805188.72,0.52,805188.72,OK,101922.62,73767.01,28155.61,36,OK,Female,5,OK
BMW-5563,13-02-2032,CORRUPTED,2024,12,Q4,Australia,Australia,Sydney BMW,BMW i4,Electric,Electric,Corporate Fleet,Corporate Fleet,AUD,AUD,8,97826.75,6.25,782614.03,OK,474311.53,364264.83,110046.71,39,OK,Prefer not to say,5,OK
BMW-1513,11-02-2032,CORRUPTED,2020,8,Q3,China,China,Guangzhou BMW,BMW X7,SUV,Petrol,Individual,Individual,CNY,CNY,1,781577.3,6.29,781577.3,OK,98933.84,76009.73,22924.1,61,OK,Prefer not to say,5,OK
BMW-2083,20-01-2032,CORRUPTED,2021,4,Q2,Australia,Australia,Melbourne Auto Group,BMW i4,Electric,Electric,Corporate Fleet,Corporate Fleet,AUD,AUD,7,108063,1.08,756441,OK,458449.09,333675.73,124773.36,63,OK,Female,5,OK
BMW-1885,16-12-2031,CORRUPTED,2021,1,Q1,China,China,Guangzhou BMW,BMW iX,Electric,Electric,individual,Individual,CNY,CNY,1,725494.13,5.28,725494.13,OK,91834.7,69803.9,22030.8,69,OK,Male,5,OK
BMW-4390,02-12-2031,CORRUPTED,2023,11,Q4,China,China,Shenzhen Auto,BMW iX,Electric,Electric,individual,Individual,CNY,CNY,1,718199.38,7.1,718199.38,OK,90911.31,70457.45,20453.87,54,OK,Male,5,OK
BMW-3011,23-10-2031,CORRUPTED,2022,5,Q2,South Africa,South Africa,Cape Town BMW,BMW 2 Series,Coupe,Hybrid,individual,Individual,ZAR,ZAR,1,690996.33,6.14,690996.33,OK,34549.82,26504.49,8045.32,0,BAD AGE,Prefer not to say,5,OK
BMW-1945,15-10-2031,CORRUPTED,2021,2,Q1,China,China,Shanghai BMW,BMW iX,Electric,Electric,individual,Individual,CNY,CNY,1,683089.14,5.16,683089.14,OK,86466.98,65642.02,20824.96,69,OK,Male,5,OK
BMW-1216,25-09-2031,CORRUPTED,2020,4,Q2,Germany,Germany,BMW Munich HQ,BMW iX,Electric,Electric,corporate fleet,Corporate Fleet,EUR,EUR,7,95193.08,3.61,666351.59,OK,666351.59,497724.66,168626.94,35,OK,Male,5,OK
BMW-3383,17-08-2031,CORRUPTED,2022,11,Q4,USA,USA,Beverly Hills BMW,BMW X5,SUV,Petrol,Corporate Fleet,Corporate Fleet,USD,USD,8,80226.07,2.96,641808.58,OK,588815.21,436878.52,151936.69,43,OK,Male,5,OK
BMW-2626,14-08-2031,CORRUPTED,2021,12,Q4,China,China,Guangzhou BMW,BMW X5,SUV,Petrol,lease,Lease,CNY,CNY,1,640101.42,0.76,640101.42,OK,81025.5,58784.41,22241.09,66,OK,Male,5,OK
BMW-1257,22-07-2031,CORRUPTED,2020,4,Q2,UAE,UAE,Abu Dhabi Motors,BMW X3,SUV,Petrol,Lease,Lease,AED,AED,3,208330.14,7.49,624990.43,OK,156247.61,121612.71,34634.9,66,OK,Male,5,OK
BMW-1080,13-07-2031,CORRUPTED,2020,2,Q1,Germany,Germany,BMW Munich HQ,BMW M3,M Sport,Petrol,corporate fleet,Corporate Fleet,EUR,EUR,8,77381.24,4.98,619049.88,OK,619049.88,469091.32,149958.57,28,OK,Female,5,OK
BMW-1878,18-06-2031,CORRUPTED,2021,1,Q1,China,China,Shanghai BMW,BMW X5,SUV,Hybrid,Individual,Individual,CNY,CNY,1,604610.48,6.07,604610.48,OK,76532.97,58664.51,17868.46,67,OK,Prefer not to say,5,OK
BMW-3574,16-06-2031,CORRUPTED,2023,1,Q1,China,China,Beijing Luxury Motors,BMW M3,M Sport,Petrol,Individual,Individual,CNY,CNY,1,604283,2.12,604283,OK,76491.52,56264.66,20226.86,66,OK,Male,5,OK
BMW-3645,17-05-2031,CORRUPTED,2023,2,Q1,China,China,Shenzhen Auto,BMW X5,SUV,Hybrid,individual,Individual,CNY,CNY,1,590511.28,3.98,590511.28,OK,74748.26,56047.3,18700.97,63,OK,Female,5,OK
BMW-2338,16-05-2031,CORRUPTED,2021,8,Q3,China,China,Beijing Luxury Motors,BMW X5,SUV,Hybrid,Individual,Individual,CNY,CNY,1,589803.6,3.65,589803.6,OK,74658.68,55787.83,18870.86,45,OK,Male,5,OK
BMW-2204,03-05-2031,CORRUPTED,2021,6,Q2,China,China,Guangzhou BMW,BMW X5,SUV,Petrol,individual,Individual,CNY,CNY,1,582818.07,2.5,582818.07,OK,73774.44,54478.2,19296.24,61,OK,Prefer not to say,5,OK
BMW-2090,26-04-2031,CORRUPTED,2021,5,Q2,Germany,Germany,Hamburg Drive,BMW X5,SUV,Diesel,Lease,Lease,EUR,EUR,8,72370.92,0.77,578967.39,OK,578967.39,420104.6,158862.79,34,OK,Prefer not to say,5,OK
BMW-2410,24-03-2031,CORRUPTED,2021,9,Q3,China,China,Beijing Luxury Motors,BMW X5,SUV,Diesel,Individual,Individual,CNY,CNY,1,563094.87,6.94,563094.87,OK,71277.83,55149.53,16128.3,34,OK,Prefer not to say,5,OK
BMW-2030,10-03-2031,CORRUPTED,2021,4,Q2,Germany,Germany,Hamburg Drive,BMW X5,SUV,Hybrid,Corporate Fleet,Corporate Fleet,EUR,EUR,8,69740.33,1.37,557922.67,OK,557922.67,407273.75,150648.91,60,OK,Male,5,OK
BMW-5050,04-03-2031,CORRUPTED,2024,7,Q3,USA,USA,Beverly Hills BMW,BMW X5,SUV,Hybrid,Corporate Fleet,Corporate Fleet,USD,USD,7,79280.64,7.48,554964.46,OK,509141.71,396220.74,112920.97,51,OK,Female,5,OK
BMW-2984,10-02-2031,CORRUPTED,2022,5,Q2,China,China,Guangzhou BMW,BMW X5,SUV,Petrol,Individual,Individual,CNY,CNY,1,535310.37,0.96,535310.37,OK,67760.81,49261.32,18499.49,64,OK,Female,5,OK
BMW-3272,05-02-2031,CORRUPTED,2022,9,Q3,China,China,Shenzhen Auto,BMW i4,Electric,Electric,individual,Individual,CNY,CNY,1,531508.61,2.97,531508.61,OK,67279.57,49924.91,17354.66,57,OK,Male,5,OK
BMW-3416,28-01-2031,CORRUPTED,2022,11,Q4,China,China,Shanghai BMW,BMW i4,Electric,Electric,Individual,Individual,CNY,CNY,1,528437.48,3.81,528437.48,OK,66890.82,50069.39,16821.43,59,OK,Female,5,OK
BMW-5141,18-01-2031,CORRUPTED,2024,8,Q3,USA,USA,Chicago Motors,BMW 5 Series,Sedan,Petrol,corporate fleet,Corporate Fleet,USD,USD,8,65679.74,2,525437.89,OK,482053.11,354175.96,127877.14,-5,BAD AGE,Female,5,OK
BMW-3167,10-12-2030,CORRUPTED,2022,8,Q3,USA,USA,Dallas BMW,BMW 5 Series,Sedan,Diesel,Lease,Lease,USD,USD,8,63317.6,3.18,506540.8,OK,464716.33,345602.14,119114.19,66,OK,Prefer not to say,5,OK
BMW-3285,09-12-2030,CORRUPTED,2022,9,Q3,UAE,UAE,Dubai BMW,BMW i7,Electric,Electric,Individual,Individual,AED,AED,1,506195.77,4.03,506195.77,OK,126548.94,94937.17,31611.77,54,OK,Female,5,OK
BMW-1596,22-11-2030,CORRUPTED,2020,9,Q3,Australia,Australia,Melbourne Auto Group,BMW 3 Series,Sedan,Hybrid,Corporate Fleet,Corporate Fleet,AUD,AUD,7,71409.11,5.95,499863.74,OK,302947.72,231918.62,71029.1,59,OK,Female,5,OK
BMW-1085,02-11-2030,CORRUPTED,2020,2,Q1,USA,USA,Beverly Hills BMW,BMW 5 Series,Sedan,Petrol,Corporate Fleet,Corporate Fleet,USD,USD,8,61471.08,1.25,491768.6,OK,451163.85,328954.83,122209.02,41,OK,Female,5,OK
BMW-1089,15-10-2030,CORRUPTED,2020,2,Q1,USA,USA,Dallas BMW,BMW i4,Electric,Electric,Corporate Fleet,Corporate Fleet,USD,USD,7,68801.11,2.85,481607.77,OK,441841.99,327451.33,114390.66,48,OK,Male,5,OK
BMW-4391,05-10-2030,CORRUPTED,2023,11,Q4,China,China,Guangzhou BMW,BMW 5 Series,Sedan,Diesel,Individual,Individual,CNY,CNY,1,477735.22,6.29,477735.22,OK,60472.81,46463.18,14009.63,34,OK,Male,5,OK
BMW-2565,02-10-2030,CORRUPTED,2021,11,Q4,China,China,Beijing Luxury Motors,BMW i4,Electric,Electric,individual,Individual,CNY,CNY,1,477072,5.19,477072,OK,60388.86,45858.21,14530.65,27,OK,Female,5,OK
BMW-3161,23-09-2030,CORRUPTED,2022,8,Q3,Germany,Germany,Stuttgart Motors,BMW X5,SUV,Hybrid,Corporate Fleet,Corporate Fleet,eur,EUR,6,79154.54,2.01,474927.23,OK,474927.23,348977.83,125949.41,35,OK,Female,5,OK
BMW-3843,01-09-2030,CORRUPTED,2023,5,Q2,Germany,Germany,Hamburg Drive,BMW X5,SUV,Hybrid,Corporate Fleet,Corporate Fleet,EUR,EUR,6,77662.96,3.77,465977.74,OK,465977.74,348651.43,117326.31,31,OK,Female,5,OK
BMW-3193,06-08-2030,CORRUPTED,2022,8,Q3,UK,UK,Manchester Prestige,BMW X5,SUV,Diesel,Corporate Fleet,Corporate Fleet,GBP,GBP,7,65211.92,4.95,456483.42,OK,530794.68,402061.21,128733.46,67,OK,Female,5,OK
BMW-5394,30-07-2030,CORRUPTED,2024,11,Q4,Germany,Germany,Stuttgart Motors,BMW X3,SUV,Petrol,Corporate Fleet,Corporate Fleet,EUR,EUR,8,56639.96,4.85,453119.68,OK,453119.68,342866.99,110252.68,54,OK,Female,5,OK
BMW-4612,29-07-2030,CORRUPTED,2024,2,Q1,Germany,Germany,Hamburg Drive,BMW iX,Electric,Electric,Corporate Fleet,Corporate Fleet,eur,EUR,5,90546.35,0.69,452731.76,OK,452731.76,328240.58,124491.17,25,OK,Prefer not to say,5,OK
BMW-5272,14-07-2030,CORRUPTED,2024,9,Q3,China,China,Shenzhen Auto,BMW X3,SUV,Petrol,individual,Individual,CNY,CNY,1,447621.91,0.7,447621.91,OK,56661,41083.34,15577.66,68,OK,Prefer not to say,5,OK
BMW-4377,04-07-2030,CORRUPTED,2023,11,Q4,China,China,Shenzhen Auto,BMW 5 Series,Sedan,Petrol,Individual,Individual,CNY,CNY,1,443047.81,2.67,443047.81,OK,56082,41488.43,14593.57,36,OK,Female,5,OK
BMW-3450,05-06-2030,CORRUPTED,2022,12,Q4,Germany,Germany,BMW Munich HQ,BMW i4,Electric,Electric,corporate fleet,Corporate Fleet,EUR,EUR,6,72588.54,2.48,435531.21,OK,435531.21,321572.94,113958.27,60,OK,Prefer not to say,5,OK
BMW-4737,26-05-2030,CORRUPTED,2024,3,Q1,China,China,Guangzhou BMW,BMW 5 Series,Sedan,Petrol,Individual,Individual,CNY,CNY,1,432045.77,0.78,432045.77,OK,54689.34,39686.41,15002.93,56,OK,Male,5,OK
BMW-4308,25-05-2030,CORRUPTED,2023,10,Q4,China,China,Guangzhou BMW,BMW X3,SUV,Petrol,Individual,Individual,CNY,CNY,1,431708.02,3.51,431708.02,OK,54646.58,40775.72,13870.86,66,OK,Female,5,OK
BMW-1730,04-05-2030,CORRUPTED,2020,11,Q4,China,China,Guangzhou BMW,BMW X3,SUV,Petrol,Individual,Individual,CNY,CNY,1,425382.63,1.94,425382.63,OK,53845.9,39534.09,14311.81,54,OK,Prefer not to say,5,OK
BMW-1095,28-03-2030,CORRUPTED,2020,2,Q1,USA,USA,Miami Auto Group,BMW X5,SUV,Diesel,Corporate Fleet,Corporate Fleet,USD,USD,5,83362.29,5.27,416811.45,OK,382395.82,290640.43,91755.39,69,OK,Female,5,OK
BMW-4430,06-03-2030,CORRUPTED,2023,12,Q4,Germany,Germany,AutohaUSA Berlin,BMW X3,SUV,Petrol,Corporate Fleet,Corporate Fleet,EUR,EUR,8,51529.36,1.36,412234.88,OK,412234.88,300893.1,111341.78,54,OK,Prefer not to say,5,OK
BMW-4840,05-03-2030,CORRUPTED,2024,4,Q2,Australia,Australia,Melbourne Auto Group,BMW 3 Series,Sedan,Petrol,corporate fleet,Corporate Fleet,AUD,AUD,6,68490.65,2.19,410943.92,OK,249056.92,183327.85,65729.07,33,OK,Male,5,OK
BMW-2975,03-03-2030,CORRUPTED,2022,5,Q2,UK,UK,Edinburgh Motors,BMW M5,M Sport,Hybrid,Corporate Fleet,Corporate Fleet,GBP,GBP,4,102600.05,3.6,410400.2,OK,477209.53,356410.2,120799.34,70,OK,Male,5,OK
BMW-1379,02-03-2030,CORRUPTED,2020,6,Q2,China,China,Guangzhou BMW,BMW X3,SUV,Diesel,Individual,Individual,CNY,CNY,1,410365.81,6.95,410365.81,OK,51945.04,40194.44,11750.6,59,OK,Prefer not to say,5,OK
BMW-1946,13-12-2029,CORRUPTED,2021,2,Q1,China,China,Beijing Luxury Motors,BMW X3,SUV,Petrol,Individual,Individual,CNY,CNY,1,391053.15,4.42,391053.15,OK,49500.4,37288.94,12211.46,51,OK,Male,5,OK
BMW-1334,01-12-2029,CORRUPTED,2020,6,Q2,Germany,Germany,BMW Munich HQ,BMW 7 Series,Sedan,Petrol,Lease,Lease,EUR,EUR,4,96753.26,1.06,387013.06,OK,387013.06,281639.64,105373.41,38,OK,Female,5,OK
BMW-1689,19-11-2029,CORRUPTED,2020,11,Q4,USA,USA,Dallas BMW,BMW i7,Electric,Electric,Lease,Lease,USD,USD,3,127597.93,5.06,382793.79,OK,351186.96,266335.71,84851.25,999,BAD AGE,Female,5,OK
BMW-4873,12-11-2029,CORRUPTED,2024,5,Q2,USA,USA,Dallas BMW,BMW M5,M Sport,Diesel,Lease,Lease,USD,USD,3,126587.72,5.79,379763.17,OK,348406.57,266269.67,82136.9,0,BAD AGE,Female,5,OK
BMW-1395,24-10-2029,CORRUPTED,2020,6,Q2,Australia,Australia,Melbourne Auto Group,BMW M5,M Sport,Hybrid,lease,Lease,AUD,AUD,2,187578.72,0.06,375157.43,OK,227368.14,163804.17,63563.97,33,OK,Female,5,OK
BMW-5154,29-09-2029,CORRUPTED,2024,8,Q3,USA,USA,Miami Auto Group,BMW 5 Series,Sedan,Diesel,Corporate Fleet,Corporate Fleet,USD,USD,6,61230.81,0.43,367384.87,OK,337050.34,243717.73,93332.61,46,OK,Male,5,OK
BMW-4382,23-09-2029,CORRUPTED,2023,11,Q4,China,China,Beijing Luxury Motors,BMW X3,SUV,Petrol,Individual,Individual,CNY,CNY,1,366056.09,7.67,366056.09,OK,46336.21,36132.26,10203.96,46,OK,Male,5,OK
BMW-2098,13-09-2029,CORRUPTED,2021,5,Q2,Germany,Germany,Hamburg Drive,BMW 3 Series,Sedan,Hybrid,Lease,Lease,eur,EUR,8,45485.44,1.49,363883.51,OK,363883.51,265967.34,97916.17,65,OK,Female,5,OK
BMW-1618,12-09-2029,CORRUPTED,2020,10,Q4,Germany,Germany,Hamburg Drive,BMW i7,Electric,Electric,Corporate Fleet,Corporate Fleet,EUR,EUR,3,121198.98,2.36,363596.93,OK,363596.93,268118.26,95478.68,54,OK,Prefer not to say,5,OK
BMW-2846,31-08-2029,CORRUPTED,2022,3,Q1,UAE,UAE,Abu Dhabi Motors,BMW iX,Electric,Electric,Individual,Individual,AED,AED,1,360314.69,1.46,360314.69,OK,90078.67,65818.25,24260.42,41,OK,Prefer not to say,5,OK
BMW-5390,13-08-2029,CORRUPTED,2024,11,Q4,Germany,Germany,BMW Munich HQ,BMW 5 Series,Sedan,Petrol,Lease,Lease,EUR,EUR,6,59367.75,5.47,356206.49,OK,356206.49,271296.85,84909.64,40,OK,Male,5,OK
BMW-2457,27-07-2029,CORRUPTED,2021,10,Q4,USA,USA,Miami Auto Group,BMW iX,Electric,Electric,Lease,Lease,USD,USD,4,88021.2,3.42,352084.8,OK,323013.58,240793.25,82220.33,55,OK,Prefer not to say,5,OK
BMW-3560,15-06-2029,CORRUPTED,2023,1,Q1,China,China,Shenzhen Auto,BMW 3 Series,Sedan,Diesel,Corporate Fleet,Corporate Fleet,CNY,CNY,1,343217.68,0.85,343217.68,OK,43445.28,31549.35,11895.92,48,OK,Male,5,OK
BMW-5483,28-05-2029,CORRUPTED,2024,12,Q4,Germany,Germany,BMW Munich HQ,BMW M3,M Sport,Diesel,Corporate Fleet,Corporate Fleet,EUR,EUR,4,84990.45,1.72,339961.79,OK,339961.79,249061.71,90900.09,30,OK,Female,5,OK
BMW-2106,20-05-2029,CORRUPTED,2021,5,Q2,USA,USA,Beverly Hills BMW,BMW X7,SUV,Diesel,Corporate Fleet,Corporate Fleet,USD,USD,3,112844.29,6.48,338532.87,OK,310580.61,239110.99,71469.63,65,OK,Female,5,OK
BMW-4690,28-04-2029,CORRUPTED,2024,3,Q1,Germany,Germany,Stuttgart Motors,BMW 2 Series,Coupe,Diesel,Lease,Lease,EUR,EUR,8,41653.78,4.11,333230.27,OK,333230.27,250221.44,83008.84,36,OK,Prefer not to say,5,OK
BMW-3861,22-04-2029,CORRUPTED,2023,5,Q2,USA,USA,New York BMW,BMW 3 Series,Sedan,Petrol,Government,Government,USD,USD,7,47344.12,3.32,331408.84,OK,304044.81,226420.75,77624.06,68,OK,Prefer not to say,5,OK
BMW-3739,17-04-2029,CORRUPTED,2023,3,Q1,China,China,Shenzhen Auto,BMW 2 Series,Coupe,Hybrid,Individual,Individual,CNY,CNY,1,329829.73,2.91,329829.73,OK,41750.6,30959.98,10790.62,41,OK,Female,5,OK
BMW-2089,17-03-2029,CORRUPTED,2021,5,Q2,Germany,Germany,Stuttgart Motors,BMW i4,Electric,Electric,Corporate Fleet,Corporate Fleet,EUR,EUR,5,64381.03,0.76,321905.14,OK,321905.14,233546,88359.14,64,OK,Female,5,OK
BMW-1145,06-03-2029,CORRUPTED,2020,3,Q1,Germany,Germany,Stuttgart Motors,BMW 3 Series,Sedan,Diesel,Government,Government,eur,EUR,7,45515.65,4.16,318609.57,OK,318609.57,239359.37,79250.2,41,OK,Female,5,OK
BMW-3617,19-02-2029,CORRUPTED,2023,2,Q1,USA,USA,Beverly Hills BMW,BMW 5 Series,Sedan,Diesel,corporate fleet,Corporate Fleet,USD,USD,5,63361.58,5.72,316807.88,OK,290649.43,221973.46,68675.97,58,OK,Male,5,OK
BMW-5484,10-02-2029,CORRUPTED,2024,12,Q4,Germany,Germany,Hamburg Drive,BMW 5 Series,Sedan,Hybrid,corporate fleet,Corporate Fleet,EUR,EUR,5,63006.71,0.68,315033.54,OK,315033.54,228373.08,86660.46,44,OK,Male,5,OK
BMW-3659,06-01-2029,CORRUPTED,2023,2,Q1,UAE,UAE,Dubai BMW,BMW X5,SUV,Petrol,Individual,Individual,AED,AED,1,304699.02,0.25,304699.02,OK,76174.76,54985.96,21188.8,45,OK,Female,5,OK
BMW-5075,08-12-2028,CORRUPTED,2024,7,Q3,UK,UK,London BMW Centre,BMW i7,Electric,Electric,corporate fleet,Corporate Fleet,GBP,GBP,3,99370.76,0.46,298112.29,OK,346642.19,250724.64,95917.55,42,OK,Prefer not to say,5,OK
BMW-5392,30-11-2028,CORRUPTED,2024,11,Q4,Germany,Germany,AutohaUSA Berlin,BMW X3,SUV,Petrol,Corporate Fleet,Corporate Fleet,EUR,EUR,6,49382.99,1.19,296297.94,OK,296297.94,215903.63,80394.32,65,OK,Female,5,OK
BMW-5350,20-11-2028,CORRUPTED,2024,10,Q4,China,China,Shanghai BMW,BMW 2 Series,Coupe,Hybrid,Corporate Fleet,Corporate Fleet,CNY,CNY,1,293044.36,4.91,293044.36,OK,37094.22,28085.81,9008.41,57,OK,Female,5,OK
BMW-3358,03-11-2028,CORRUPTED,2022,10,Q4,UAE,UAE,Abu Dhabi Motors,BMW X5,SUV,Petrol,Individual,Individual,AED,AED,1,287594.61,0.64,287594.61,OK,71898.65,52098.98,19799.67,65,OK,Female,5,OK
BMW-1177,31-10-2028,CORRUPTED,2020,3,Q1,China,China,Guangzhou BMW,BMW 2 Series,Coupe,Petrol,individual,Individual,CNY,CNY,1,286201.62,2.27,286201.62,OK,36228.05,26690.12,9537.93,52,OK,Male,5,OK
BMW-4433,06-10-2028,CORRUPTED,2023,12,Q4,Germany,Germany,AutohaUSA Berlin,BMW X5,SUV,Petrol,Government,Government,EUR,EUR,4,69145.58,2.85,276582.3,OK,276582.3,204978.52,71603.79,0,BAD AGE,Prefer not to say,5,OK
BMW-1900,15-09-2028,CORRUPTED,2021,2,Q1,Germany,Germany,Hamburg Drive,BMW 2 Series,Coupe,Diesel,Lease,Lease,EUR,EUR,7,38675.62,4.65,270729.31,OK,270729.31,204426.02,66303.3,67,OK,Female,5,OK
BMW-1719,30-08-2028,CORRUPTED,2020,11,Q4,China,China,Guangzhou BMW,BMW 2 Series,Coupe,Diesel,Individual,Individual,CNY,CNY,1,266544.7,7.66,266544.7,OK,33739.84,26308.52,7431.31,43,OK,Prefer not to say,5,OK
BMW-3389,20-08-2028,CORRUPTED,2022,11,Q4,USA,USA,Miami Auto Group,BMW X3,SUV,Diesel,Corporate Fleet,Corporate Fleet,USD,USD,5,52518.09,3.9,262590.47,OK,240908.69,180499.16,60409.53,50,OK,Male,5,OK
BMW-3431,05-08-2028,CORRUPTED,2022,11,Q4,UAE,UAE,Abu Dhabi Motors,BMW 5 Series,Sedan,Petrol,individual,Individual,AED,AED,1,257093.71,0.36,257093.71,OK,64273.43,46443.14,17830.29,49,OK,Female,5,OK
BMW-4210,11-07-2028,CORRUPTED,2023,9,Q3,USA,USA,New York BMW,BMW 2 Series,Coupe,Diesel,Lease,Lease,USD,USD,6,41815.74,0.6,250894.43,OK,230178.37,166732.46,63445.92,38,OK,Male,5,OK
BMW-3288,18-06-2028,CORRUPTED,2022,9,Q3,UAE,UAE,Dubai BMW,BMW 5 Series,Sedan,Hybrid,individual,Individual,AED,AED,1,243962.53,6.76,243962.53,OK,60990.63,47097.92,13892.71,42,OK,Male,5,OK
BMW-3531,11-06-2028,CORRUPTED,2023,1,Q1,Germany,Germany,Hamburg Drive,BMW M5,M Sport,Hybrid,Corporate Fleet,Corporate Fleet,EUR,EUR,2,120845.08,1.6,241690.15,OK,241690.15,176855.32,64834.84,66,OK,Male,5,OK
BMW-3091,08-06-2028,CORRUPTED,2022,7,Q3,Germany,Germany,Hamburg Drive,BMW 5 Series,Sedan,Diesel,corporate fleet,Corporate Fleet,EUR,EUR,4,59976.24,6.71,239904.97,OK,239904.97,185153.48,54751.49,67,OK,Male,5,OK
BMW-4343,07-06-2028,CORRUPTED,2023,11,Q4,Germany,Germany,BMW Munich HQ,BMW 5 Series,Sedan,Diesel,Lease,Lease,EUR,EUR,4,59853.34,1.49,239413.37,OK,239413.37,174989.36,64424.01,27,OK,Female,5,OK
BMW-5373,05-05-2028,CORRUPTED,2024,10,Q4,UAE,UAE,Abu Dhabi Motors,BMW 5 Series,Sedan,Hybrid,Individual,Individual,AED,AED,1,230289.31,1.16,230289.31,OK,57572.33,41940.39,15631.93,41,OK,Male,5,OK
BMW-4201,11-04-2028,CORRUPTED,2023,9,Q3,USA,USA,Dallas BMW,BMW X3,SUV,Petrol,Corporate Fleet,Corporate Fleet,USD,USD,4,55974.37,4.75,223897.48,OK,205410.54,155264.71,50145.82,49,OK,Male,5,OK
BMW-3938,24-03-2028,CORRUPTED,2023,6,Q2,USA,USA,Dallas BMW,BMW X3,SUV,Diesel,Government,Government,USD,USD,4,54662.32,3.12,218649.26,OK,200595.66,149075.57,51520.09,35,OK,Female,5,OK
BMW-1627,10-03-2028,CORRUPTED,2020,10,Q4,USA,USA,Dallas BMW,BMW X3,SUV,Diesel,Lease,Lease,USD,USD,4,53817.8,3.44,215271.18,OK,197496.5,147269.8,50226.7,47,OK,Male,5,OK
BMW-3485,28-01-2028,CORRUPTED,2022,12,Q4,UK,UK,Manchester Prestige,BMW 5 Series,Sedan,Hybrid,Corporate Fleet,Corporate Fleet,gbp,GBP,4,51259.84,7.64,205039.37,OK,238417.88,185854.79,52563.09,46,OK,Prefer not to say,5,OK
BMW-3330,19-12-2027,CORRUPTED,2022,10,Q4,UK,UK,Manchester Prestige,BMW X5,SUV,Hybrid,lease,Lease,GBP,GBP,3,65178.74,3.34,195536.23,OK,227367.71,169368.42,57999.29,27,OK,Male,5,OK
BMW-2024,01-12-2027,CORRUPTED,2021,3,Q1,Australia,Australia,Sydney BMW,BMW M5,M Sport,Hybrid,Individual,Individual,AUD,AUD,1,190487.59,0.05,190487.59,OK,115447.02,83164.3,32282.73,29,OK,Prefer not to say,5,OK
BMW-3307,24-11-2027,CORRUPTED,2022,10,Q4,Germany,Germany,Stuttgart Motors,BMW 2 Series,Coupe,Petrol,Lease,Lease,EUR,EUR,5,37532.79,5.86,187663.93,OK,187663.93,143525.62,44138.31,56,OK,Female,5,OK
BMW-4628,22-11-2027,CORRUPTED,2024,2,Q1,Germany,Germany,Hamburg Drive,BMW i4,Electric,Electric,Lease,Lease,EUR,EUR,3,62437.79,1.4,187313.38,OK,187313.38,136786.24,50527.14,34,OK,Male,5,OK
BMW-4472,21-11-2027,CORRUPTED,2023,12,Q4,UK,UK,Edinburgh Motors,BMW 5 Series,Sedan,Diesel,Lease,Lease,GBP,GBP,4,46799.41,4.65,187197.63,OK,217671.67,164359.91,53311.76,45,OK,Male,5,OK
BMW-2957,11-11-2027,CORRUPTED,2022,5,Q2,USA,USA,Chicago Motors,BMW X3,SUV,Diesel,lease,Lease,USD,USD,3,61640.63,4.79,184921.89,OK,169653.11,128301.28,41351.82,67,OK,Prefer not to say,5,OK
BMW-2235,01-10-2027,CORRUPTED,2021,7,Q3,Germany,Germany,Stuttgart Motors,BMW 5 Series,Sedan,Petrol,lease,Lease,EUR,EUR,3,56017.05,4.77,168051.14,OK,168051.14,127055.33,40995.81,66,OK,Male,5,OK
BMW-3257,28-09-2027,CORRUPTED,2022,9,Q3,USA,USA,Chicago Motors,BMW X3,SUV,Diesel,Corporate Fleet,Corporate Fleet,USD,USD,3,55381.92,4.16,166145.76,OK,152427.31,114516.31,37911,29,OK,Prefer not to say,5,OK
BMW-2012,17-09-2027,CORRUPTED,2021,3,Q1,UAE,UAE,Abu Dhabi Motors,BMW 3 Series,Sedan,Petrol,Individual,Individual,AED,AED,1,162299.45,2.84,162299.45,OK,40574.86,30067.57,10507.29,33,OK,Female,5,OK
BMW-1393,06-09-2027,CORRUPTED,2020,6,Q2,UAE,UAE,Abu Dhabi Motors,BMW 3 Series,Sedan,Hybrid,Individual,Individual,AED,AED,1,159797.21,2.73,159797.21,OK,39949.3,29570.78,10378.53,63,OK,Female,5,OK
BMW-2052,29-08-2027,CORRUPTED,2021,4,Q2,USA,USA,Chicago Motors,BMW 2 Series,Coupe,Petrol,Corporate Fleet,Corporate Fleet,USD,USD,4,39708.09,0.28,158832.37,OK,145717.77,105208.62,40509.15,42,OK,Male,5,OK
BMW-3837,07-08-2027,CORRUPTED,2023,4,Q2,Australia,Australia,Melbourne Auto Group,BMW iX,Electric,Electric,individual,Individual,AUD,AUD,1,152845.49,5.6,152845.49,OK,92633.63,70654.6,21979.03,39,OK,Male,5,OK
BMW-3876,24-06-2027,CORRUPTED,2023,5,Q2,UK,UK,Edinburgh Motors,BMW 3 Series,Sedan,Petrol,Lease,Lease,GBP,GBP,4,35922.97,1.2,143691.87,OK,167083.57,121756.46,45327.11,44,OK,Prefer not to say,5,OK
BMW-4454,20-06-2027,CORRUPTED,2023,12,Q4,USA,USA,Miami Auto Group,BMW 3 Series,Sedan,Hybrid,Lease,Lease,USD,USD,3,47507.74,1.51,142523.21,OK,130755.24,95585.96,35169.27,35,OK,Prefer not to say,5,OK
BMW-5485,12-06-2027,CORRUPTED,2024,12,Q4,Germany,Germany,AutohaUSA Berlin,BMW 3 Series,Sedan,Diesel,Corporate Fleet,Corporate Fleet,EUR,EUR,3,46661.51,4.21,139984.52,OK,139984.52,105217.96,34766.55,59,OK,Prefer not to say,5,OK
BMW-2537,15-05-2027,CORRUPTED,2021,11,Q4,USA,USA,Dallas BMW,BMW i7,Electric,Electric,Individual,Individual,USD,USD,1,135030.38,1.54,135030.38,OK,123881.08,90588.1,33292.98,70,OK,Male,5,OK
BMW-3179,02-05-2027,CORRUPTED,2022,8,Q3,USA,USA,Chicago Motors,BMW 3 Series,Sedan,Diesel,lease,Lease,USD,USD,3,44043.93,6.94,132131.78,OK,121221.82,93784.13,27437.68,61,OK,Male,5,OK
BMW-4355,24-04-2027,CORRUPTED,2023,11,Q4,USA,USA,Chicago Motors,BMW i7,Electric,Electric,Individual,Individual,USD,USD,1,129606.77,6.39,129606.77,OK,118905.3,91457.88,27447.42,30,OK,Prefer not to say,5,OK
BMW-1676,17-03-2027,CORRUPTED,2020,11,Q4,Germany,Germany,Hamburg Drive,BMW M5,M Sport,Hybrid,Corporate Fleet,Corporate Fleet,EUR,EUR,1,124469.6,4.02,124469.6,OK,124469.6,93376.19,31093.4,70,OK,Male,5,OK
BMW-1140,02-03-2027,CORRUPTED,2020,3,Q1,Germany,Germany,BMW Munich HQ,BMW M5,M Sport,Hybrid,Individual,Individual,EUR,EUR,1,121699.61,7.97,121699.61,OK,121699.61,95215.32,26484.28,26,OK,Male,5,OK
BMW-3016,19-02-2027,CORRUPTED,2022,6,Q2,Germany,Germany,AutohaUSA Berlin,BMW M5,M Sport,Hybrid,individual,Individual,EUR,EUR,1,120551.85,2.84,120551.85,OK,120551.85,89336.56,31215.29,28,OK,Female,5,OK
BMW-1212,10-02-2027,CORRUPTED,2020,4,Q2,Germany,Germany,Hamburg Drive,BMW M5,M Sport,Hybrid,Individual,Individual,EUR,EUR,1,119666.36,7.46,119666.36,OK,119666.36,93102.37,26563.99,44,OK,Prefer not to say,5,OK
BMW-3036,09-02-2027,CORRUPTED,2022,6,Q2,USA,USA,Chicago Motors,BMW i7,Electric,Electric,Individual,Individual,USD,USD,1,119650.5,5.75,119650.5,OK,109771.1,83858.91,25912.19,46,OK,Female,5,OK
BMW-5400,27-01-2027,CORRUPTED,2024,11,Q4,USA,USA,Dallas BMW,BMW i7,Electric,Electric,individual,Individual,USD,USD,1,117582.76,6.32,117582.76,OK,107874.09,82904.84,24969.25,55,OK,Male,5,OK
BMW-2172,20-12-2026,CORRUPTED,2021,6,Q2,USA,USA,Chicago Motors,BMW X7,SUV,Diesel,Individual,Individual,USD,USD,1,112306.38,1.29,112306.38,OK,103033.37,75154.77,27878.6,59,OK,Male,5,OK
BMW-4736,12-12-2026,CORRUPTED,2024,3,Q1,UK,UK,Edinburgh Motors,BMW i4,Electric,Electric,Lease,Lease,GBP,GBP,2,55634.97,4.15,111269.93,OK,129383.64,97185.01,32198.63,-5,BAD AGE,Prefer not to say,5,OK
BMW-3766,30-11-2026,CORRUPTED,2023,4,Q2,Germany,Germany,Hamburg Drive,BMW 5 Series,Sedan,Hybrid,Corporate Fleet,Corporate Fleet,EUR,EUR,2,54964.13,3.48,109928.26,OK,109928.26,82004.66,27923.6,58,OK,Prefer not to say,5,OK
BMW-3798,23-10-2026,CORRUPTED,2023,4,Q2,USA,USA,New York BMW,BMW 7 Series,Sedan,Petrol,Individual,Individual,USD,USD,1,105926.81,3.76,105926.81,OK,97180.56,72706.71,24473.85,58,OK,Male,5,OK
BMW-3907,27-09-2026,CORRUPTED,2023,5,Q2,Australia,Australia,Melbourne Auto Group,BMW 5 Series,Sedan,Petrol,Individual,Individual,AUD,AUD,1,103386.37,4.48,103386.37,OK,62658.41,47229.97,15428.44,50,OK,Male,5,OK
BMW-3241,18-09-2026,CORRUPTED,2022,9,Q3,Germany,Germany,Stuttgart Motors,BMW X3,SUV,Diesel,Corporate Fleet,Corporate Fleet,EUR,EUR,2,51224.98,6.42,102449.95,OK,102449.95,78828.17,23621.78,60,OK,Female,5,OK
BMW-1006,08-09-2026,CORRUPTED,2020,1,Q1,Germany,Germany,Stuttgart Motors,BMW X3,SUV,Hybrid,Corporate Fleet,Corporate Fleet,EUR,EUR,2,50901.39,2.93,101802.79,OK,101802.79,75511.16,26291.63,67,OK,Male,5,OK
BMW-4729,23-08-2026,CORRUPTED,2024,3,Q1,UK,UK,Edinburgh Motors,BMW i7,Electric,Electric,Individual,Individual,GBP,GBP,1,100050.08,7.11,100050.08,OK,116337.3,90170.95,26166.35,70,OK,Female,5,OK
BMW-3875,02-08-2026,CORRUPTED,2023,5,Q2,UK,UK,London BMW Centre,BMW i7,Electric,Electric,Individual,Individual,GBP,GBP,1,97831.82,7.13,97831.82,OK,113757.93,88195.49,25562.43,68,OK,Prefer not to say,5,OK
BMW-5071,09-07-2026,CORRUPTED,2024,7,Q3,UK,UK,London BMW Centre,BMW X3,SUV,Petrol,Lease,Lease,GBP,GBP,2,48181.03,5.3,96362.06,OK,112048.9,85192.48,26856.43,64,OK,Prefer not to say,5,OK
BMW-3554,17-06-2026,CORRUPTED,2023,1,Q1,UK,UK,Manchester Prestige,BMW i7,Electric,Electric,Individual,Individual,GBP,GBP,1,94857.2,5.99,94857.2,OK,110299.07,84471.18,25827.89,62,OK,Male,5,OK
BMW-4088,03-06-2026,CORRUPTED,2023,7,Q3,Australia,Australia,Sydney BMW,BMW 5 Series,Sedan,Diesel,Individual,Individual,AUD,AUD,1,94113.22,6.48,94113.22,OK,57038.31,43913.93,13124.38,63,OK,Female,5,OK
BMW-2748,05-05-2026,CORRUPTED,2022,2,Q1,USA,USA,Miami Auto Group,BMW iX,Electric,Electric,Lease,Lease,USD,USD,1,92309.23,3.67,92309.23,OK,84687.37,63301.07,21386.3,38,OK,Female,5,OK
BMW-2724,30-04-2026,CORRUPTED,2022,1,Q1,Australia,Australia,Sydney BMW,BMW 5 Series,Sedan,Diesel,Individual,Individual,AUD,AUD,1,91922.84,2.97,91922.84,OK,55710.81,41339.64,14371.17,31,OK,Male,5,OK
BMW-4761,21-04-2026,CORRUPTED,2024,3,Q1,Australia,Australia,Melbourne Auto Group,BMW X3,SUV,Hybrid,Individual,Individual,AUD,AUD,1,91460.12,7.1,91460.12,OK,55430.38,42957.93,12472.44,56,OK,Male,5,OK
BMW-5254,13-04-2026,CORRUPTED,2024,9,Q3,USA,USA,Beverly Hills BMW,BMW iX,Electric,Electric,Individual,Individual,USD,USD,1,91047.22,4.6,91047.22,OK,83529.56,63043.13,20486.43,55,OK,Female,5,OK
BMW-2969,30-03-2026,CORRUPTED,2022,5,Q2,USA,USA,Dallas BMW,BMW M3,M Sport,Petrol,Individual,Individual,USD,USD,1,89847.87,5.12,89847.87,OK,82429.24,62554.25,19874.99,32,OK,Male,5,OK
BMW-2582,23-03-2026,CORRUPTED,2021,11,Q4,Australia,Australia,Sydney BMW,BMW 5 Series,Sedan,Hybrid,Individual,Individual,AUD,AUD,1,89220.25,2.59,89220.25,OK,54072.88,39965.65,14107.23,58,OK,Prefer not to say,5,OK
BMW-3295,17-03-2026,CORRUPTED,2022,9,Q3,Australia,Australia,Sydney BMW,BMW X3,SUV,Petrol,Individual,Individual,AUD,AUD,1,88536.78,0.43,88536.78,OK,53658.66,38801.65,14857.01,60,OK,Prefer not to say,5,OK
BMW-4541,15-03-2026,CORRUPTED,2024,1,Q1,USA,USA,Beverly Hills BMW,BMW X5,SUV,Diesel,Individual,Individual,USD,USD,1,88444.26,0.76,88444.26,OK,81141.53,58866.73,22274.8,65,OK,Male,5,OK
BMW-4287,12-02-2026,CORRUPTED,2023,10,Q4,USA,USA,New York BMW,BMW iX,Electric,Electric,Individual,Individual,USD,USD,1,86116.45,4.73,86116.45,OK,79005.92,59710.57,19295.35,69,OK,Male,5,OK
BMW-2513,10-02-2026,CORRUPTED,2021,11,Q4,Germany,Germany,AutohaUSA Berlin,BMW 7 Series,Sedan,Petrol,Individual,Individual,EUR,EUR,1,86044.4,7.89,86044.4,OK,86044.4,67258.25,18786.15,50,OK,Male,5,OK
BMW-2323,09-02-2026,CORRUPTED,2021,8,Q3,UK,UK,Manchester Prestige,BMW X3,SUV,Hybrid,corporate fleet,Corporate Fleet,GBP,GBP,2,42951.69,4.47,85903.38,OK,99887.65,75280.67,24606.98,65,OK,Prefer not to say,5,OK
BMW-1477,12-01-2026,CORRUPTED,2020,8,Q3,Germany,Germany,Stuttgart Motors,BMW M3,M Sport,Hybrid,individual,Individual,EUR,EUR,1,84312.72,6.49,84312.72,OK,84312.72,64921.25,19391.47,39,OK,Prefer not to say,5,OK
BMW-4701,10-01-2026,CORRUPTED,2024,3,Q1,USA,USA,Beverly Hills BMW,BMW X5,SUV,Hybrid,Individual,Individual,USD,USD,1,84094.16,2.32,84094.16,OK,77150.6,56869.68,20280.92,65,OK,Prefer not to say,5,OK
BMW-2676,15-12-2025,CORRUPTED,2022,1,Q1,USA,USA,Beverly Hills BMW,BMW X5,SUV,Diesel,Individual,Individual,USD,USD,1,83029.77,7.05,83029.77,OK,76174.1,59007.18,17166.92,64,OK,Female,5,OK
BMW-4867,10-12-2025,CORRUPTED,2024,5,Q2,Germany,Germany,Hamburg Drive,BMW iX,Electric,Electric,individual,Individual,EUR,EUR,1,82559.93,0.5,82559.93,OK,82559.93,59739.34,22820.59,65,OK,Male,5,OK
BMW-4881,28-11-2025,CORRUPTED,2024,5,Q2,USA,USA,Beverly Hills BMW,BMW X5,SUV,Hybrid,Individual,Individual,USD,USD,1,81585.57,5.92,81585.57,OK,74849.15,57281.64,17567.51,55,OK,Female,5,OK
BMW-1425,14-10-2025,CORRUPTED,2020,7,Q3,UK,UK,London BMW Centre,BMW X7,SUV,Hybrid,Individual,Individual,GBP,GBP,1,78752.11,3.6,78752.11,OK,91572.22,68396.3,23175.93,65,OK,Prefer not to say,5,OK
BMW-2524,23-08-2025,CORRUPTED,2021,11,Q4,USA,USA,Chicago Motors,BMW X5,SUV,Diesel,individual,Individual,USD,USD,1,76357.33,4.05,76357.33,OK,70052.6,52565.93,17486.67,59,OK,Female,5,OK
BMW-4987,13-08-2025,CORRUPTED,2024,6,Q2,UK,UK,Manchester Prestige,BMW X7,SUV,Hybrid,individual,Individual,GBP,GBP,1,75920.46,5.39,75920.46,OK,88279.6,67181.12,21098.48,31,OK,Male,5,OK
BMW-1746,12-08-2025,CORRUPTED,2020,11,Q4,Australia,Australia,Sydney BMW,BMW 3 Series,Sedan,Hybrid,individual,Individual,AUD,AUD,1,75875.66,2.97,75875.66,OK,45985.25,34124.16,11861.09,49,OK,Prefer not to say,5,OK
BMW-2178,27-07-2025,CORRUPTED,2021,6,Q2,USA,USA,Beverly Hills BMW,BMW X5,SUV,Petrol,Individual,Individual,USD,USD,1,75044.01,2.09,75044.01,OK,68847.71,50628.83,18218.88,26,OK,Prefer not to say,5,OK
BMW-4803,26-07-2025,CORRUPTED,2024,4,Q2,UK,UK,Edinburgh Motors,BMW M3,M Sport,Petrol,Individual,Individual,GBP,GBP,1,75027.32,3.56,75027.32,OK,87241.07,65133.87,22107.2,63,OK,Prefer not to say,5,OK
BMW-2809,13-07-2025,CORRUPTED,2022,3,Q1,USA,USA,Chicago Motors,BMW X5,SUV,Hybrid,Individual,Individual,USD,USD,1,74263.23,6.5,74263.23,OK,68131.4,52462.43,15668.97,43,OK,Male,5,OK
BMW-2870,22-05-2025,CORRUPTED,2022,4,Q2,USA,USA,New York BMW,BMW i4,Electric,Electric,individual,Individual,USD,USD,1,71128.97,5.84,71128.97,OK,65255.94,49897.87,15358.07,55,OK,Prefer not to say,5,OK
BMW-5305,11-05-2025,CORRUPTED,2024,10,Q4,Germany,Germany,AutohaUSA Berlin,BMW X5,SUV,Hybrid,Individual,Individual,EUR,EUR,1,70536.56,6.99,70536.56,OK,70536.56,54600.3,15936.26,57,OK,Female,5,OK
BMW-1847,08-05-2025,CORRUPTED,2021,1,Q1,Germany,Germany,Stuttgart Motors,BMW X5,SUV,Hybrid,Individual,Individual,EUR,EUR,1,70250.88,0.67,70250.88,OK,70250.88,50921.01,19329.87,43,OK,Prefer not to say,5,OK
BMW-1211,28-04-2025,CORRUPTED,2020,4,Q2,Germany,Germany,Stuttgart Motors,BMW i4,Electric,Electric,Individual,Individual,EUR,EUR,1,69597.92,0.14,69597.92,OK,69597.92,50183.21,19414.71,44,OK,Prefer not to say,5,OK
BMW-4976,09-04-2025,CORRUPTED,2024,6,Q2,USA,USA,Miami Auto Group,BMW 5 Series,Sedan,Hybrid,Individual,Individual,USD,USD,1,68345.38,5.69,68345.38,OK,62702.18,47870.4,14831.78,63,OK,Prefer not to say,5,OK
BMW-2192,05-04-2025,CORRUPTED,2021,6,Q2,UK,UK,Edinburgh Motors,BMW iX,Electric,Electric,Individual,Individual,GBP,GBP,1,68178.02,7.09,68178.02,OK,79276.77,61434.6,17842.17,69,OK,Male,5,OK
BMW-5266,27-02-2025,CORRUPTED,2024,9,Q3,UK,UK,London BMW Centre,BMW 3 Series,Sedan,Petrol,corporate fleet,Corporate Fleet,GBP,GBP,2,33256,7.46,66511.99,OK,77339.53,60171.47,17168.06,66,OK,Female,5,OK
BMW-2328,02-02-2025,CORRUPTED,2021,8,Q3,UK,UK,London BMW Centre,BMW X5,SUV,Petrol,individual,Individual,GBP,GBP,1,65358.02,3.88,65358.02,OK,75997.7,56927.2,19070.5,36,OK,Male,5,OK
BMW-1975,25-01-2025,CORRUPTED,2021,3,Q1,Germany,Germany,BMW Munich HQ,BMW 5 Series,Sedan,Diesel,Individual,Individual,EUR,EUR,1,64923.94,2.5,64923.94,OK,64923.94,47941.39,16982.55,39,OK,Female,5,OK
BMW-3870,16-01-2025,CORRUPTED,2023,5,Q2,USA,USA,Chicago Motors,BMW 5 Series,Sedan,Diesel,Individual,Individual,USD,USD,1,64528.03,1.54,64528.03,OK,59200.03,43289.09,15910.94,63,OK,Female,5,OK
BMW-2617,08-01-2025,CORRUPTED,2021,12,Q4,UK,UK,Manchester Prestige,BMW X5,SUV,Hybrid,Individual,Individual,GBP,GBP,1,64331.86,0.99,64331.86,OK,74804.49,54395.87,20408.61,49,OK,Female,5,OK
BMW-3312,04-01-2025,CORRUPTED,2022,10,Q4,USA,USA,New York BMW,BMW 5 Series,Sedan,Diesel,Individual,Individual,USD,USD,1,64114.15,6.73,64114.15,OK,58820.32,45406.9,13413.42,68,OK,Prefer not to say,5,OK
BMW-5125,20-12-2024,CORRUPTED,2024,8,Q3,Germany,Germany,AutohaUSA Berlin,BMW X5,SUV,Hybrid,Individual,Individual,EUR,EUR,1,63576.3,7.06,63576.3,OK,63576.3,49251.21,14325.09,48,OK,Prefer not to say,5,OK
BMW-1081,15-11-2024,CORRUPTED,2020,2,Q1,USA,USA,New York BMW,BMW X3,SUV,Diesel,individual,Individual,USD,USD,1,62227.29,4.13,62227.29,OK,57089.25,42875.18,14214.07,49,OK,Female,5,OK
BMW-3854,06-11-2024,CORRUPTED,2023,5,Q2,USA,USA,Beverly Hills BMW,BMW 5 Series,Sedan,Hybrid,corporate fleet,Corporate Fleet,USD,USD,1,61836.97,4.8,61836.97,OK,56731.17,42906.66,13824.51,27,OK,Prefer not to say,5,OK
BMW-1408,06-10-2024,CORRUPTED,2020,7,Q3,Germany,Germany,Stuttgart Motors,BMW i4,Electric,Electric,Individual,Individual,EUR,EUR,1,61023.66,6.58,61023.66,OK,61023.66,47032.18,13991.48,70,OK,Female,5,OK
BMW-1768,29-09-2024,CORRUPTED,2020,12,Q4,USA,USA,Miami Auto Group,BMW 5 Series,Sedan,Hybrid,individual,Individual,USD,USD,1,60504.92,2.97,60504.92,OK,55509.1,41188.84,14320.26,28,OK,Prefer not to say,5,OK
BMW-1786,23-09-2024,CORRUPTED,2020,12,Q4,USA,USA,New York BMW,BMW X3,SUV,Hybrid,Individual,Individual,USD,USD,1,60350.19,4.37,60350.19,OK,55367.15,41686.66,13680.49,47,OK,Prefer not to say,5,OK
BMW-3256,22-09-2024,CORRUPTED,2022,9,Q3,USA,USA,Dallas BMW,BMW X3,SUV,Petrol,Individual,Individual,USD,USD,1,60332.38,5.92,60332.38,OK,55350.8,42361.44,12989.37,57,OK,Prefer not to say,5,OK
BMW-3467,14-09-2024,CORRUPTED,2022,12,Q4,USA,USA,Chicago Motors,BMW 5 Series,Sedan,Hybrid,Individual,Individual,USD,USD,1,60116.99,0.07,60116.99,OK,55153.2,39739.72,15413.48,38,OK,Prefer not to say,5,OK
BMW-1490,04-09-2024,CORRUPTED,2020,8,Q3,USA,USA,Beverly Hills BMW,BMW X3,SUV,Diesel,Individual,Individual,USD,USD,1,59660.83,5.86,59660.83,OK,54734.71,41863.18,12871.53,65,OK,Male,5,OK
BMW-4983,08-07-2024,CORRUPTED,2024,6,Q2,USA,USA,Miami Auto Group,BMW X3,SUV,Petrol,individual,Individual,USD,USD,1,58017.09,2.39,58017.09,OK,53226.69,39261.05,13965.64,33,OK,Prefer not to say,5,OK
BMW-3538,17-06-2024,CORRUPTED,2023,1,Q1,USA,USA,Dallas BMW,BMW X3,SUV,Petrol,Individual,Individual,USD,USD,1,57498.71,1.28,57498.71,OK,52751.11,38472.99,14278.12,66,OK,Female,5,OK
BMW-2398,07-06-2024,CORRUPTED,2021,9,Q3,UK,UK,Edinburgh Motors,BMW i4,Electric,Electric,Individual,Individual,GBP,GBP,1,57282.6,5.87,57282.6,OK,66607.67,50945.63,15662.04,999,BAD AGE,Prefer not to say,5,OK
BMW-5128,03-06-2024,CORRUPTED,2024,8,Q3,Germany,Germany,BMW Munich HQ,BMW X3,SUV,Hybrid,Individual,Individual,EUR,EUR,1,57054.98,0.57,57054.98,OK,57054.98,41315.09,15739.89,41,OK,Male,5,OK
BMW-1701,16-05-2024,CORRUPTED,2020,11,Q4,USA,USA,Miami Auto Group,BMW X3,SUV,Diesel,Individual,Individual,USD,USD,1,56568.52,1.09,56568.52,OK,51897.73,37779.22,14118.51,60,OK,Female,5,OK
BMW-4294,10-05-2024,CORRUPTED,2023,10,Q4,USA,USA,New York BMW,BMW X3,SUV,Hybrid,Individual,Individual,USD,USD,1,56298.34,0.81,56298.34,OK,51649.85,37490.48,14159.37,52,OK,Male,5,OK
BMW-4562,10-04-2024,CORRUPTED,2024,1,Q1,UK,UK,London BMW Centre,BMW 5 Series,Sedan,Diesel,Individual,Individual,GBP,GBP,1,55220.98,1.16,55220.98,OK,64210.45,46774.98,17435.46,38,OK,Female,5,OK
BMW-5214,01-03-2024,CORRUPTED,2024,9,Q3,Germany,Germany,Stuttgart Motors,BMW X3,SUV,Hybrid,Individual,Individual,EUR,EUR,1,53874.3,6.06,53874.3,OK,53874.3,41292.07,12582.23,67,OK,Female,5,OK
BMW-3322,06-02-2024,CORRUPTED,2022,10,Q4,USA,USA,Beverly Hills BMW,BMW 3 Series,Sedan,Diesel,Individual,Individual,USD,USD,1,53192.66,0.34,53192.66,OK,48800.61,35254.56,13546.05,34,OK,Prefer not to say,5,OK
BMW-2440,15-01-2024,CORRUPTED,2021,10,Q4,Germany,Germany,Stuttgart Motors,BMW X3,SUV,Petrol,individual,Individual,EUR,EUR,1,52352.42,6.67,52352.42,OK,52352.42,40389.58,11962.83,61,OK,Male,5,OK
BMW-1557,31-12-2023,CORRUPTED,2020,9,Q3,USA,USA,Chicago Motors,BMW X3,SUV,Diesel,Individual,Individual,USD,USD,1,51795.47,7.06,51795.47,OK,47518.78,36810.67,10708.11,69,OK,Male,5,OK
BMW-2386,19-12-2023,CORRUPTED,2021,9,Q3,USA,USA,Dallas BMW,BMW 3 Series,Sedan,Diesel,Individual,Individual,USD,USD,1,51229.58,1.08,51229.58,OK,46999.62,34207.61,12792,59,OK,Male,5,OK
BMW-4622,13-12-2023,CORRUPTED,2024,2,Q1,Germany,Germany,AutohaUSA Berlin,BMW 5 Series,Sedan,Diesel,Individual,Individual,EUR,EUR,1,50966.75,7.73,50966.75,OK,50966.75,39769.11,11197.64,66,OK,Female,5,OK
BMW-3638,07-12-2023,CORRUPTED,2023,2,Q1,UK,UK,Manchester Prestige,BMW 5 Series,Sedan,Petrol,Individual,Individual,GBP,GBP,1,50614.11,3.82,50614.11,OK,58853.62,44056.25,14797.37,35,OK,Female,5,OK
BMW-3398,19-11-2023,CORRUPTED,2022,11,Q4,USA,USA,New York BMW,BMW 3 Series,Sedan,Petrol,Individual,Individual,USD,USD,1,49735.36,7.5,49735.36,OK,45628.77,35517.26,10111.51,54,OK,Female,5,OK
BMW-1632,23-10-2023,CORRUPTED,2020,10,Q4,USA,USA,Dallas BMW,BMW 3 Series,Sedan,Petrol,individual,Individual,USD,USD,1,48740.72,2.92,48740.72,OK,44716.26,33162.99,11553.27,56,OK,Female,5,OK
BMW-2474,21-08-2023,CORRUPTED,2021,10,Q4,UK,UK,Manchester Prestige,BMW X3,SUV,Petrol,Government,Government,GBP,GBP,1,46604.34,5.01,46604.34,OK,54191.09,41073.39,13117.7,48,OK,Male,5,OK
BMW-5134,11-08-2023,CORRUPTED,2024,8,Q3,Germany,Germany,BMW Munich HQ,BMW 3 Series,Sedan,Petrol,Individual,Individual,EUR,EUR,1,46143.06,5.33,46143.06,OK,46143.06,35094.99,11048.07,34,OK,Female,5,OK
BMW-1983,06-07-2023,CORRUPTED,2021,3,Q1,USA,USA,New York BMW,BMW 3 Series,Sedan,Hybrid,Individual,Individual,USD,USD,1,44880.71,7.08,44880.71,OK,41174.96,31903.7,9271.26,29,OK,Prefer not to say,5,OK
BMW-2603,01-07-2023,CORRUPTED,2021,12,Q4,USA,USA,Miami Auto Group,BMW 3 Series,Sedan,Diesel,Individual,Individual,USD,USD,1,44771.77,0.5,44771.77,OK,41075.02,29723.6,11351.42,67,OK,Prefer not to say,5,OK
BMW-1283,21-06-2023,CORRUPTED,2020,5,Q2,Germany,Germany,Hamburg Drive,BMW 3 Series,Sedan,Hybrid,Individual,Individual,EUR,EUR,1,44423.93,1.85,44423.93,OK,44423.93,32586.57,11837.36,62,OK,Prefer not to say,5,OK
BMW-2109,19-06-2023,CORRUPTED,2021,5,Q2,USA,USA,Chicago Motors,BMW 3 Series,Sedan,Petrol,individual,Individual,USD,USD,1,44396.83,7.29,44396.83,OK,40731.03,31632.58,9098.45,44,OK,Male,5,OK
BMW-1352,18-06-2023,CORRUPTED,2020,6,Q2,USA,USA,Beverly Hills BMW,BMW 2 Series,Coupe,Diesel,Individual,Individual,USD,USD,1,44377.36,4.63,44377.36,OK,40713.17,30736.4,9976.78,60,OK,Female,5,OK
BMW-3701,13-06-2023,CORRUPTED,2023,3,Q1,USA,USA,Beverly Hills BMW,BMW 2 Series,Coupe,Petrol,Individual,Individual,USD,USD,1,44134.68,6.99,44134.68,OK,40490.53,31345.09,9145.44,30,OK,Female,5,OK
BMW-4646,20-04-2023,CORRUPTED,2024,2,Q1,UK,UK,Manchester Prestige,BMW X3,SUV,Diesel,Individual,Individual,GBP,GBP,1,41738.28,7.45,41738.28,OK,48532.89,37755.82,10777.07,64,OK,Female,5,OK
BMW-4695,27-03-2023,CORRUPTED,2024,3,Q1,Germany,Germany,BMW Munich HQ,BMW 3 Series,Sedan,Hybrid,Individual,Individual,EUR,EUR,1,40795.97,2.61,40795.97,OK,40795.97,30159.61,10636.36,43,OK,Male,5,OK
BMW-3035,20-03-2023,CORRUPTED,2022,6,Q2,USA,USA,Beverly Hills BMW,BMW 2 Series,Coupe,Petrol,Individual,Individual,USD,USD,1,40428.79,3.02,40428.79,OK,37090.64,27538.06,9552.57,58,OK,Male,5,OK
BMW-4008,02-03-2023,CORRUPTED,2023,7,Q3,Germany,Germany,AutohaUSA Berlin,BMW 3 Series,Sedan,Diesel,Individual,Individual,EUR,EUR,1,39291.81,7.99,39291.81,OK,39291.81,30746.26,8545.55,41,OK,Male,5,OK
BMW-4851,19-02-2023,CORRUPTED,2024,5,Q2,Germany,Germany,AutohaUSA Berlin,BMW 3 Series,Sedan,Diesel,Individual,Individual,EUR,EUR,1,38688.16,5.73,38688.16,OK,38688.16,29549.77,9138.39,47,OK,Male,5,OK
BMW-2399,03-02-2023,CORRUPTED,2021,9,Q3,UK,UK,Edinburgh Motors,BMW 3 Series,Sedan,Diesel,Individual,Individual,GBP,GBP,1,37615.13,1.35,37615.13,OK,43738.52,31923.76,11814.76,25,OK,Female,5,OK
BMW-1713,16-01-2023,CORRUPTED,2020,11,Q4,UK,UK,Edinburgh Motors,BMW 3 Series,Sedan,Diesel,Individual,Individual,GBP,GBP,1,36584.19,2.97,36584.19,OK,42539.75,31567.41,10972.34,55,OK,Female,5,OK
BMW-5208,22-12-2022,CORRUPTED,2024,9,Q3,Germany,Germany,Stuttgart Motors,BMW 2 Series,Coupe,Hybrid,Individual,Individual,EUR,EUR,1,35087.49,6.92,35087.49,OK,35087.49,27142.13,7945.36,-5,BAD AGE,Male,5,OK
BMW-2119,13-12-2022,CORRUPTED,2021,5,Q2,UK,UK,Edinburgh Motors,BMW 2 Series,Coupe,Diesel,individual,Individual,GBP,GBP,1,32918.31,1.01,32918.31,OK,38277.1,27842,10435.11,33,OK,Male,5,OK
BMW-2186,08-12-2022,CORRUPTED,2021,6,Q2,UK,UK,Edinburgh Motors,BMW 2 Series,Coupe,Hybrid,Individual,Individual,GBP,GBP,1,31858.87,2.45,31858.87,OK,37045.2,27342.8,9702.39,33,OK,Female,5,OK
BMW-5342,30-11-2022,CORRUPTED,2024,10,Q4,UK,UK,Manchester Prestige,BMW 2 Series,Coupe,Petrol,Individual,Individual,GBP,GBP,1,29568.57,7.04,29568.57,OK,34382.05,26629.28,7752.77,59,OK,Female,5,OK
BMW-3156,25-11-2022,CORRUPTED,2022,7,Q3,South Africa,South Africa,Johannesburg Motors,BMW 5 Series,Sedan,Petrol,Individual,Individual,ZAR,ZAR,1,1229372.57,0.78,12293.7257,OK,61468.63,44603.24,16865.39,68,OK,Prefer not to say,5,OK
BMW-2838,11-11-2022,CORRUPTED,2022,3,Q1,China,China,Guangzhou BMW,BMW 5 Series,Sedan,Diesel,Individual,Individual,CNY,CNY,1,464990.01,6.27,4649.9001,OK,58859.49,45214.59,13644.9,27,OK,Male,5,OK
BMW-3667,21-10-2022,CORRUPTED,2023,2,Q1,Australia,Australia,Sydney BMW,BMW X3,SUV,Petrol,Individual,Individual,AUD,AUD,1,86761.18,3.66,867.6118,OK,52582.54,39298.15,13284.38,47,OK,Prefer not to say,5,OK
BMW-1994,14-10-2022,CORRUPTED,2021,3,Q1,UK,UK,Edinburgh Motors,BMW X5,SUV,Petrol,individual,Individual,GBP,GBP,1,63519.17,3.71,635.1917,OK,73859.5,55228.86,18630.65,35,OK,Prefer not to say,5,OK
BMW-2382,22-09-2022,CORRUPTED,2021,9,Q3,USA,USA,Miami Auto Group,BMW 3 Series,Sedan,Hybrid,Individual,Individual,USD,USD,1,42911.9,7.13,-42911.9,BAD REVENUE,39368.72,30521.38,8847.33,50,OK,Female,5,OK
BMW-1413,20-09-2022,CORRUPTED,2020,7,Q3,Germany,Germany,Hamburg Drive,BMW X3,SUV,Petrol,individual,Individual,EUR,EUR,1,54063.5,1.86,-54063.5,BAD REVENUE,54063.5,39661.67,14401.83,30,OK,Prefer not to say,5,OK
BMW-1647,31-08-2022,CORRUPTED,2020,10,Q4,China,China,Shenzhen Auto,BMW X3,SUV,Diesel,individual,Individual,CNY,CNY,1,434147.09,1.61,-434147.09,BAD REVENUE,54955.33,40215.51,14739.82,25,OK,Prefer not to say,5,OK
BMW-4418,18-08-2022,CORRUPTED,2023,11,Q4,South Africa,South Africa,Johannesburg Motors,BMW X3,SUV,Petrol,corporate fleet,Corporate Fleet,ZAR,ZAR,4,1045805.85,6.62,-4183223.4,BAD REVENUE,209161.17,161274.75,47886.42,50,OK,Female,5,OK
BMW-1655,14-08-2022,CORRUPTED,2020,10,Q4,India,India,Delhi Prestige Auto,BMW 5 Series,Sedan,Hybrid,Corporate Fleet,Corporate Fleet,INR,INR,3,5234071.58,6.92,-15702214.73,BAD REVENUE,172551.81,133480.3,39071.51,67,OK,Prefer not to say,5,OK
BMW-5008,12-05-2034,CORRUPTED,2024,6,Q2,India,India,Mumbai BMW,BMW 5 Series,Sedan,Diesel,Individual,Individual,INR,INR,1,5622129.76,4.59,5622129.76,OK,61781.65,46623.06,15158.59,49,OK,Female,6,BAD SCORE
BMW-1449,04-02-2034,CORRUPTED,2020,7,Q3,India,India,Bangalore Motors,BMW X3,SUV,Diesel,Individual,Individual,INR,INR,1,4188279.36,7.96,4188279.36,OK,46025.05,36003.53,10021.52,43,OK,Prefer not to say,6,BAD SCORE
BMW-5544,11-10-2033,CORRUPTED,2024,12,Q4,China,China,Guangzhou BMW,BMW 5 Series,Sedan,Diesel,Lease,Lease,CNY,CNY,6,488568.72,3.09,2931412.31,OK,371064.85,275697.21,95367.64,51,OK,Male,6,BAD SCORE
BMW-5178,30-01-2033,CORRUPTED,2024,8,Q3,China,China,Shenzhen Auto,BMW i4,Electric,Electric,Corporate Fleet,Corporate Fleet,CNY,CNY,3,517944.65,7.13,1553833.96,OK,196687.84,152481.86,44205.98,49,OK,Female,6,BAD SCORE
BMW-5123,30-07-2032,CORRUPTED,2024,7,Q3,South Africa,South Africa,Johannesburg Motors,BMW X3,SUV,Diesel,Individual,Individual,ZAR,ZAR,1,996197.27,3.46,996197.27,OK,49809.86,37148.39,12661.48,59,OK,Prefer not to say,6,BAD SCORE
BMW-1245,22-08-2031,CORRUPTED,2020,4,Q2,China,China,Shenzhen Auto,BMW 2 Series,Coupe,Petrol,Corporate Fleet,Corporate Fleet,CNY,CNY,2,324178.69,3.9,648357.39,OK,82070.56,61488.51,20582.04,65,OK,Female,6,BAD SCORE
BMW-2849,28-05-2031,CORRUPTED,2022,3,Q1,Australia,Australia,Sydney BMW,BMW X5,SUV,Diesel,corporate fleet,Corporate Fleet,AUD,AUD,5,119396.82,0.69,596984.09,OK,361808.54,262302.47,99506.07,69,OK,Male,6,BAD SCORE
BMW-5431,07-10-2030,CORRUPTED,2024,11,Q4,China,China,Beijing Luxury Motors,BMW 5 Series,Sedan,Petrol,Individual,Individual,CNY,CNY,1,478041,5.07,478041,OK,60511.52,45893.95,14617.57,70,OK,Male,6,BAD SCORE
BMW-2337,09-03-2029,CORRUPTED,2021,8,Q3,China,China,Beijing Luxury Motors,BMW 2 Series,Coupe,Hybrid,Individual,Individual,CNY,CNY,1,319802.83,2.28,319802.83,OK,40481.37,29827.14,10654.23,67,OK,Female,6,BAD SCORE
BMW-4348,13-07-2028,CORRUPTED,2023,11,Q4,Germany,Germany,Stuttgart Motors,BMW i4,Electric,Electric,Corporate Fleet,Corporate Fleet,EUR,EUR,4,62843.88,,251375.52,OK,251375.52,185827.7,65547.82,,BAD AGE,,6,BAD SCORE
BMW-2583,18-02-2028,CORRUPTED,2021,11,Q4,Australia,Australia,Melbourne Auto Group,BMW i4,Electric,Electric,Corporate Fleet,Corporate Fleet,AUD,AUD,2,105616.04,3.58,211232.08,OK,128019.44,95594.78,32424.66,39,OK,Female,6,BAD SCORE
BMW-4445,25-11-2027,CORRUPTED,2023,12,Q4,USA,USA,New York BMW,BMW 5 Series,Sedan,Diesel,corporate fleet,Corporate Fleet,USD,USD,3,62886.63,7.96,188659.89,OK,173082.47,135397.6,37684.87,43,OK,Female,6,BAD SCORE
BMW-4328,08-08-2027,CORRUPTED,2023,10,Q4,Australia,Australia,Sydney BMW,BMW 7 Series,Sedan,Hybrid,Individual,Individual,AUD,AUD,1,153073.14,7.37,153073.14,OK,92771.6,72110.98,20660.62,29,OK,Female,6,BAD SCORE
BMW-5155,05-04-2027,CORRUPTED,2024,8,Q3,USA,USA,New York BMW,BMW i7,Electric,Electric,Lease,Lease,USD,USD,1,126725.89,5.44,126725.89,OK,116262.29,88522.16,27740.13,68,OK,Prefer not to say,6,BAD SCORE
BMW-1083,06-08-2025,CORRUPTED,2020,2,Q1,USA,USA,Miami Auto Group,BMW X5,SUV,Petrol,individual,Individual,USD,USD,1,75633.75,0.2,75633.75,OK,69388.76,50061.44,19327.33,66,OK,Male,6,BAD SCORE
BMW-3306,13-01-2023,CORRUPTED,2022,10,Q4,Germany,Germany,BMW Munich HQ,BMW 2 Series,Coupe,Diesel,Individual,Individual,EUR,EUR,1,36420.84,5.27,36420.84,OK,36420.84,27682.09,8738.76,51,OK,Female,6,BAD SCORE
BMW-5078,16-03-2034,CORRUPTED,2024,7,Q3,China,China,Shanghai BMW,BMW X5,SUV,Diesel,Corporate Fleet,Corporate Fleet,CNY,CNY,8,594704.27,0.7,4757634.14,OK,602232.17,436663.09,165569.08,51,OK,Male,10,BAD SCORE
BMW-3652,12-12-2031,CORRUPTED,2023,2,Q1,China,China,Beijing Luxury Motors,BMW M3,M Sport,Hybrid,Individual,Individual,CNY,CNY,1,722497.83,2.7,722497.83,OK,91455.42,67676.56,23778.87,70,OK,Prefer not to say,10,BAD SCORE
BMW-3333,25-08-2031,CORRUPTED,2022,10,Q4,China,China,Shenzhen Auto,BMW iX,Electric,Electric,individual,Individual,CNY,CNY,1,650450.07,4.68,650450.07,OK,82335.45,62192.75,20142.7,27,OK,Female,10,BAD SCORE
BMW-2263,23-07-2030,CORRUPTED,2021,7,Q3,China,China,Beijing Luxury Motors,BMW 5 Series,Sedan,Hybrid,Individual,Individual,CNY,CNY,1,450667.8,2.31,450667.8,OK,57046.56,42045.51,15001.05,,BAD AGE,Male,10,BAD SCORE
BMW-1187,30-05-2030,CORRUPTED,2020,3,Q1,UAE,UAE,Abu Dhabi Motors,BMW M5,M Sport,Diesel,Individual,Individual,AED,AED,1,433834.08,3.85,433834.08,OK,108458.52,81216.25,27242.27,63,OK,Female,10,BAD SCORE
BMW-1651,09-04-2030,CORRUPTED,2020,10,Q4,China,China,Guangzhou BMW,BMW 5 Series,Sedan,Petrol,individual,Individual,CNY,CNY,1,418977.72,6.32,418977.72,OK,53035.15,40763.21,12271.95,61,OK,Prefer not to say,10,BAD SCORE
BMW-5434,05-10-2029,CORRUPTED,2024,11,Q4,China,China,Shenzhen Auto,BMW X3,SUV,Petrol,Individual,Individual,CNY,CNY,1,369770.37,5.59,369770.37,OK,46806.38,35696.21,11110.17,62,OK,Prefer not to say,10,BAD SCORE
BMW-5107,03-01-2029,CORRUPTED,2024,7,Q3,UAE,UAE,Dubai BMW,BMW X5,SUV,Petrol,Individual,Individual,AED,AED,1,303812.97,0.77,303812.97,OK,75953.24,55109.91,20843.33,44,OK,Prefer not to say,10,BAD SCORE
BMW-4112,25-02-2028,CORRUPTED,2023,8,Q3,USA,USA,New York BMW,BMW X3,SUV,Hybrid,lease,Lease,USD,USD,4,53047,7.11,212188.01,OK,194667.9,150896.31,43771.59,57,OK,Male,10,BAD SCORE
BMW-5192,19-09-2027,CORRUPTED,2024,8,Q3,Australia,Australia,Sydney BMW,BMW 7 Series,Sedan,Diesel,Individual,Individual,AUD,AUD,1,163359.58,2.12,163359.58,OK,99005.81,72829.96,26175.85,30,OK,Prefer not to say,10,BAD SCORE
BMW-1569,05-09-2027,CORRUPTED,2020,9,Q3,UK,UK,Edinburgh Motors,BMW i4,Electric,Electric,Lease,Lease,Gbp,GBP,3,53129.73,1.4,159389.19,OK,185336.26,135335.52,50000.74,33,OK,Prefer not to say,10,BAD SCORE
BMW-4226,02-07-2023,CORRUPTED,2023,9,Q3,UK,UK,Edinburgh Motors,BMW X3,SUV,Petrol,Individual,Individual,GBP,GBP,1,44786.99,3.28,44786.99,OK,52077.9,38768.75,13309.15,33,OK,Female,10,BAD SCORE
BMW-5369,31-01-2035,CORRUPTED,2024,10,Q4,India,India,Bangalore Motors,BMW X5,SUV,Hybrid,government,Government,INR,INR,7,6503714.02,0.38,45525998.12,OK,500285.69,361582.97,138702.73,,BAD AGE,Male,,BAD SCORE
BMW-2144,15-01-2035,CORRUPTED,2021,5,Q2,India,India,Delhi Prestige Auto,BMW i4,Electric,Electric,Lease,Lease,INR,INR,6,6125257.34,,36751544.04,OK,403863.12,296154.22,107708.9,,BAD AGE,,,BAD SCORE
BMW-5366,07-12-2034,CORRUPTED,2024,10,Q4,India,India,,BMW M3,M Sport,,Corporate Fleet,Corporate Fleet,INR,INR,3,7484647.88,,22453943.65,OK,246746.63,192493.32,54253.31,,BAD AGE,,,BAD SCORE
BMW-1118,19-11-2034,CORRUPTED,2020,2,Q1,India,India,,BMW 2 Series,Coupe,,Corporate Fleet,Corporate Fleet,INR,INR,5,3318682.94,,16593414.72,OK,182345.22,132185.7,50159.51,,BAD AGE,,,BAD SCORE
BMW-5301,03-10-2034,CORRUPTED,2024,9,Q3,South Africa,South Africa,Johannesburg Motors,BMW 7 Series,Sedan,Petrol,Corporate Fleet,Corporate Fleet,ZAR,ZAR,6,1740617.2,4.7,10443703.19,OK,522185.16,394535.18,127649.98,,BAD AGE,,,BAD SCORE
BMW-1265,01-10-2034,CORRUPTED,2020,4,Q2,South Africa,South Africa,Johannesburg Motors,BMW X5,SUV,,Corporate Fleet,Corporate Fleet,ZAR,ZAR,8,1300905.3,,10407242.44,OK,520362.12,396799.62,123562.51,,BAD AGE,,,BAD SCORE
BMW-2494,31-08-2034,CORRUPTED,2021,10,Q4,India,India,Delhi Prestige Auto,BMW X7,SUV,Petrol,Individual,Individual,INR,INR,1,8639232.21,6.36,8639232.21,OK,94936.62,73000.58,21936.04,35,OK,Male,,BAD SCORE
BMW-2660,13-08-2034,CORRUPTED,2021,12,Q4,South Africa,South Africa,,BMW X5,SUV,,Corporate Fleet,Corporate Fleet,ZAR,ZAR,6,1297550.2,,7785301.18,OK,389265.06,297940.09,91324.97,,BAD AGE,,,BAD SCORE
BMW-2283,31-07-2034,CORRUPTED,2021,7,Q3,South Africa,South Africa,Cape Town BMW,BMW 3 Series,Sedan,Petrol,Corporate Fleet,Corporate Fleet,ZAR,ZAR,8,926179.01,4.43,7409432.06,OK,370471.6,279109.54,91362.06,,BAD AGE,Male,,BAD SCORE
BMW-3672,26-07-2034,CORRUPTED,2023,2,Q1,South Africa,South Africa,,BMW X5,SUV,,Corporate Fleet,Corporate Fleet,ZAR,ZAR,5,1452591.75,,7262958.75,OK,363147.94,261855.54,101292.39,,BAD AGE,,,BAD SCORE
BMW-1586,21-07-2034,CORRUPTED,2020,9,Q3,India,India,Delhi Prestige Auto,BMW iX,Electric,Electric,Individual,Individual,INR,INR,1,7048608.5,7.22,7048608.5,OK,77457.24,60111.13,17346.1,,BAD AGE,,,BAD SCORE
BMW-3524,18-07-2034,CORRUPTED,2022,12,Q4,South Africa,South Africa,Cape Town BMW,BMW 5 Series,Sedan,Petrol,Lease,Lease,ZAR,ZAR,6,1160167.12,2.64,6961002.75,OK,348050.14,257397.45,90652.69,,BAD AGE,,,BAD SCORE
BMW-4921,17-07-2034,CORRUPTED,2024,5,Q2,India,India,,BMW X5,SUV,,Individual,Individual,INR,INR,1,6940987.51,,6940987.51,OK,76274.59,57136.3,19138.29,,BAD AGE,,,BAD SCORE
BMW-1119,14-07-2034,CORRUPTED,2020,2,Q1,India,India,Bangalore Motors,BMW X5,SUV,,Individual,Individual,INR,INR,1,6876781.49,,6876781.49,OK,75569.03,59069.07,16499.95,,BAD AGE,,,BAD SCORE
BMW-1522,08-07-2034,CORRUPTED,2020,8,Q3,India,India,Mumbai BMW,BMW X5,SUV,Hybrid,corporate fleet,Corporate Fleet,INR,INR,1,6830122.63,,6830122.63,OK,75056.29,57038.26,18018.04,,BAD AGE,,,BAD SCORE
BMW-1748,30-06-2034,CORRUPTED,2020,11,Q4,South Africa,South Africa,,BMW 3 Series,Sedan,,corporate fleet,Corporate Fleet,ZAR,ZAR,8,845192.33,,6761538.64,OK,338076.93,247204.4,90872.53,,BAD AGE,,,BAD SCORE
BMW-3976,19-06-2034,CORRUPTED,2023,6,Q2,India,India,Mumbai BMW,BMW i4,Electric,,lease,Lease,INR,INR,1,6457177.43,,6457177.43,OK,70957.99,52618.33,18339.66,,BAD AGE,,,BAD SCORE
BMW-2087,11-05-2034,CORRUPTED,2021,4,Q2,South Africa,South Africa,Johannesburg Motors,BMW 7 Series,Sedan,,Lease,Lease,ZAR,ZAR,3,1873427.37,,5620282.11,OK,281014.11,217113.89,63900.22,,BAD AGE,,,BAD SCORE
BMW-4175,10-05-2034,CORRUPTED,2023,8,Q3,South Africa,South Africa,,BMW 2 Series,Coupe,,Corporate Fleet,Corporate Fleet,ZAR,ZAR,8,702127.05,,5617016.39,OK,280850.82,219404.24,61446.58,,BAD AGE,,,BAD SCORE
BMW-2986,01-05-2034,CORRUPTED,2022,5,Q2,China,China,,BMW M3,M Sport,,corporate fleet,Corporate Fleet,CNY,CNY,8,678969.36,,5431754.87,OK,687563.91,498001.2,189562.71,,BAD AGE,,,BAD SCORE
BMW-1750,25-04-2034,CORRUPTED,2020,11,Q4,South Africa,South Africa,Cape Town BMW,BMW X5,SUV,Petrol,lease,Lease,ZAR,ZAR,4,1320105.28,6.93,5280421.1,OK,264021.06,204258.8,59762.26,31,OK,Male,,BAD SCORE
BMW-4074,23-02-2034,CORRUPTED,2023,7,Q3,India,India,,BMW X3,SUV,,corporate fleet,Corporate Fleet,INR,INR,1,4437107.95,,4437107.95,OK,48759.43,36555.89,12203.54,,BAD AGE,,,BAD SCORE
BMW-1887,22-02-2034,CORRUPTED,2021,1,Q1,China,China,,BMW i4,Electric,,Corporate Fleet,Corporate Fleet,CNY,CNY,8,554522.32,,4436178.53,OK,561541.59,425997.45,135544.14,999,BAD AGE,,,BAD SCORE
BMW-2708,21-02-2034,CORRUPTED,2022,1,Q1,China,China,Shanghai BMW,BMW X5,SUV,,Lease,Lease,CNY,CNY,8,554222.93,,4433783.47,OK,561238.41,421695.98,139542.44,,BAD AGE,,,BAD SCORE
BMW-1739,31-01-2034,CORRUPTED,2020,11,Q4,UAE,UAE,Abu Dhabi Motors,BMW i7,Electric,Electric,Corporate Fleet,Corporate Fleet,AED,AED,8,513225.42,,4105803.35,OK,1026450.84,748790.85,277659.99,,BAD AGE,,,BAD SCORE
BMW-4494,25-01-2034,CORRUPTED,2023,12,Q4,China,China,Shanghai BMW,BMW X5,SUV,Diesel,Corporate Fleet,Corporate Fleet,CNY,CNY,7,571817.62,,4002723.35,OK,506673.84,385842.37,120831.47,,BAD AGE,,,BAD SCORE
BMW-1464,10-12-2033,CORRUPTED,2020,7,Q3,South Africa,South Africa,Johannesburg Motors,BMW 3 Series,Sedan,Hybrid,Lease,Lease,ZAR,ZAR,4,877722.14,5.27,3510888.55,OK,175544.43,133430.21,42114.22,54,OK,Male,,BAD SCORE
BMW-3655,30-11-2033,CORRUPTED,2023,2,Q1,China,China,Shenzhen Auto,BMW i4,Electric,,Corporate Fleet,Corporate Fleet,CNY,CNY,7,490670.29,,3434692.03,OK,434771.14,317394.81,117376.34,,BAD AGE,,,BAD SCORE
BMW-2911,28-11-2033,CORRUPTED,2022,4,Q2,China,China,Guangzhou BMW,BMW X7,SUV,Diesel,Corporate Fleet,Corporate Fleet,CNY,CNY,4,855562.01,0.25,3422248.02,OK,433195.95,312681.88,120514.07,55,OK,Female,,BAD SCORE
BMW-1045,20-11-2033,CORRUPTED,2020,1,Q1,China,China,Shanghai BMW,BMW 7 Series,Sedan,Petrol,Corporate Fleet,Corporate Fleet,CNY,CNY,5,677977.88,6.68,3389889.38,OK,429099.92,331075.82,98024.1,63,OK,Male,,BAD SCORE
BMW-3414,09-11-2033,CORRUPTED,2022,11,Q4,China,China,Shenzhen Auto,BMW 7 Series,Sedan,Petrol,Lease,Lease,CNY,CNY,4,822315.01,0,3289260.05,OK,416362.03,299781.93,116580.1,,BAD AGE,,,BAD SCORE
BMW-4066,13-10-2033,CORRUPTED,2023,7,Q3,China,China,,BMW 3 Series,Sedan,,corporate fleet,Corporate Fleet,CNY,CNY,8,368839.91,,2950719.3,OK,373508.77,269382.41,104126.36,,BAD AGE,,,BAD SCORE
BMW-4240,17-09-2033,CORRUPTED,2023,9,Q3,China,China,Guangzhou BMW,BMW X3,SUV,Diesel,Corporate Fleet,Corporate Fleet,CNY,CNY,6,449960.97,,2699765.83,OK,341742.51,249046.22,92696.29,,BAD AGE,,,BAD SCORE
BMW-4567,09-09-2033,CORRUPTED,2024,1,Q1,China,China,,BMW iX,Electric,,Corporate Fleet,Corporate Fleet,CNY,CNY,4,658596.2,,2634384.81,OK,333466.43,259179.53,74286.9,,BAD AGE,,,BAD SCORE
BMW-3965,08-09-2033,CORRUPTED,2023,6,Q2,China,China,,BMW 5 Series,Sedan,,Corporate Fleet,Corporate Fleet,CNY,CNY,6,438776.1,,2632656.62,OK,333247.67,240153.49,93094.18,,BAD AGE,,,BAD SCORE
BMW-4143,28-08-2033,CORRUPTED,2023,8,Q3,China,China,Guangzhou BMW,BMW X3,SUV,Petrol,Corporate Fleet,Corporate Fleet,CNY,CNY,6,419517.99,3.62,2517107.96,OK,318621.26,238033.94,80587.32,,BAD AGE,,,BAD SCORE
BMW-5349,31-07-2033,CORRUPTED,2024,10,Q4,China,China,Guangzhou BMW,BMW 5 Series,Sedan,Petrol,Corporate Fleet,Corporate Fleet,CNY,CNY,5,470775.5,5.07,2353877.52,OK,297959.18,225987.44,71971.73,46,OK,Female,,BAD SCORE
BMW-4577,19-05-2033,CORRUPTED,2024,1,Q1,China,China,,BMW 2 Series,Coupe,,Lease,Lease,CNY,CNY,7,282602.03,,1978214.18,OK,250406.86,193366.15,57040.71,,BAD AGE,,,BAD SCORE
BMW-5165,02-05-2033,CORRUPTED,2024,8,Q3,China,China,,BMW iX,Electric,,Corporate Fleet,Corporate Fleet,CNY,CNY,3,630268.36,,1890805.07,OK,239342.41,179425.86,59916.55,,BAD AGE,,,BAD SCORE
BMW-1199,29-04-2033,CORRUPTED,2020,3,Q1,South Africa,South Africa,,BMW iX,Electric,,Individual,Individual,ZAR,ZAR,1,1880629.53,,1880629.53,OK,94031.48,71282.22,22749.26,,BAD AGE,,,BAD SCORE
BMW-5206,19-04-2033,CORRUPTED,2024,8,Q3,South Africa,South Africa,Cape Town BMW,BMW 7 Series,Sedan,Petrol,Individual,Individual,ZAR,ZAR,1,1844964.59,,1844964.59,OK,92248.23,71014.92,21233.31,,BAD AGE,,,BAD SCORE
BMW-5103,12-04-2033,CORRUPTED,2024,7,Q3,UAE,UAE,,BMW X5,SUV,,Corporate Fleet,Corporate Fleet,AED,AED,6,301281.61,,1807689.68,OK,451922.42,345596.74,106325.68,,BAD AGE,,,BAD SCORE
BMW-1130,09-04-2033,CORRUPTED,2020,2,Q1,South Africa,South Africa,,BMW 7 Series,Sedan,,Individual,Individual,ZAR,ZAR,1,1806876.15,,1806876.15,OK,90343.81,67553.5,22790.31,,BAD AGE,,,BAD SCORE
BMW-2646,02-03-2033,CORRUPTED,2021,12,Q4,UAE,UAE,Dubai BMW,BMW 5 Series,Sedan,,Corporate Fleet,Corporate Fleet,AED,AED,8,210793.88,,1686351.02,OK,421587.76,319333.67,102254.08,,BAD AGE,,,BAD SCORE
BMW-3082,24-02-2033,CORRUPTED,2022,6,Q2,South Africa,South Africa,Johannesburg Motors,BMW M3,M Sport,Diesel,Individual,Individual,ZAR,ZAR,1,1659293.37,6.65,1659293.37,OK,82964.67,63991.67,18973,69,OK,Male,,BAD SCORE
BMW-2711,27-01-2033,CORRUPTED,2022,1,Q1,China,China,,BMW X3,SUV,,Corporate Fleet,Corporate Fleet,CNY,CNY,4,386652.63,,1546610.5,OK,195773.48,147777.56,47995.92,,BAD AGE,,,BAD SCORE
BMW-2423,21-01-2033,CORRUPTED,2021,9,Q3,UAE,UAE,Abu Dhabi Motors,BMW X3,SUV,Petrol,Government,Government,AED,AED,7,218049.75,1.01,1526348.24,OK,381587.06,277532.29,104054.77,,BAD AGE,Male,,BAD SCORE
BMW-3997,07-01-2033,CORRUPTED,2023,6,Q2,South Africa,South Africa,Johannesburg Motors,BMW X5,SUV,Hybrid,Individual,Individual,ZAR,ZAR,1,1454176.11,,1454176.11,OK,72708.81,54512.71,18196.1,,BAD AGE,,,BAD SCORE
BMW-1742,16-12-2032,CORRUPTED,2020,11,Q4,UAE,UAE,,BMW X3,SUV,,Lease,Lease,AED,AED,6,231809.88,,1390859.3,OK,347714.83,255020.05,92694.78,,BAD AGE,,,BAD SCORE
BMW-1270,12-12-2032,CORRUPTED,2020,4,Q2,South Africa,South Africa,Johannesburg Motors,BMW i4,Electric,Electric,Individual,Individual,ZAR,ZAR,1,1377533.09,2.72,1377533.09,OK,68876.65,50977.26,17899.39,,BAD AGE,Prefer not to say,,BAD SCORE
BMW-4946,07-12-2032,CORRUPTED,2024,5,Q2,South Africa,South Africa,Johannesburg Motors,BMW X5,SUV,Petrol,Individual,Individual,ZAR,ZAR,1,1356385.38,1.27,1356385.38,OK,67819.27,49457.38,18361.89,52,OK,Female,,BAD SCORE
BMW-1671,01-12-2032,CORRUPTED,2020,10,Q4,South Africa,South Africa,,BMW X5,SUV,,Individual,Individual,ZAR,ZAR,1,1344228.59,,1344228.59,OK,67211.43,50003.85,17207.58,,BAD AGE,,,BAD SCORE
BMW-4336,23-11-2032,CORRUPTED,2023,10,Q4,South Africa,South Africa,,BMW X5,SUV,,Individual,Individual,ZAR,ZAR,1,1306188.4,,1306188.4,OK,65309.42,49997.72,15311.7,,BAD AGE,,,BAD SCORE
BMW-3080,08-11-2032,CORRUPTED,2022,6,Q2,South Africa,South Africa,,BMW 5 Series,Sedan,,Individual,Individual,ZAR,ZAR,1,1288794.95,,1288794.95,OK,64439.75,47455.34,16984.41,,BAD AGE,,,BAD SCORE
BMW-2577,18-10-2032,CORRUPTED,2021,11,Q4,UAE,UAE,Abu Dhabi Motors,BMW 3 Series,Sedan,Hybrid,lease,Lease,AED,AED,7,176093.72,,1232656.04,OK,308164.01,229102.9,79061.11,,BAD AGE,,,BAD SCORE
BMW-1129,13-10-2032,CORRUPTED,2020,2,Q1,South Africa,South Africa,Cape Town BMW,BMW 5 Series,Sedan,,individual,Individual,ZAR,ZAR,1,1218224.27,,1218224.27,OK,60911.21,44851.35,16059.87,,BAD AGE,,,BAD SCORE
BMW-1514,02-09-2032,CORRUPTED,2020,8,Q3,China,China,,BMW X5,SUV,,Lease,Lease,CNY,CNY,2,535660.78,,1071321.56,OK,135610.32,100949.82,34660.5,,BAD AGE,,,BAD SCORE
BMW-3757,21-08-2032,CORRUPTED,2023,3,Q1,South Africa,South Africa,Johannesburg Motors,BMW X3,SUV,Petrol,Lease,Lease,ZAR,ZAR,1,1036651.23,4.96,1036651.23,OK,51832.56,39268.01,12564.55,37,OK,Prefer not to say,,BAD SCORE
BMW-5145,10-08-2032,CORRUPTED,2024,8,Q3,USA,USA,Dallas BMW,BMW i7,Electric,Electric,lease,Lease,USD,USD,8,126770.18,3.14,1014161.42,OK,930423.33,691592.08,238831.25,56,OK,Female,,BAD SCORE
BMW-3962,06-08-2032,CORRUPTED,2023,6,Q2,China,China,Beijing Luxury Motors,BMW M5,M Sport,,Individual,Individual,CNY,CNY,1,1006575.71,,1006575.71,OK,127414.65,93228.17,34186.48,,BAD AGE,,,BAD SCORE
BMW-1749,28-07-2032,CORRUPTED,2020,11,Q4,South Africa,South Africa,,BMW X3,SUV,,Lease,Lease,ZAR,ZAR,1,993227.17,,993227.17,OK,49661.36,35859.51,13801.85,,BAD AGE,,,BAD SCORE
BMW-4766,23-07-2032,CORRUPTED,2024,3,Q1,South Africa,South Africa,Johannesburg Motors,BMW X3,SUV,Diesel,Individual,Individual,ZAR,ZAR,1,984737.04,,984737.04,OK,49236.85,36693.79,12543.06,,BAD AGE,,,BAD SCORE
BMW-2205,19-07-2032,CORRUPTED,2021,6,Q2,China,China,Beijing Luxury Motors,BMW M5,M Sport,Petrol,Individual,Individual,CNY,CNY,1,979930.77,1.86,979930.77,OK,124041.87,91000.76,33041.11,29,OK,Male,,BAD SCORE
BMW-2346,01-07-2032,CORRUPTED,2021,8,Q3,UAE,UAE,,BMW iX,Electric,,Government,Government,AED,AED,3,319587.13,,958761.4,OK,239690.35,186108.26,53582.09,,BAD AGE,,,BAD SCORE
BMW-1322,29-06-2032,CORRUPTED,2020,5,Q2,Australia,Australia,,BMW X5,SUV,,Lease,Lease,AUD,AUD,8,119386.19,,955089.53,OK,578842.14,445131.44,133710.7,,BAD AGE,,,BAD SCORE
BMW-4406,08-06-2032,CORRUPTED,2023,11,Q4,UAE,UAE,,BMW 3 Series,Sedan,,Government,Government,AED,AED,6,154333.98,,926003.86,OK,231500.97,179936.8,51564.17,,BAD AGE,,,BAD SCORE
BMW-1603,31-05-2032,CORRUPTED,2020,9,Q3,South Africa,South Africa,Johannesburg Motors,BMW 3 Series,Sedan,Diesel,individual,Individual,ZAR,ZAR,1,914728.38,0.91,914728.38,OK,45736.42,33232.88,12503.54,,BAD AGE,,,BAD SCORE
BMW-1892,25-05-2032,CORRUPTED,2021,1,Q1,UAE,UAE,,BMW 3 Series,Sedan,,Government,Government,AED,AED,5,182003.07,,910015.37,OK,227503.84,164315.16,63188.68,,BAD AGE,,,BAD SCORE
BMW-1273,22-05-2032,CORRUPTED,2020,4,Q2,South Africa,South Africa,Johannesburg Motors,BMW 3 Series,Sedan,Hybrid,Individual,Individual,ZAR,ZAR,1,905728.07,1.86,905728.07,OK,45286.4,33225.42,12060.98,55,OK,Female,,BAD SCORE
BMW-3707,14-05-2032,CORRUPTED,2023,3,Q1,USA,USA,Miami Auto Group,BMW M5,M Sport,Hybrid,Corporate Fleet,Corporate Fleet,USD,USD,7,127359.99,3.82,891519.94,OK,817908.2,612302.32,205605.88,,BAD AGE,,,BAD SCORE
BMW-4179,08-05-2032,CORRUPTED,2023,8,Q3,South Africa,South Africa,,BMW 3 Series,Sedan,,Individual,Individual,ZAR,ZAR,1,881742.76,,881742.76,OK,44087.14,34489.81,9597.33,,BAD AGE,,,BAD SCORE
BMW-2128,06-05-2032,CORRUPTED,2021,5,Q2,China,China,Shanghai BMW,BMW i7,Electric,Electric,Individual,Individual,CNY,CNY,1,880868.16,,880868.16,OK,111502.3,83465.63,28036.67,,BAD AGE,,,BAD SCORE
BMW-2568,29-04-2032,CORRUPTED,2021,11,Q4,China,China,Shenzhen Auto,BMW i7,Electric,Electric,Individual,Individual,CNY,CNY,1,868566.39,5.01,868566.39,OK,109945.11,83339.69,26605.43,,BAD AGE,Prefer not to say,,BAD SCORE
BMW-4251,28-04-2032,CORRUPTED,2023,9,Q3,UAE,UAE,Abu Dhabi Motors,BMW 3 Series,Sedan,,Government,Government,AED,AED,5,173664.19,,868320.94,OK,217080.23,162216.81,54863.43,,BAD AGE,,,BAD SCORE
BMW-2635,04-04-2032,CORRUPTED,2021,12,Q4,China,China,Beijing Luxury Motors,BMW M5,M Sport,Diesel,Individual,Individual,CNY,CNY,1,836540.46,4.4,836540.46,OK,105891.2,79746.77,26144.43,,BAD AGE,,,BAD SCORE
BMW-1072,23-03-2032,CORRUPTED,2020,2,Q1,Germany,Germany,AutohaUSA Berlin,BMW 7 Series,Sedan,Diesel,Lease,Lease,EUR,EUR,8,103199.87,4.09,825598.97,OK,825598.97,619785.05,205813.92,40,OK,Female,,BAD SCORE
BMW-4809,25-02-2032,CORRUPTED,2024,4,Q2,China,China,Guangzhou BMW,BMW X7,SUV,Diesel,Individual,Individual,CNY,CNY,1,792548.79,7.54,792548.79,OK,100322.63,78118.77,22203.87,,BAD AGE,Male,,BAD SCORE
BMW-1744,23-02-2032,CORRUPTED,2020,11,Q4,Australia,Australia,Sydney BMW,BMW X5,SUV,Diesel,Corporate Fleet,Corporate Fleet,AUD,AUD,7,113002.27,2.31,791015.87,OK,479403.56,353336.45,126067.11,45,OK,Male,,BAD SCORE
BMW-2563,15-02-2032,CORRUPTED,2021,11,Q4,China,China,Beijing Luxury Motors,BMW 7 Series,Sedan,,Individual,Individual,CNY,CNY,1,783318.52,,783318.52,OK,99154.24,71805.88,27348.36,,BAD AGE,,,BAD SCORE
BMW-3563,04-02-2032,CORRUPTED,2023,1,Q1,China,China,Shanghai BMW,BMW iX,Electric,Electric,Individual,Individual,CNY,CNY,1,770954.1,1.18,770954.1,OK,97589.13,71099.72,26489.41,,BAD AGE,,,BAD SCORE
BMW-5230,30-01-2032,CORRUPTED,2024,9,Q3,USA,USA,New York BMW,BMW X7,SUV,Hybrid,Lease,Lease,USD,USD,8,95505.18,6.23,764041.45,OK,700955.46,538209.11,162746.34,,BAD AGE,Prefer not to say,,BAD SCORE
BMW-1307,29-01-2032,CORRUPTED,2020,5,Q2,China,China,Shanghai BMW,BMW iX,Electric,Electric,Individual,Individual,CNY,CNY,1,763829.89,2.73,763829.89,OK,96687.33,71572.36,25114.96,40,OK,Male,,BAD SCORE
BMW-2649,14-01-2032,CORRUPTED,2021,12,Q4,UAE,UAE,Dubai BMW,BMW X7,SUV,Diesel,lease,Lease,AED,AED,2,375400.86,0.3,750801.71,OK,187700.43,135551.68,52148.75,0,BAD AGE,Female,,BAD SCORE
BMW-4265,04-01-2032,CORRUPTED,2023,9,Q3,South Africa,South Africa,Cape Town BMW,BMW 2 Series,Coupe,Diesel,individual,Individual,ZAR,ZAR,1,740052.48,0.05,740052.48,OK,37002.62,26654.87,10347.75,,BAD AGE,,,BAD SCORE
BMW-1904,31-12-2031,CORRUPTED,2021,2,Q1,Germany,Germany,AutohaUSA Berlin,BMW iX,Electric,Electric,Corporate Fleet,Corporate Fleet,EUR,EUR,8,92127.08,7.85,737016.64,OK,737016.64,575850.13,161166.51,,BAD AGE,,,BAD SCORE
BMW-1884,30-12-2031,CORRUPTED,2021,1,Q1,China,China,,BMW 7 Series,Sedan,,Individual,Individual,CNY,CNY,1,736617.85,,736617.85,OK,93242.77,67550.75,25692.01,,BAD AGE,,,BAD SCORE
BMW-1582,04-12-2031,CORRUPTED,2020,9,Q3,China,China,Guangzhou BMW,BMW M3,M Sport,,Government,Government,CNY,CNY,1,718656.99,,718656.99,OK,90969.24,65592.34,25376.9,,BAD AGE,,,BAD SCORE
BMW-4426,25-11-2031,CORRUPTED,2023,12,Q4,Germany,Germany,Hamburg Drive,BMW 7 Series,Sedan,Petrol,Corporate Fleet,Corporate Fleet,EUR,EUR,7,101822.05,,712754.38,OK,712754.38,542451.26,170303.11,,BAD AGE,,,BAD SCORE
BMW-2935,23-11-2031,CORRUPTED,2022,4,Q2,Australia,Australia,,BMW X5,SUV,,corporate fleet,Corporate Fleet,AUD,AUD,6,118770.53,,712623.2,OK,431892.85,337143.18,94749.67,,BAD AGE,,,BAD SCORE
BMW-5170,19-11-2031,CORRUPTED,2024,8,Q3,China,China,,BMW iX,Electric,,individual,Individual,CNY,CNY,1,710704.16,,710704.16,OK,89962.55,67668.74,22293.81,,BAD AGE,,,BAD SCORE
BMW-2854,12-11-2031,CORRUPTED,2022,3,Q1,South Africa,South Africa,Cape Town BMW,BMW 2 Series,Coupe,Diesel,Individual,Individual,ZAR,ZAR,1,705663.24,7.05,705663.24,OK,35283.16,27331.25,7951.92,53,OK,Male,,BAD SCORE
BMW-3928,12-10-2031,CORRUPTED,2023,6,Q2,Germany,Germany,AutohaUSA Berlin,BMW M3,M Sport,,Corporate Fleet,Corporate Fleet,EUR,EUR,8,85276.87,,682214.96,OK,682214.96,494596.55,187618.4,,BAD AGE,,,BAD SCORE
BMW-3696,07-10-2031,CORRUPTED,2023,3,Q1,Germany,Germany,Hamburg Drive,BMW X7,SUV,Diesel,Corporate Fleet,Corporate Fleet,EUR,EUR,7,97397.32,4.99,681781.26,OK,681781.26,516663.7,165117.55,,BAD AGE,Prefer not to say,,BAD SCORE
BMW-4156,06-10-2031,CORRUPTED,2023,8,Q3,China,China,,BMW M3,M Sport,,Individual,Individual,CNY,CNY,1,680676.86,,680676.86,OK,86161.63,66548.99,19612.64,,BAD AGE,,,BAD SCORE
BMW-3205,05-10-2031,CORRUPTED,2022,8,Q3,China,China,Shanghai BMW,BMW iX,Electric,Electric,Individual,Individual,CNY,CNY,1,679863.83,3.59,679863.83,OK,86058.71,64268.14,21790.57,,BAD AGE,Female,,BAD SCORE
BMW-2257,24-09-2031,CORRUPTED,2021,7,Q3,China,China,Guangzhou BMW,BMW iX,Electric,Electric,Individual,Individual,CNY,CNY,1,666178.4,0.56,666178.4,OK,84326.38,61059.54,23266.84,,BAD AGE,,,BAD SCORE
BMW-5276,21-09-2031,CORRUPTED,2024,9,Q3,China,China,Shenzhen Auto,BMW iX,Electric,,Individual,Individual,CNY,CNY,1,663922.96,,663922.96,OK,84040.88,64287.78,19753.1,,BAD AGE,,,BAD SCORE
BMW-1171,20-09-2031,CORRUPTED,2020,3,Q1,China,China,Guangzhou BMW,BMW 3 Series,Sedan,Diesel,lease,Lease,CNY,CNY,2,331882.51,,663765.02,OK,84020.89,61826.75,22194.13,,BAD AGE,,,BAD SCORE
BMW-2847,03-09-2031,CORRUPTED,2022,3,Q1,UAE,UAE,Dubai BMW,BMW M3,M Sport,Diesel,Lease,Lease,AED,AED,2,327558.89,5.91,655117.77,OK,163779.44,125323.25,38456.2,37,OK,Prefer not to say,,BAD SCORE
BMW-3865,01-09-2031,CORRUPTED,2023,5,Q2,USA,USA,,BMW X5,SUV,,Lease,Lease,USD,USD,8,81723.03,,653784.22,OK,599802.03,453438.07,146363.96,,BAD AGE,,,BAD SCORE
BMW-1003,18-08-2031,CORRUPTED,2020,1,Q1,Germany,Germany,BMW Munich HQ,BMW 7 Series,Sedan,Petrol,Corporate Fleet,Corporate Fleet,eur,EUR,7,92329.81,1.47,646308.64,OK,646308.64,472271.56,174037.08,,BAD AGE,,,BAD SCORE
BMW-4285,10-08-2031,CORRUPTED,2023,10,Q4,USA,USA,Chicago Motors,BMW iX,Electric,Electric,Lease,Lease,USD,USD,7,91156.91,7.89,638098.39,OK,585411.37,457605.1,127806.27,25,OK,Female,,BAD SCORE
BMW-4908,15-07-2031,CORRUPTED,2024,5,Q2,China,China,,BMW X5,SUV,,Individual,Individual,CNY,CNY,1,619125.87,,619125.87,OK,78370.36,58472.55,19897.81,,BAD AGE,,,BAD SCORE
BMW-3500,14-07-2031,CORRUPTED,2022,12,Q4,China,China,Guangzhou BMW,BMW 3 Series,Sedan,Diesel,Corporate Fleet,Corporate Fleet,CNY,CNY,2,309555.82,,619111.65,OK,78368.56,59763.59,18604.97,,BAD AGE,,,BAD SCORE
BMW-5325,17-06-2031,CORRUPTED,2024,10,Q4,USA,USA,,BMW iX,Electric,,corporate fleet,Corporate Fleet,USD,USD,6,100740.39,,604442.33,OK,554534.24,427539.97,126994.27,,BAD AGE,,,BAD SCORE
BMW-4490,30-05-2031,CORRUPTED,2023,12,Q4,China,China,Beijing Luxury Motors,BMW X5,SUV,,individual,Individual,CNY,CNY,1,597696.51,,597696.51,OK,75657.79,58861.89,16795.9,,BAD AGE,,,BAD SCORE
BMW-3968,29-05-2031,CORRUPTED,2023,6,Q2,China,China,Shenzhen Auto,BMW X5,SUV,,Individual,Individual,CNY,CNY,1,597159.34,,597159.34,OK,75589.79,54934.68,20655.11,,BAD AGE,,,BAD SCORE
BMW-1874,22-05-2031,CORRUPTED,2021,1,Q1,China,China,Guangzhou BMW,BMW X5,SUV,Petrol,Individual,Individual,CNY,CNY,1,591468.87,6.01,591468.87,OK,74869.48,57355.36,17514.12,,BAD AGE,,,BAD SCORE
BMW-3120,12-05-2031,CORRUPTED,2022,7,Q3,UK,UK,,BMW M5,M Sport,,Corporate Fleet,Corporate Fleet,GBP,GBP,6,97909.31,,587455.84,OK,683088.18,516008.31,167079.87,,BAD AGE,,,BAD SCORE
BMW-4460,15-04-2031,CORRUPTED,2023,12,Q4,USA,USA,Beverly Hills BMW,BMW 7 Series,Sedan,Diesel,corporate fleet,Corporate Fleet,USD,USD,6,95528.02,7.48,573168.1,OK,525842.29,409221.52,116620.77,,BAD AGE,Prefer not to say,,BAD SCORE
BMW-4904,09-04-2031,CORRUPTED,2024,5,Q2,China,China,Guangzhou BMW,BMW X5,SUV,Hybrid,Individual,Individual,CNY,CNY,1,569566,3.07,569566,OK,72096.96,53556.52,18540.44,25,OK,Female,,BAD SCORE
BMW-3127,17-03-2031,CORRUPTED,2022,7,Q3,China,China,Shenzhen Auto,BMW X5,SUV,,Individual,Individual,CNY,CNY,1,560109.51,,560109.51,OK,70899.94,51758.96,19140.98,,BAD AGE,,,BAD SCORE
BMW-5251,16-03-2031,CORRUPTED,2024,9,Q3,USA,USA,New York BMW,BMW 5 Series,Sedan,,Lease,Lease,USD,USD,8,69996.92,,559975.39,OK,513738.89,383375.06,130363.83,,BAD AGE,,,BAD SCORE
BMW-4485,12-03-2031,CORRUPTED,2023,12,Q4,China,China,,BMW 2 Series,Coupe,,Corporate Fleet,Corporate Fleet,CNY,CNY,2,279216.24,,558432.48,OK,70687.66,53234.34,17453.32,,BAD AGE,,,BAD SCORE
BMW-2829,16-02-2031,CORRUPTED,2022,3,Q1,China,China,,BMW X5,SUV,,Individual,Individual,CNY,CNY,1,539469.83,,539469.83,OK,68287.32,51233.69,17053.63,,BAD AGE,,,BAD SCORE
BMW-3436,06-01-2031,CORRUPTED,2022,11,Q4,Australia,Australia,Melbourne Auto Group,BMW 3 Series,Sedan,Hybrid,Lease,Lease,AUD,AUD,7,73991.62,4.89,517941.32,OK,313903.83,237624.84,76278.99,27,OK,Prefer not to say,,BAD SCORE
BMW-4200,22-12-2030,CORRUPTED,2023,9,Q3,USA,USA,,BMW i4,Electric,,lease,Lease,USD,USD,7,73073.05,,511511.38,OK,469276.49,358009.24,111267.25,,BAD AGE,,,BAD SCORE
BMW-1538,25-10-2030,CORRUPTED,2020,9,Q3,Germany,Germany,Hamburg Drive,BMW M3,M Sport,Hybrid,Lease,Lease,EUR,EUR,6,81059.05,1.32,486354.27,OK,486354.27,354850.77,131503.5,,BAD AGE,Male,,BAD SCORE
BMW-1218,07-09-2030,CORRUPTED,2020,4,Q2,USA,USA,Chicago Motors,BMW 5 Series,Sedan,Hybrid,corporate fleet,Corporate Fleet,USD,USD,8,58513.63,2.67,468109.08,OK,429457.87,317685.49,111772.38,59,OK,Male,,BAD SCORE
BMW-3612,13-07-2030,CORRUPTED,2023,2,Q1,Germany,Germany,BMW Munich HQ,BMW 5 Series,Sedan,,Lease,Lease,eur,EUR,8,55847.17,,446777.39,OK,446777.39,335402.69,111374.7,,BAD AGE,,,BAD SCORE
BMW-4367,29-06-2030,CORRUPTED,2023,11,Q4,USA,USA,,BMW X5,SUV,,Corporate Fleet,Corporate Fleet,USD,USD,6,73472.71,,440836.24,OK,404436.92,304623.13,99813.78,,BAD AGE,,,BAD SCORE
BMW-5353,19-06-2030,CORRUPTED,2024,10,Q4,China,China,Guangzhou BMW,BMW 5 Series,Sedan,Diesel,Corporate Fleet,Corporate Fleet,CNY,CNY,1,437996.08,1.28,437996.08,OK,55442.54,40435.51,15007.03,53,OK,Female,,BAD SCORE
BMW-2998,10-06-2030,CORRUPTED,2022,5,Q2,China,China,Shanghai BMW,BMW X3,SUV,,Individual,Individual,CNY,CNY,1,436417.86,,436417.86,OK,55242.77,42316.02,12926.75,,BAD AGE,,,BAD SCORE
BMW-1385,31-05-2030,CORRUPTED,2020,6,Q2,China,China,Shanghai BMW,BMW X3,SUV,Hybrid,Individual,Individual,CNY,CNY,1,433922.23,4.54,433922.23,OK,54926.86,41426.5,13500.36,47,OK,Female,,BAD SCORE
BMW-4655,15-05-2030,CORRUPTED,2024,2,Q1,China,China,,BMW X3,SUV,,Individual,Individual,CNY,CNY,1,429648.68,,429648.68,OK,54385.91,39745.92,14639.99,,BAD AGE,,,BAD SCORE
BMW-1253,06-05-2030,CORRUPTED,2020,4,Q2,UAE,UAE,Dubai BMW,BMW M5,M Sport,Diesel,Individual,Individual,AED,AED,1,425593.18,5.9,425593.18,OK,106398.29,81413.65,24984.64,,BAD AGE,Prefer not to say,,BAD SCORE
BMW-3128,29-04-2030,CORRUPTED,2022,7,Q3,China,China,Shenzhen Auto,BMW X3,SUV,,Individual,Individual,CNY,CNY,1,423727.64,,423727.64,OK,53636.41,39535.4,14101.01,,BAD AGE,,,BAD SCORE
BMW-1360,28-04-2030,CORRUPTED,2020,6,Q2,USA,USA,,BMW i4,Electric,,Corporate Fleet,Corporate Fleet,USD,USD,6,70585.51,,423513.07,OK,388544.1,291768.34,96775.75,,BAD AGE,,,BAD SCORE
BMW-4637,10-04-2030,CORRUPTED,2024,2,Q1,USA,USA,,BMW 5 Series,Sedan,,Corporate Fleet,Corporate Fleet,USD,USD,7,59875.31,,419127.2,OK,384520.37,283331.19,101189.17,,BAD AGE,,,BAD SCORE
BMW-2734,31-03-2030,CORRUPTED,2022,2,Q1,Germany,Germany,AutohaUSA Berlin,BMW X3,SUV,Diesel,Corporate Fleet,Corporate Fleet,EUR,EUR,8,52164.47,1.08,417315.74,OK,417315.74,303747.28,113568.46,56,OK,Male,,BAD SCORE
BMW-5536,26-03-2030,CORRUPTED,2024,12,Q4,China,China,Beijing Luxury Motors,BMW X3,SUV,Petrol,Individual,Individual,CNY,CNY,1,416707.28,4.89,416707.28,OK,52747.76,39932.65,12815.11,66,OK,Male,,BAD SCORE
BMW-1646,25-03-2030,CORRUPTED,2020,10,Q4,China,China,,BMW X3,SUV,,Individual,Individual,CNY,CNY,1,416592.9,,416592.9,OK,52733.28,39228.87,13504.41,,BAD AGE,,,BAD SCORE
BMW-3054,22-03-2030,CORRUPTED,2022,6,Q2,China,China,,BMW X3,SUV,,Individual,Individual,CNY,CNY,1,415669.3,,415669.3,OK,52616.37,40103.48,12512.89,,BAD AGE,,,BAD SCORE
BMW-1936,15-03-2030,CORRUPTED,2021,2,Q1,China,China,Shanghai BMW,BMW X3,SUV,Diesel,Individual,Individual,CNY,CNY,1,414094.05,,414094.05,OK,52416.97,39868.27,12548.7,,BAD AGE,,,BAD SCORE
BMW-1822,22-02-2030,CORRUPTED,2020,12,Q4,UAE,UAE,,BMW X3,SUV,,Lease,Lease,AED,AED,2,203989.73,,407979.46,OK,101994.87,78009.09,23985.77,,BAD AGE,,,BAD SCORE
BMW-2816,10-02-2030,CORRUPTED,2022,3,Q1,USA,USA,,BMW X7,SUV,,corporate fleet,Corporate Fleet,USD,USD,4,101624.6,,406498.39,OK,372934.3,290691.37,82242.93,,BAD AGE,,,BAD SCORE
BMW-4865,06-02-2030,CORRUPTED,2024,5,Q2,Germany,Germany,,BMW X3,SUV,,corporate fleet,Corporate Fleet,EUR,EUR,8,50730.44,,405843.49,OK,405843.49,315714.83,90128.66,,BAD AGE,,,BAD SCORE
BMW-3187,05-02-2030,CORRUPTED,2022,8,Q3,USA,USA,Miami Auto Group,BMW X5,SUV,Petrol,Government,Government,USD,USD,5,81168.29,6.57,405841.47,OK,372331.62,286938.13,85393.5,,BAD AGE,Female,,BAD SCORE
BMW-4439,03-02-2030,CORRUPTED,2023,12,Q4,USA,USA,,BMW X3,SUV,,Lease,Lease,USD,USD,7,57916.81,,405417.64,OK,371942.79,279471.17,92471.62,,BAD AGE,,,BAD SCORE
BMW-2406,26-01-2030,CORRUPTED,2021,9,Q3,China,China,Beijing Luxury Motors,BMW X3,SUV,,individual,Individual,CNY,CNY,1,402481.03,,402481.03,OK,50946.97,37352.31,13594.65,,BAD AGE,,,BAD SCORE
BMW-1241,08-01-2030,CORRUPTED,2020,4,Q2,China,China,Beijing Luxury Motors,BMW X3,SUV,,Individual,Individual,CNY,CNY,1,399072.5,,399072.5,OK,50515.51,37510.56,13004.94,,BAD AGE,,,BAD SCORE
BMW-2420,26-12-2029,CORRUPTED,2021,9,Q3,UAE,UAE,Dubai BMW,BMW X7,SUV,Petrol,Individual,Individual,AED,AED,1,394338.68,5.92,394338.68,OK,98584.67,75444.77,23139.91,,BAD AGE,,,BAD SCORE
BMW-5514,06-12-2029,CORRUPTED,2024,12,Q4,USA,USA,,BMW M3,M Sport,,Corporate Fleet,Corporate Fleet,USD,USD,4,97176.83,,388707.32,OK,356612.22,269626.42,86985.79,,BAD AGE,,,BAD SCORE
BMW-2134,29-11-2029,CORRUPTED,2021,5,Q2,China,China,Shanghai BMW,BMW 3 Series,Sedan,Diesel,Individual,Individual,CNY,CNY,1,386610.51,0.18,386610.51,OK,48938.04,35297.7,13640.34,,BAD AGE,Male,,BAD SCORE
BMW-4519,26-11-2029,CORRUPTED,2024,1,Q1,Germany,Germany,BMW Munich HQ,BMW M5,M Sport,Hybrid,lease,Lease,EUR,EUR,3,128417.85,1.76,385253.55,OK,385253.55,282354.93,102898.62,,BAD AGE,Male,,BAD SCORE
BMW-1375,20-11-2029,CORRUPTED,2020,6,Q2,China,China,Guangzhou BMW,BMW X3,SUV,,Individual,Individual,CNY,CNY,1,383048.15,,383048.15,OK,48487.11,35792.44,12694.66,,BAD AGE,,,BAD SCORE
BMW-2487,15-11-2029,CORRUPTED,2021,10,Q4,China,China,Shenzhen Auto,BMW X3,SUV,Petrol,Individual,Individual,CNY,CNY,1,381098.05,5.47,381098.05,OK,48240.26,36741.82,11498.44,-5,BAD AGE,,,BAD SCORE
BMW-2479,03-11-2029,CORRUPTED,2021,10,Q4,China,China,Guangzhou BMW,BMW 3 Series,Sedan,,individual,Individual,CNY,CNY,1,377701.85,,377701.85,OK,47810.36,34578.97,13231.4,,BAD AGE,,,BAD SCORE
BMW-3949,27-10-2029,CORRUPTED,2023,6,Q2,USA,USA,Miami Auto Group,BMW X3,SUV,Petrol,Lease,Lease,USD,USD,7,53678.7,,375750.9,OK,344725.6,258764.49,85961.11,,BAD AGE,,,BAD SCORE
BMW-2367,25-10-2029,CORRUPTED,2021,9,Q3,Germany,Germany,Stuttgart Motors,BMW X3,SUV,Petrol,Corporate Fleet,Corporate Fleet,EUR,EUR,7,53599.65,5.29,375197.57,OK,375197.57,285233.2,89964.37,,BAD AGE,,,BAD SCORE
BMW-3411,14-10-2029,CORRUPTED,2022,11,Q4,UK,UK,,BMW 5 Series,Sedan,,Lease,Lease,GBP,GBP,8,46526.47,,372211.77,OK,432804.38,332867.93,99936.45,,BAD AGE,,,BAD SCORE
BMW-5321,09-10-2029,CORRUPTED,2024,10,Q4,USA,USA,Miami Auto Group,BMW iX,Electric,Electric,Corporate Fleet,Corporate Fleet,USD,USD,4,92732.92,2.4,370931.7,OK,340304.31,251056.93,89247.38,,BAD AGE,,,BAD SCORE
BMW-3536,23-08-2029,CORRUPTED,2023,1,Q1,USA,USA,Dallas BMW,BMW M5,M Sport,Hybrid,Government,Government,USD,USD,3,119190.3,5.96,357570.91,OK,328046.7,251154.47,76892.23,,BAD AGE,Female,,BAD SCORE
BMW-1862,14-07-2029,CORRUPTED,2021,1,Q1,USA,USA,,BMW 3 Series,Sedan,,corporate fleet,Corporate Fleet,USD,USD,7,49948.75,,349641.26,OK,320771.8,235732.05,85039.75,,BAD AGE,,,BAD SCORE
BMW-1819,05-07-2029,CORRUPTED,2020,12,Q4,UAE,UAE,Dubai BMW,BMW M3,M Sport,Petrol,Individual,Individual,AED,AED,1,347345.35,,347345.35,OK,86836.34,66449.17,20387.17,,BAD AGE,,,BAD SCORE
BMW-1505,16-06-2029,CORRUPTED,2020,8,Q3,China,China,Guangzhou BMW,BMW 3 Series,Sedan,Petrol,Individual,Individual,CNY,CNY,1,343386.88,4.83,343386.88,OK,43466.69,32883.61,10583.09,42,OK,Prefer not to say,,BAD SCORE
BMW-3449,13-06-2029,CORRUPTED,2022,12,Q4,Germany,Germany,BMW Munich HQ,BMW X3,SUV,Diesel,Corporate Fleet,Corporate Fleet,EUR,EUR,7,48985.59,5.06,342899.12,OK,342899.12,260049.56,82849.56,,BAD AGE,,,BAD SCORE
BMW-1958,08-06-2029,CORRUPTED,2021,2,Q1,UAE,UAE,,BMW iX,Electric,,Individual,Individual,AED,AED,1,342386.55,,342386.55,OK,85596.64,66986.1,18610.54,,BAD AGE,,,BAD SCORE
BMW-5216,01-05-2029,CORRUPTED,2024,9,Q3,Germany,Germany,Stuttgart Motors,BMW X3,SUV,,Lease,Lease,EUR,EUR,6,55699.45,,334196.7,OK,334196.7,247634.74,86561.96,,BAD AGE,,,BAD SCORE
BMW-4549,23-04-2029,CORRUPTED,2024,1,Q1,USA,USA,,BMW 3 Series,Sedan,,Corporate Fleet,Corporate Fleet,USD,USD,7,47440.47,,332083.32,OK,304663.59,223713.39,80950.2,,BAD AGE,,,BAD SCORE
BMW-3934,18-04-2029,CORRUPTED,2023,6,Q2,Germany,Germany,BMW Munich HQ,BMW X5,SUV,Petrol,Lease,Lease,EUR,EUR,5,65984.68,5.34,329923.41,OK,329923.41,250939.92,78983.48,52,OK,Male,,BAD SCORE
BMW-3065,18-03-2029,CORRUPTED,2022,6,Q2,UAE,UAE,Dubai BMW,BMW X5,SUV,Petrol,Individual,Individual,AED,AED,1,322019.31,,322019.31,OK,80504.83,58452.89,22051.93,,BAD AGE,,,BAD SCORE
BMW-1549,11-03-2029,CORRUPTED,2020,9,Q3,USA,USA,,BMW X5,SUV,,Government,Government,USD,USD,4,80054.27,,320217.07,OK,293777.13,225852.33,67924.8,0,BAD AGE,,,BAD SCORE
BMW-3253,05-03-2029,CORRUPTED,2022,9,Q3,USA,USA,New York BMW,BMW 3 Series,Sedan,Diesel,corporate fleet,Corporate Fleet,USD,USD,7,45515.42,6.99,318607.96,OK,292300.88,226269.73,66031.15,,BAD AGE,,,BAD SCORE
BMW-2863,27-02-2029,CORRUPTED,2022,4,Q2,Germany,Germany,Stuttgart Motors,BMW X3,SUV,Hybrid,Corporate Fleet,Corporate Fleet,EUR,EUR,6,52920.39,5.35,317522.33,OK,317522.33,241544.58,75977.75,,BAD AGE,,,BAD SCORE
BMW-1035,07-01-2029,CORRUPTED,2020,1,Q1,China,China,,BMW 2 Series,Coupe,,individual,Individual,CNY,CNY,1,304738.62,,304738.62,OK,38574.51,28276.07,10298.44,,BAD AGE,,,BAD SCORE
BMW-1432,16-11-2028,CORRUPTED,2020,7,Q3,China,China,,BMW 2 Series,Coupe,,individual,Individual,CNY,CNY,1,292315.56,,292315.56,OK,37001.97,27431.75,9570.22,,BAD AGE,,,BAD SCORE
BMW-2324,23-10-2028,CORRUPTED,2021,8,Q3,UK,UK,Manchester Prestige,BMW iX,Electric,Electric,Lease,Lease,GBP,GBP,4,70579.44,7.46,282317.77,OK,328276.48,255420.98,72855.49,,BAD AGE,,,BAD SCORE
BMW-1020,12-09-2028,CORRUPTED,2020,1,Q1,USA,USA,,BMW 2 Series,Coupe,,Lease,Lease,USD,USD,6,45019.04,,270114.21,OK,247811.2,181306.34,66504.86,,BAD AGE,,,BAD SCORE
BMW-3986,31-08-2028,CORRUPTED,2023,6,Q2,UAE,UAE,Dubai BMW,BMW i4,Electric,,Individual,Individual,AED,AED,1,266584.86,,266584.86,OK,66646.21,52112.1,14534.11,,BAD AGE,,,BAD SCORE
BMW-1317,29-07-2028,CORRUPTED,2020,5,Q2,UAE,UAE,,BMW 5 Series,Sedan,,Individual,Individual,AED,AED,1,255312.97,,255312.97,OK,63828.24,47553.08,16275.16,,BAD AGE,,,BAD SCORE
BMW-3878,07-07-2028,CORRUPTED,2023,5,Q2,UK,UK,London BMW Centre,BMW X3,SUV,,lease,Lease,GBP,GBP,5,49944.85,,249724.27,OK,290377.05,213279.35,77097.7,,BAD AGE,,,BAD SCORE
BMW-1368,28-06-2028,CORRUPTED,2020,6,Q2,UK,UK,,BMW iX,Electric,,Lease,Lease,GBP,GBP,3,82687.38,,248062.13,OK,288444.33,211157.11,77287.23,,BAD AGE,,,BAD SCORE
BMW-3540,10-06-2028,CORRUPTED,2023,1,Q1,USA,USA,Dallas BMW,BMW X5,SUV,Hybrid,Corporate Fleet,Corporate Fleet,USD,USD,3,80348.66,,241045.98,OK,221143.1,163525.99,57617.11,,BAD AGE,,,BAD SCORE
BMW-1397,02-05-2028,CORRUPTED,2020,6,Q2,Australia,Australia,Sydney BMW,BMW X3,SUV,Diesel,Corporate Fleet,Corporate Fleet,AUD,AUD,3,76373.61,7.48,229120.82,OK,138861.1,108057.85,30803.26,,BAD AGE,Prefer not to say,,BAD SCORE
BMW-4596,30-04-2028,CORRUPTED,2024,1,Q1,UAE,UAE,Dubai BMW,BMW 5 Series,Sedan,Diesel,individual,Individual,AED,AED,1,228522.47,1.03,228522.47,OK,57130.62,41563.43,15567.18,,BAD AGE,,,BAD SCORE
BMW-3066,27-04-2028,CORRUPTED,2022,6,Q2,UAE,UAE,,BMW X3,SUV,,Individual,Individual,AED,AED,1,227926.66,,227926.66,OK,56981.67,41727.99,15253.68,,BAD AGE,,,BAD SCORE
BMW-1258,12-04-2028,CORRUPTED,2020,4,Q2,UAE,UAE,,BMW X3,SUV,,individual,Individual,AED,AED,1,224153.2,,224153.2,OK,56038.3,41053.5,14984.8,0,BAD AGE,,,BAD SCORE
BMW-2396,29-03-2028,CORRUPTED,2021,9,Q3,UK,UK,Manchester Prestige,BMW X3,SUV,Hybrid,Corporate Fleet,Corporate Fleet,GBP,GBP,5,44126.73,7.28,220633.63,OK,256550.74,199212.77,57337.96,,BAD AGE,,,BAD SCORE
BMW-3069,26-03-2028,CORRUPTED,2022,6,Q2,Australia,Australia,Sydney BMW,BMW i7,Electric,Electric,individual,Individual,AUD,AUD,1,219127.45,,219127.45,OK,132804.51,95958.14,36846.37,,BAD AGE,,,BAD SCORE
BMW-3771,25-03-2028,CORRUPTED,2023,4,Q2,Germany,Germany,BMW Munich HQ,BMW 2 Series,Coupe,Hybrid,Corporate Fleet,Corporate Fleet,EUR,EUR,6,36472.32,7.43,218833.9,OK,218833.9,170203.42,48630.48,,BAD AGE,Female,,BAD SCORE
BMW-3216,21-03-2028,CORRUPTED,2022,8,Q3,UAE,UAE,Abu Dhabi Motors,BMW X3,SUV,Petrol,Individual,Individual,AED,AED,1,218503.55,,218503.55,OK,54625.89,40770.82,13855.07,,BAD AGE,,,BAD SCORE
BMW-4681,06-03-2028,CORRUPTED,2024,2,Q1,Australia,Australia,Melbourne Auto Group,BMW i7,Electric,Electric,Individual,Individual,AUD,AUD,1,213864.72,0.13,213864.72,OK,129614.98,93439.75,36175.23,55,OK,Female,,BAD SCORE
BMW-4602,05-03-2028,CORRUPTED,2024,1,Q1,Australia,Australia,Melbourne Auto Group,BMW i7,Electric,Electric,individual,Individual,AUD,AUD,1,213864.22,1.77,213864.22,OK,129614.68,95007.34,34607.33,,BAD AGE,,,BAD SCORE
BMW-4527,16-02-2028,CORRUPTED,2024,1,Q1,Germany,Germany,BMW Munich HQ,BMW 3 Series,Sedan,,Corporate Fleet,Corporate Fleet,EUR,EUR,5,42146.43,,210732.15,OK,210732.15,159059.53,51672.62,,BAD AGE,,,BAD SCORE
BMW-1995,14-01-2028,CORRUPTED,2021,3,Q1,UK,UK,Manchester Prestige,BMW X3,SUV,Hybrid,lease,Lease,GBP,GBP,5,40520.09,5.27,202600.43,OK,235581.9,179054.68,56527.21,,BAD AGE,Prefer not to say,,BAD SCORE
BMW-3003,13-01-2028,CORRUPTED,2022,5,Q2,UAE,UAE,Dubai BMW,BMW X3,SUV,Diesel,Individual,Individual,AED,AED,1,202540.24,0.59,202540.24,OK,50635.06,36672.13,13962.93,,BAD AGE,,,BAD SCORE
BMW-5408,02-01-2028,CORRUPTED,2024,11,Q4,USA,USA,Miami Auto Group,BMW iX,Electric,Electric,Lease,Lease,USD,USD,2,100123.61,,200247.22,OK,183713.04,134350.3,49362.75,,BAD AGE,,,BAD SCORE
BMW-2379,23-12-2027,CORRUPTED,2021,9,Q3,Germany,Germany,Stuttgart Motors,BMW X3,SUV,,Corporate Fleet,Corporate Fleet,EUR,EUR,4,49221.68,,196886.71,OK,196886.71,151193.48,45693.22,,BAD AGE,,,BAD SCORE
BMW-3299,14-12-2027,CORRUPTED,2022,10,Q4,Germany,Germany,,BMW X5,SUV,,Corporate Fleet,Corporate Fleet,EUR,EUR,3,64993.5,,194980.5,OK,194980.5,148353.97,46626.53,,BAD AGE,,,BAD SCORE
BMW-2683,13-12-2027,CORRUPTED,2022,1,Q1,USA,USA,Dallas BMW,BMW 2 Series,Coupe,Diesel,Corporate Fleet,Corporate Fleet,USD,USD,5,38917.93,4.92,194589.65,OK,178522.61,135192.38,43330.23,,BAD AGE,Male,,BAD SCORE
BMW-3869,07-12-2027,CORRUPTED,2023,5,Q2,USA,USA,Chicago Motors,BMW 2 Series,Coupe,Hybrid,Government,Government,USD,USD,5,38532.03,6.2,192660.15,OK,176752.43,135675.2,41077.23,37,OK,Prefer not to say,,BAD SCORE
BMW-1622,16-11-2027,CORRUPTED,2020,10,Q4,USA,USA,Beverly Hills BMW,BMW iX,Electric,Electric,Corporate Fleet,Corporate Fleet,USD,USD,2,92975.77,2.45,185951.53,OK,170597.74,125915.95,44681.79,-5,BAD AGE,Male,,BAD SCORE
BMW-3786,10-11-2027,CORRUPTED,2023,4,Q2,USA,USA,Dallas BMW,BMW iX,Electric,Electric,Corporate Fleet,Corporate Fleet,USD,USD,2,92369.05,7.43,184738.1,OK,169484.49,131827.03,37657.47,,BAD AGE,,,BAD SCORE
BMW-2189,01-11-2027,CORRUPTED,2021,6,Q2,UK,UK,,BMW 3 Series,Sedan,,Government,Government,GBP,GBP,5,35881.67,,179408.36,OK,208614.37,153685.28,54929.09,,BAD AGE,,,BAD SCORE
BMW-4302,21-09-2027,CORRUPTED,2023,10,Q4,UK,UK,Manchester Prestige,BMW X3,SUV,,corporate fleet,Corporate Fleet,GBP,GBP,4,40941.78,,163767.13,OK,190426.89,143317.5,47109.39,,BAD AGE,,,BAD SCORE
BMW-2293,15-09-2027,CORRUPTED,2021,8,Q3,Germany,Germany,Hamburg Drive,BMW X3,SUV,Petrol,Government,Government,EUR,EUR,3,53867.37,6.76,161602.12,OK,161602.12,124789.71,36812.41,,BAD AGE,,,BAD SCORE
BMW-2294,07-09-2027,CORRUPTED,2021,8,Q3,Germany,Germany,Hamburg Drive,BMW X3,SUV,Hybrid,corporate fleet,Corporate Fleet,EUR,EUR,3,53289.11,,159867.34,OK,159867.34,115578.48,44288.86,,BAD AGE,,,BAD SCORE
BMW-2716,02-09-2027,CORRUPTED,2022,1,Q1,UAE,UAE,,BMW 3 Series,Sedan,,individual,Individual,AED,AED,1,159223.29,,159223.29,OK,39805.82,30595.06,9210.77,,BAD AGE,,,BAD SCORE
BMW-1091,25-08-2027,CORRUPTED,2020,2,Q1,USA,USA,,BMW X3,SUV,,Corporate Fleet,Corporate Fleet,USD,USD,3,52793.71,,158381.12,OK,145303.78,108901.75,36402.03,,BAD AGE,,,BAD SCORE
BMW-3486,14-08-2027,CORRUPTED,2022,12,Q4,UK,UK,,BMW 3 Series,Sedan,,Corporate Fleet,Corporate Fleet,GBP,GBP,4,38924.59,,155698.37,OK,181044.62,140577.93,40466.68,,BAD AGE,,,BAD SCORE
BMW-2801,25-07-2027,CORRUPTED,2022,3,Q1,USA,USA,Beverly Hills BMW,BMW X5,SUV,,Corporate Fleet,Corporate Fleet,USD,USD,2,74922.59,,149845.17,OK,137472.63,102078.3,35394.34,,BAD AGE,,,BAD SCORE
BMW-2950,16-07-2027,CORRUPTED,2022,5,Q2,Germany,Germany,,BMW X3,SUV,,Lease,Lease,EUR,EUR,3,49329.05,,147987.16,OK,147987.16,114954.53,33032.64,,BAD AGE,,,BAD SCORE
BMW-5457,15-07-2027,CORRUPTED,2024,11,Q4,Australia,Australia,,BMW iX,Electric,,Individual,Individual,AUD,AUD,1,147890.52,,147890.52,OK,89630.62,65511.03,24119.58,,BAD AGE,,,BAD SCORE
BMW-1122,10-07-2027,CORRUPTED,2020,2,Q1,UAE,UAE,,BMW 2 Series,Coupe,,Individual,Individual,AED,AED,1,146620.44,,146620.44,OK,36655.11,26642.17,10012.94,,BAD AGE,,,BAD SCORE
BMW-3479,10-06-2027,CORRUPTED,2022,12,Q4,UK,UK,Manchester Prestige,BMW X3,SUV,Hybrid,lease,Lease,GBP,GBP,3,46573.85,0.36,139721.54,OK,162466.91,117394.76,45072.15,,BAD AGE,,,BAD SCORE
BMW-4937,06-06-2027,CORRUPTED,2024,5,Q2,Australia,Australia,,BMW M3,M Sport,,Individual,Individual,AUD,AUD,1,138035.79,,138035.79,OK,83658.05,62764.28,20893.77,,BAD AGE,,,BAD SCORE
BMW-2176,25-05-2027,CORRUPTED,2021,6,Q2,USA,USA,Beverly Hills BMW,BMW i7,Electric,Electric,Corporate Fleet,Corporate Fleet,USD,USD,1,135974.44,4.54,135974.44,OK,124747.19,94088.79,30658.4,38,OK,Male,,BAD SCORE
BMW-1125,22-05-2027,CORRUPTED,2020,2,Q1,Australia,Australia,Melbourne Auto Group,BMW 2 Series,Coupe,,lease,Lease,AUD,AUD,2,67753.57,,135507.14,OK,82125.54,61736.67,20388.87,,BAD AGE,,,BAD SCORE
BMW-1595,16-05-2027,CORRUPTED,2020,9,Q3,Australia,Australia,,BMW M3,M Sport,,Individual,Individual,AUD,AUD,1,135067.98,,135067.98,OK,81859.38,63789.46,18069.92,,BAD AGE,,,BAD SCORE
BMW-2127,05-05-2027,CORRUPTED,2021,5,Q2,UK,UK,,BMW X5,SUV,,Corporate Fleet,Corporate Fleet,GBP,GBP,2,66203.1,,132406.21,OK,153960.71,117978.89,35981.81,,BAD AGE,,,BAD SCORE
BMW-4186,14-03-2027,CORRUPTED,2023,9,Q3,Germany,Germany,,BMW 3 Series,Sedan,,Corporate Fleet,Corporate Fleet,EUR,EUR,3,41164.49,,123493.47,OK,123493.47,94694.35,28799.12,,BAD AGE,,,BAD SCORE
BMW-4855,06-03-2027,CORRUPTED,2024,5,Q2,Germany,Germany,,BMW M5,M Sport,,individual,Individual,EUR,EUR,1,122454.61,,122454.61,OK,122454.61,89548.1,32906.5,,BAD AGE,,,BAD SCORE
BMW-3176,26-02-2027,CORRUPTED,2022,8,Q3,USA,USA,Beverly Hills BMW,BMW 2 Series,Coupe,Diesel,Lease,Lease,USD,USD,3,40429.09,1.43,121287.28,OK,111272.74,81277.86,29994.88,,BAD AGE,Male,,BAD SCORE
BMW-1849,26-01-2027,CORRUPTED,2021,1,Q1,Germany,Germany,,BMW 5 Series,Sedan,,Lease,Lease,EUR,EUR,2,58710.55,,117421.1,OK,117421.1,85261.75,32159.35,,BAD AGE,,,BAD SCORE
BMW-4278,17-12-2026,CORRUPTED,2023,10,Q4,Germany,Germany,BMW Munich HQ,BMW i7,Electric,Electric,Individual,Individual,eur,EUR,1,111854.73,,111854.73,OK,111854.73,85989.94,25864.8,,BAD AGE,,,BAD SCORE
BMW-3391,10-12-2026,CORRUPTED,2022,11,Q4,USA,USA,,BMW 2 Series,Coupe,,Corporate Fleet,Corporate Fleet,USD,USD,3,37061.72,,111185.16,OK,102004.74,79391.87,22612.87,,BAD AGE,,,BAD SCORE
BMW-5114,26-11-2026,CORRUPTED,2024,7,Q3,Australia,Australia,,BMW i4,Electric,,Individual,Individual,AUD,AUD,1,109153.69,,109153.69,OK,66153.75,50964.14,15189.61,,BAD AGE,,,BAD SCORE
BMW-4801,24-11-2026,CORRUPTED,2024,4,Q2,UK,UK,,BMW i7,Electric,,Corporate Fleet,Corporate Fleet,GBP,GBP,1,109072.57,,109072.57,OK,126828.57,97114.43,29714.14,,BAD AGE,,,BAD SCORE
BMW-2400,19-10-2026,CORRUPTED,2021,9,Q3,UK,UK,,BMW M5,M Sport,,Individual,Individual,GBP,GBP,1,105555.37,,105555.37,OK,122738.8,94846.68,27892.12,,BAD AGE,,,BAD SCORE
BMW-3625,09-10-2026,CORRUPTED,2023,2,Q1,USA,USA,New York BMW,BMW iX,Electric,Electric,Individual,Individual,USD,USD,1,104563.78,,104563.78,OK,95930.07,69765.15,26164.92,,BAD AGE,,,BAD SCORE
BMW-2061,04-10-2026,CORRUPTED,2021,4,Q2,UK,UK,,BMW i7,Electric,,Individual,Individual,GBP,GBP,1,104039.7,,104039.7,OK,120976.39,89466.97,31509.42,,BAD AGE,,,BAD SCORE
BMW-3318,30-09-2026,CORRUPTED,2022,10,Q4,USA,USA,,BMW X7,SUV,,Individual,Individual,USD,USD,1,103593.05,,103593.05,OK,95039.5,68826.8,26212.7,,BAD AGE,,,BAD SCORE
BMW-1639,22-09-2026,CORRUPTED,2020,10,Q4,UK,UK,Edinburgh Motors,BMW i7,Electric,Electric,Individual,Individual,gbp,GBP,1,103110.57,2.72,103110.57,OK,119896.01,88741.65,31154.36,,BAD AGE,,,BAD SCORE
BMW-1824,28-08-2026,CORRUPTED,2020,12,Q4,Australia,Australia,,BMW 5 Series,Sedan,,Individual,Individual,AUD,AUD,1,100656.95,,100656.95,OK,61004.21,45835.09,15169.13,,BAD AGE,,,BAD SCORE
BMW-5407,08-08-2026,CORRUPTED,2024,11,Q4,USA,USA,Beverly Hills BMW,BMW X7,SUV,Hybrid,Individual,Individual,USD,USD,1,98574.76,,98574.76,OK,90435.56,69614.12,20821.44,,BAD AGE,,,BAD SCORE
BMW-2540,31-07-2026,CORRUPTED,2021,11,Q4,USA,USA,,BMW iX,Electric,,individual,Individual,USD,USD,1,97633.09,,97633.09,OK,89571.65,67419.99,22151.66,,BAD AGE,,,BAD SCORE
BMW-5388,18-07-2026,CORRUPTED,2024,11,Q4,Germany,Germany,,BMW X7,SUV,,Individual,Individual,EUR,EUR,1,96834.61,,96834.61,OK,96834.61,73966.83,22867.78,,BAD AGE,,,BAD SCORE
BMW-2758,13-07-2026,CORRUPTED,2022,2,Q1,USA,USA,Dallas BMW,BMW 7 Series,Sedan,Diesel,Individual,Individual,USD,USD,1,96576.32,,96576.32,OK,88602.13,65032.4,23569.73,,BAD AGE,,,BAD SCORE
BMW-4792,07-07-2026,CORRUPTED,2024,4,Q2,UK,UK,London BMW Centre,BMW 5 Series,Sedan,Petrol,Lease,Lease,GBP,GBP,2,48057.9,,96115.81,OK,111762.56,87248.58,24513.98,,BAD AGE,,,BAD SCORE
BMW-4444,24-06-2026,CORRUPTED,2023,12,Q4,USA,USA,Beverly Hills BMW,BMW M3,M Sport,Petrol,individual,Individual,USD,USD,1,95442.88,1.46,95442.88,OK,87562.27,63978.81,23583.47,,BAD AGE,,,BAD SCORE
BMW-3829,20-06-2026,CORRUPTED,2023,4,Q2,Australia,Australia,Melbourne Auto Group,BMW 5 Series,Sedan,Petrol,Individual,Individual,AUD,AUD,1,95058.55,0.07,95058.55,OK,57611.24,41509.37,16101.88,,BAD AGE,Female,,BAD SCORE
BMW-5039,09-06-2026,CORRUPTED,2024,7,Q3,Germany,Germany,Stuttgart Motors,BMW X7,SUV,Diesel,Individual,Individual,EUR,EUR,1,94374.83,3.73,94374.83,OK,94374.83,70584.62,23790.21,,BAD AGE,Female,,BAD SCORE
BMW-1497,22-05-2026,CORRUPTED,2020,8,Q3,UK,UK,,BMW X7,SUV,,Lease,Lease,GBP,GBP,1,93383.16,,93383.16,OK,108585.08,80552.33,28032.74,,BAD AGE,,,BAD SCORE
BMW-5196,18-05-2026,CORRUPTED,2024,8,Q3,Australia,Australia,Sydney BMW,BMW 5 Series,Sedan,Petrol,Individual,Individual,AUD,AUD,1,93185.23,6.68,93185.23,OK,56475.9,43573.25,12902.65,56,OK,Female,,BAD SCORE
BMW-5561,08-05-2026,CORRUPTED,2024,12,Q4,Australia,Australia,Melbourne Auto Group,BMW 5 Series,Sedan,Hybrid,individual,Individual,AUD,AUD,1,92421.82,,92421.82,OK,56013.23,41815.95,14197.28,,BAD AGE,,,BAD SCORE
BMW-4640,04-05-2026,CORRUPTED,2024,2,Q1,USA,USA,Miami Auto Group,BMW 3 Series,Sedan,Hybrid,Corporate Fleet,Corporate Fleet,USD,USD,2,46154.23,2.45,92308.47,OK,84686.67,62503.5,22183.17,,BAD AGE,,,BAD SCORE
BMW-4016,29-04-2026,CORRUPTED,2023,7,Q3,Germany,Germany,,BMW iX,Electric,,Individual,Individual,EUR,EUR,1,91774.99,,91774.99,OK,91774.99,66361.17,25413.82,,BAD AGE,,,BAD SCORE
BMW-4436,10-04-2026,CORRUPTED,2023,12,Q4,Germany,Germany,Hamburg Drive,BMW X7,SUV,,Individual,Individual,EUR,EUR,1,91026.51,,91026.51,OK,91026.51,69866.69,21159.82,,BAD AGE,,,BAD SCORE
BMW-5064,27-02-2026,CORRUPTED,2024,7,Q3,USA,USA,,BMW X5,SUV,,Individual,Individual,USD,USD,1,87300.87,,87300.87,OK,80092.54,57920.27,22172.27,-5,BAD AGE,,,BAD SCORE
BMW-2239,11-02-2026,CORRUPTED,2021,7,Q3,USA,USA,,BMW iX,Electric,,Individual,Individual,USD,USD,1,86078.29,,86078.29,OK,78970.91,60354.95,18615.95,,BAD AGE,,,BAD SCORE
BMW-5329,19-01-2026,CORRUPTED,2024,10,Q4,USA,USA,Miami Auto Group,BMW X5,SUV,Petrol,Individual,Individual,USD,USD,1,84838.64,0.35,84838.64,OK,77833.61,56234.64,21598.97,,BAD AGE,Female,,BAD SCORE
BMW-4268,21-12-2025,CORRUPTED,2023,10,Q4,Germany,Germany,,BMW iX,Electric,,Corporate Fleet,Corporate Fleet,EUR,EUR,1,83342.28,,83342.28,OK,83342.28,62343.47,20998.81,,BAD AGE,,,BAD SCORE
BMW-4528,11-12-2025,CORRUPTED,2024,1,Q1,USA,USA,Beverly Hills BMW,BMW X5,SUV,,Individual,Individual,USD,USD,1,82726.59,,82726.59,OK,75895.96,57381.8,18514.16,,BAD AGE,,,BAD SCORE
BMW-3939,02-12-2025,CORRUPTED,2023,6,Q2,USA,USA,Chicago Motors,BMW X5,SUV,Hybrid,individual,Individual,USD,USD,1,82211.54,7.32,82211.54,OK,75423.43,58596.34,16827.09,36,OK,Male,,BAD SCORE
BMW-5303,30-11-2025,CORRUPTED,2024,10,Q4,Germany,Germany,,BMW M3,M Sport,,individual,Individual,EUR,EUR,1,82166.88,,82166.88,OK,82166.88,61775.77,20391.11,,BAD AGE,,,BAD SCORE
BMW-3037,10-11-2025,CORRUPTED,2022,6,Q2,USA,USA,Dallas BMW,BMW 2 Series,Coupe,Diesel,Lease,Lease,USD,USD,2,40336.42,2.6,80672.83,OK,74011.77,54708.44,19303.34,,BAD AGE,,,BAD SCORE
BMW-4760,23-10-2025,CORRUPTED,2024,3,Q1,Australia,Australia,Sydney BMW,BMW 3 Series,Sedan,Hybrid,Individual,Individual,AUD,AUD,1,79350.46,0.64,79350.46,OK,48091.19,34848.21,13242.98,,BAD AGE,,,BAD SCORE
BMW-2058,17-10-2025,CORRUPTED,2021,4,Q2,UK,UK,Manchester Prestige,BMW iX,Electric,Electric,Individual,Individual,GBP,GBP,1,79156.23,7.82,79156.23,OK,92042.13,71890.94,20151.19,,BAD AGE,Female,,BAD SCORE
BMW-2445,13-10-2025,CORRUPTED,2021,10,Q4,Germany,Germany,Stuttgart Motors,BMW M3,M Sport,Hybrid,Individual,Individual,EUR,EUR,1,78683.97,1.16,78683.97,OK,78683.97,57319.73,21364.24,,BAD AGE,Prefer not to say,,BAD SCORE
BMW-2933,29-09-2025,CORRUPTED,2022,4,Q2,Australia,Australia,Melbourne Auto Group,BMW X3,SUV,Diesel,Individual,Individual,AUD,AUD,1,78070.15,5.52,78070.15,OK,47315.24,36059.22,11256.02,25,OK,Male,,BAD SCORE
BMW-1771,17-09-2025,CORRUPTED,2020,12,Q4,USA,USA,Dallas BMW,BMW X5,SUV,,Individual,Individual,USD,USD,1,77341.38,,77341.38,OK,70955.4,55300.56,15654.84,,BAD AGE,,,BAD SCORE
BMW-2590,24-07-2025,CORRUPTED,2021,12,Q4,Germany,Germany,Hamburg Drive,BMW M3,M Sport,Petrol,Individual,Individual,EUR,EUR,1,74989.86,7.55,74989.86,OK,74989.86,58402.13,16587.72,,BAD AGE,,,BAD SCORE
BMW-5238,19-07-2025,CORRUPTED,2024,9,Q3,USA,USA,New York BMW,BMW X5,SUV,Diesel,Individual,Individual,USD,USD,1,74676.34,7.27,74676.34,OK,68510.4,53193.71,15316.69,,BAD AGE,Prefer not to say,,BAD SCORE
BMW-4620,03-07-2025,CORRUPTED,2024,2,Q1,Germany,Germany,AutohaUSA Berlin,BMW X5,SUV,Hybrid,Individual,Individual,EUR,EUR,1,73809.56,,73809.56,OK,73809.56,57150.19,16659.37,,BAD AGE,,,BAD SCORE
BMW-3601,25-06-2025,CORRUPTED,2023,2,Q1,Germany,Germany,BMW Munich HQ,BMW i4,Electric,Electric,Individual,Individual,EUR,EUR,1,73225.26,0.98,73225.26,OK,73225.26,53244.06,19981.2,,BAD AGE,Prefer not to say,,BAD SCORE
BMW-1491,18-06-2025,CORRUPTED,2020,8,Q3,USA,USA,,BMW i4,Electric,,Individual,Individual,USD,USD,1,72737.32,,72737.32,OK,66731.49,49218.25,17513.23,,BAD AGE,,,BAD SCORE
BMW-1208,09-06-2025,CORRUPTED,2020,4,Q2,Germany,Germany,AutohaUSA Berlin,BMW X5,SUV,Diesel,Individual,Individual,EUR,EUR,1,72312,,72312,OK,72312,52832.18,19479.82,,BAD AGE,,,BAD SCORE
BMW-3466,28-05-2025,CORRUPTED,2022,12,Q4,USA,USA,,BMW 5 Series,Sedan,,individual,Individual,USD,USD,1,71316.66,,71316.66,OK,65428.13,48012.45,17415.68,,BAD AGE,,,BAD SCORE
BMW-2022,25-05-2025,CORRUPTED,2021,3,Q1,Australia,Australia,Melbourne Auto Group,BMW 3 Series,Sedan,Hybrid,individual,Individual,AUD,AUD,1,71216.17,4.11,71216.17,OK,43161.32,32409.06,10752.26,,BAD AGE,,,BAD SCORE
BMW-1341,19-05-2025,CORRUPTED,2020,6,Q2,Germany,Germany,,BMW X5,SUV,,Individual,Individual,EUR,EUR,1,71056.38,,71056.38,OK,71056.38,53937.64,17118.74,,BAD AGE,,,BAD SCORE
BMW-4047,16-05-2025,CORRUPTED,2023,7,Q3,UK,UK,Edinburgh Motors,BMW M3,M Sport,Petrol,Corporate Fleet,Corporate Fleet,GBP,GBP,1,70988.9,1.34,70988.9,OK,82545.23,60237.82,22307.4,50,OK,Prefer not to say,,BAD SCORE
BMW-2281,14-05-2025,CORRUPTED,2021,7,Q3,Australia,Australia,Sydney BMW,BMW 2 Series,Coupe,,Individual,Individual,AUD,AUD,1,70952.42,,70952.42,OK,43001.47,30976.04,12025.43,,BAD AGE,,,BAD SCORE
BMW-4478,12-05-2025,CORRUPTED,2023,12,Q4,UK,UK,Edinburgh Motors,BMW X5,SUV,Petrol,Individual,Individual,GBP,GBP,1,70575.25,0.17,70575.25,OK,82064.25,59187.78,22876.47,,BAD AGE,Female,,BAD SCORE
BMW-2062,04-05-2025,CORRUPTED,2021,4,Q2,UK,UK,,BMW M3,M Sport,,Individual,Individual,GBP,GBP,1,69851.75,,69851.75,OK,81222.96,62750.45,18472.52,,BAD AGE,,,BAD SCORE
BMW-1476,27-04-2025,CORRUPTED,2020,8,Q3,Germany,Germany,Hamburg Drive,BMW i4,Electric,,Individual,Individual,eur,EUR,1,69590.22,,69590.22,OK,69590.22,53525.05,16065.16,,BAD AGE,,,BAD SCORE
BMW-2505,12-04-2025,CORRUPTED,2021,10,Q4,Australia,Australia,Sydney BMW,BMW 2 Series,Coupe,Petrol,Corporate Fleet,Corporate Fleet,AUD,AUD,1,68431.83,0.22,68431.83,OK,41473.84,29928.49,11545.34,31,OK,Female,,BAD SCORE
BMW-1683,07-04-2025,CORRUPTED,2020,11,Q4,Germany,Germany,,BMW X5,SUV,,Individual,Individual,EUR,EUR,1,68283.34,,68283.34,OK,68283.34,52111.33,16172.02,,BAD AGE,,,BAD SCORE
BMW-3834,22-03-2025,CORRUPTED,2023,4,Q2,Australia,Australia,Melbourne Auto Group,BMW 3 Series,Sedan,Petrol,Individual,Individual,AUD,AUD,1,67537.9,,67537.9,OK,40932.06,31586.74,9345.32,,BAD AGE,,,BAD SCORE
BMW-1068,21-02-2025,CORRUPTED,2020,2,Q1,Germany,Germany,,BMW X5,SUV,,individual,Individual,EUR,EUR,1,66365.17,,66365.17,OK,66365.17,50255.53,16109.65,,BAD AGE,,,BAD SCORE
BMW-5415,18-02-2025,CORRUPTED,2024,11,Q4,USA,USA,Dallas BMW,BMW 5 Series,Sedan,Petrol,Individual,Individual,USD,USD,1,66189.01,,66189.01,OK,60723.86,45730.47,14993.39,,BAD AGE,,,BAD SCORE
BMW-2947,16-02-2025,CORRUPTED,2022,5,Q2,Germany,Germany,Hamburg Drive,BMW i4,Electric,Electric,Individual,Individual,EUR,EUR,1,65987.85,,65987.85,OK,65987.85,48551.71,17436.14,,BAD AGE,,,BAD SCORE
BMW-1221,27-01-2025,CORRUPTED,2020,4,Q2,USA,USA,Miami Auto Group,BMW 5 Series,Sedan,Diesel,Individual,Individual,USD,USD,1,65038.4,1.13,65038.4,OK,59668.26,43450.77,16217.49,,BAD AGE,,,BAD SCORE
BMW-1558,17-01-2025,CORRUPTED,2020,9,Q3,USA,USA,,BMW 5 Series,Sedan,,Individual,Individual,USD,USD,1,64614.54,,64614.54,OK,59279.4,43242.39,16037,,BAD AGE,,,BAD SCORE
BMW-3085,13-12-2024,CORRUPTED,2022,7,Q3,Germany,Germany,Hamburg Drive,BMW 5 Series,Sedan,Hybrid,Individual,Individual,eur,EUR,1,63109.74,5.1,63109.74,OK,63109.74,47879.11,15230.62,,BAD AGE,Male,,BAD SCORE
BMW-3121,05-12-2024,CORRUPTED,2022,7,Q3,UK,UK,Manchester Prestige,BMW i4,Electric,Electric,Individual,Individual,GBP,GBP,1,62806.48,,62806.48,OK,73030.79,52933.81,20096.98,0,BAD AGE,,,BAD SCORE
BMW-1700,01-12-2024,CORRUPTED,2020,11,Q4,USA,USA,New York BMW,BMW X3,SUV,Diesel,individual,Individual,USD,USD,1,62721.91,1.73,62721.91,OK,57543.04,42158.61,15384.42,65,OK,Male,,BAD SCORE
BMW-2620,28-11-2024,CORRUPTED,2021,12,Q4,UK,UK,,BMW X5,SUV,,Individual,Individual,GBP,GBP,1,62679.08,,62679.08,OK,72882.65,53118.93,19763.72,,BAD AGE,,,BAD SCORE
BMW-1280,11-11-2024,CORRUPTED,2020,5,Q2,Germany,Germany,Stuttgart Motors,BMW 5 Series,Sedan,,Individual,Individual,EUR,EUR,1,61960.13,,61960.13,OK,61960.13,47606.08,14354.05,,BAD AGE,,,BAD SCORE
BMW-2815,09-11-2024,CORRUPTED,2022,3,Q1,USA,USA,,BMW X3,SUV,,Individual,Individual,USD,USD,1,61933.5,,61933.5,OK,56819.72,42726.38,14093.34,,BAD AGE,,,BAD SCORE
BMW-4190,17-10-2024,CORRUPTED,2023,9,Q3,Germany,Germany,,BMW i4,Electric,,Individual,Individual,EUR,EUR,1,61302.58,,61302.58,OK,61302.58,44599.56,16703.02,,BAD AGE,,,BAD SCORE
BMW-2623,11-10-2024,CORRUPTED,2021,12,Q4,UK,UK,,BMW X5,SUV,,individual,Individual,GBP,GBP,1,61177.86,,61177.86,OK,71137.04,55246.55,15890.49,,BAD AGE,,,BAD SCORE
BMW-4019,19-09-2024,CORRUPTED,2023,7,Q3,Germany,Germany,,BMW 5 Series,Sedan,,Individual,Individual,EUR,EUR,1,60267.29,,60267.29,OK,60267.29,46692.16,13575.13,,BAD AGE,,,BAD SCORE
BMW-3096,12-09-2024,CORRUPTED,2022,7,Q3,Germany,Germany,,BMW 5 Series,Sedan,,Individual,Individual,EUR,EUR,1,59899.09,,59899.09,OK,59899.09,44419.88,15479.22,,BAD AGE,,,BAD SCORE
BMW-5043,11-09-2024,CORRUPTED,2024,7,Q3,Germany,Germany,Stuttgart Motors,BMW 5 Series,Sedan,Petrol,Individual,Individual,EUR,EUR,1,59898.58,,59898.58,OK,59898.58,45388.52,14510.06,,BAD AGE,,,BAD SCORE
BMW-1215,12-08-2024,CORRUPTED,2020,4,Q2,Germany,Germany,AutohaUSA Berlin,BMW 5 Series,Sedan,Diesel,Individual,Individual,EUR,EUR,1,58885.5,7.47,58885.5,OK,58885.5,45822.78,13062.72,,BAD AGE,,,BAD SCORE
BMW-1625,05-08-2024,CORRUPTED,2020,10,Q4,USA,USA,New York BMW,BMW X3,SUV,Hybrid,Individual,Individual,USD,USD,1,58650.94,2.97,58650.94,OK,53808.2,39927.5,13880.7,48,OK,Male,,BAD SCORE
BMW-3723,24-07-2024,CORRUPTED,2023,3,Q1,UK,UK,London BMW Centre,BMW i4,Electric,,Individual,Individual,GBP,GBP,1,58414,,58414,OK,67923.26,51841.13,16082.13,,BAD AGE,,,BAD SCORE
BMW-4195,05-07-2024,CORRUPTED,2023,9,Q3,Germany,Germany,,BMW 5 Series,Sedan,,Individual,Individual,EUR,EUR,1,57937.58,,57937.58,OK,57937.58,44800.39,13137.19,,BAD AGE,,,BAD SCORE
BMW-3328,25-06-2024,CORRUPTED,2022,10,Q4,UK,UK,London BMW Centre,BMW i4,Electric,Electric,Individual,Individual,GBP,GBP,1,57629.33,4.05,57629.33,OK,67010.85,50282.2,16728.65,,BAD AGE,,,BAD SCORE
BMW-1935,21-06-2024,CORRUPTED,2021,2,Q1,UK,UK,,BMW X5,SUV,,Individual,Individual,GBP,GBP,1,57536.06,,57536.06,OK,66902.4,49838.76,17063.64,,BAD AGE,,,BAD SCORE
BMW-4522,18-05-2024,CORRUPTED,2024,1,Q1,Germany,Germany,,BMW 5 Series,Sedan,,Individual,Individual,EUR,EUR,1,56616.03,,56616.03,OK,56616.03,41864.04,14751.99,,BAD AGE,,,BAD SCORE
BMW-4771,05-05-2024,CORRUPTED,2024,4,Q2,Germany,Germany,,BMW X3,SUV,,Individual,Individual,EUR,EUR,1,56013.38,,56013.38,OK,56013.38,42975.55,13037.83,150,BAD AGE,,,BAD SCORE
BMW-1275,03-05-2024,CORRUPTED,2020,5,Q2,Germany,Germany,Hamburg Drive,BMW X3,SUV,Hybrid,Individual,Individual,EUR,EUR,1,55969.22,,55969.22,OK,55969.22,42936.82,13032.4,,BAD AGE,,,BAD SCORE
BMW-4688,28-04-2024,CORRUPTED,2024,3,Q1,Germany,Germany,BMW Munich HQ,BMW X3,SUV,Hybrid,Individual,Individual,EUR,EUR,1,55920.07,3.94,55920.07,OK,55920.07,41911.9,14008.17,,BAD AGE,Male,,BAD SCORE
BMW-4103,26-04-2024,CORRUPTED,2023,8,Q3,Germany,Germany,Stuttgart Motors,BMW X3,SUV,Diesel,Individual,Individual,EUR,EUR,1,55890.95,5.25,55890.95,OK,55890.95,42472.92,13418.03,38,OK,Female,,BAD SCORE
BMW-4356,23-04-2024,CORRUPTED,2023,11,Q4,USA,USA,Chicago Motors,BMW 5 Series,Sedan,,Individual,Individual,USD,USD,1,55753.39,,55753.39,OK,51149.9,39974.8,11175.1,,BAD AGE,,,BAD SCORE
BMW-5046,07-04-2024,CORRUPTED,2024,7,Q3,Germany,Germany,,BMW 5 Series,Sedan,,Individual,Individual,EUR,EUR,1,55184.16,,55184.16,OK,55184.16,42261.14,12923.02,,BAD AGE,,,BAD SCORE
BMW-1842,05-04-2024,CORRUPTED,2021,1,Q1,Germany,Germany,,BMW X3,SUV,,Individual,Individual,EUR,EUR,1,55172.73,,55172.73,OK,55172.73,41998.82,13173.91,,BAD AGE,,,BAD SCORE
BMW-3248,04-04-2024,CORRUPTED,2022,9,Q3,USA,USA,,BMW X3,SUV,,Individual,Individual,USD,USD,1,55165.25,,55165.25,OK,50610.32,37622.8,12987.51,,BAD AGE,,,BAD SCORE
BMW-1418,14-03-2024,CORRUPTED,2020,7,Q3,USA,USA,,BMW X3,SUV,,Individual,Individual,USD,USD,1,54371.14,,54371.14,OK,49881.78,36162.69,13719.09,,BAD AGE,,,BAD SCORE
BMW-1495,17-02-2024,CORRUPTED,2020,8,Q3,UK,UK,London BMW Centre,BMW i4,Electric,Electric,Individual,Individual,GBP,GBP,1,53499.21,6.27,53499.21,OK,62208.38,47786.4,14421.98,,BAD AGE,,,BAD SCORE
BMW-2182,23-01-2024,CORRUPTED,2021,6,Q2,USA,USA,New York BMW,BMW 3 Series,Sedan,Diesel,individual,Individual,USD,USD,1,52607.47,1.4,52607.47,OK,48263.74,35241.61,13022.13,,BAD AGE,Male,,BAD SCORE
BMW-4041,11-01-2024,CORRUPTED,2023,7,Q3,UK,UK,Edinburgh Motors,BMW 5 Series,Sedan,Hybrid,individual,Individual,GBP,GBP,1,52213.76,5.43,52213.76,OK,60713.68,46223.66,14490.02,26,OK,Male,,BAD SCORE
BMW-3110,07-01-2024,CORRUPTED,2022,7,Q3,USA,USA,New York BMW,BMW 3 Series,Sedan,Hybrid,Individual,Individual,USD,USD,1,52099.35,1.11,52099.35,OK,47797.56,34800.26,12997.31,,BAD AGE,Female,,BAD SCORE
BMW-4305,05-01-2024,CORRUPTED,2023,10,Q4,UK,UK,,BMW i4,Electric,,Individual,Individual,GBP,GBP,1,52043.35,,52043.35,OK,60515.53,46411.82,14103.71,,BAD AGE,,,BAD SCORE
BMW-5244,26-12-2023,CORRUPTED,2024,9,Q3,USA,USA,,BMW X3,SUV,,Individual,Individual,USD,USD,1,51568.19,,51568.19,OK,47310.27,36346.83,10963.44,,BAD AGE,,,BAD SCORE
BMW-4550,24-12-2023,CORRUPTED,2024,1,Q1,USA,USA,,BMW X3,SUV,,Individual,Individual,USD,USD,1,51516.51,,51516.51,OK,47262.85,36535.33,10727.52,,BAD AGE,,,BAD SCORE
BMW-3632,16-12-2023,CORRUPTED,2023,2,Q1,UK,UK,London BMW Centre,BMW 5 Series,Sedan,,Individual,Individual,GBP,GBP,1,51010.14,,51010.14,OK,59314.12,45133.38,14180.74,,BAD AGE,,,BAD SCORE
BMW-4142,26-11-2023,CORRUPTED,2023,8,Q3,UK,UK,Manchester Prestige,BMW 5 Series,Sedan,Diesel,Individual,Individual,gbp,GBP,1,50021.22,7.63,50021.22,OK,58164.21,45338.53,12825.69,38,OK,Prefer not to say,,BAD SCORE
BMW-1027,17-11-2023,CORRUPTED,2020,1,Q1,USA,USA,New York BMW,BMW 3 Series,Sedan,Diesel,individual,Individual,USD,USD,1,49709.09,3.95,49709.09,OK,45604.67,34185.83,11418.84,,BAD AGE,,,BAD SCORE
BMW-5047,15-11-2023,CORRUPTED,2024,7,Q3,Germany,Germany,BMW Munich HQ,BMW X3,SUV,Diesel,Individual,Individual,EUR,EUR,1,49684.96,5.54,49684.96,OK,49684.96,37869.61,11815.35,,BAD AGE,Female,,BAD SCORE
BMW-1619,07-11-2023,CORRUPTED,2020,10,Q4,Germany,Germany,BMW Munich HQ,BMW X3,SUV,Petrol,Individual,Individual,EUR,EUR,1,49364.3,0.98,49364.3,OK,49364.3,35895.52,13468.78,41,OK,Prefer not to say,,BAD SCORE
BMW-1088,03-11-2023,CORRUPTED,2020,2,Q1,USA,USA,,BMW 3 Series,Sedan,,Individual,Individual,USD,USD,1,49162.11,,49162.11,OK,45102.85,33981.06,11121.8,,BAD AGE,,,BAD SCORE
BMW-4613,01-11-2023,CORRUPTED,2024,2,Q1,Germany,Germany,AutohaUSA Berlin,BMW X3,SUV,Hybrid,Corporate Fleet,Corporate Fleet,EUR,EUR,1,49047.74,4.55,49047.74,OK,49047.74,36996.09,12051.65,,BAD AGE,Prefer not to say,,BAD SCORE
BMW-3527,26-10-2023,CORRUPTED,2023,1,Q1,Germany,Germany,,BMW 3 Series,Sedan,,Individual,Individual,eur,EUR,1,48830.16,,48830.16,OK,48830.16,35209.9,13620.26,,BAD AGE,,,BAD SCORE
BMW-4559,15-10-2023,CORRUPTED,2024,1,Q1,UK,UK,London BMW Centre,BMW 5 Series,Sedan,Petrol,Individual,Individual,GBP,GBP,1,48492.04,4.81,48492.04,OK,56386.09,42648.8,13737.29,,BAD AGE,Male,,BAD SCORE
BMW-2304,10-10-2023,CORRUPTED,2021,8,Q3,Germany,Germany,,BMW 3 Series,Sedan,,Individual,Individual,EUR,EUR,1,48299.68,,48299.68,OK,48299.68,35463.34,12836.34,,BAD AGE,,,BAD SCORE
BMW-3680,22-09-2023,CORRUPTED,2023,3,Q1,Germany,Germany,,BMW X3,SUV,,Individual,Individual,EUR,EUR,1,47614.21,,47614.21,OK,47614.21,36251.24,11362.97,,BAD AGE,,,BAD SCORE
BMW-3689,13-09-2023,CORRUPTED,2023,3,Q1,Germany,Germany,BMW Munich HQ,BMW X3,SUV,Hybrid,Individual,Individual,EUR,EUR,1,47193.28,,47193.28,OK,47193.28,35656.1,11537.18,,BAD AGE,,,BAD SCORE
BMW-2864,04-09-2023,CORRUPTED,2022,4,Q2,Germany,Germany,Hamburg Drive,BMW X3,SUV,Diesel,Individual,Individual,EUR,EUR,1,46876.27,7.57,46876.27,OK,46876.27,36513.61,10362.66,,BAD AGE,,,BAD SCORE
BMW-1537,02-09-2023,CORRUPTED,2020,9,Q3,Germany,Germany,AutohaUSA Berlin,BMW 3 Series,Sedan,Hybrid,individual,Individual,EUR,EUR,1,46845.01,1.61,46845.01,OK,46845.01,34280.63,12564.37,,BAD AGE,Prefer not to say,,BAD SCORE
BMW-1369,07-08-2023,CORRUPTED,2020,6,Q2,UK,UK,Manchester Prestige,BMW 5 Series,Sedan,Petrol,Individual,Individual,GBP,GBP,1,45917.7,4.25,45917.7,OK,53392.67,40148.79,13243.88,35,OK,Female,,BAD SCORE
BMW-5210,30-07-2023,CORRUPTED,2024,9,Q3,Germany,Germany,,BMW 3 Series,Sedan,,individual,Individual,EUR,EUR,1,45579.23,,45579.23,OK,45579.23,34426.75,11152.47,,BAD AGE,,,BAD SCORE
BMW-2107,26-07-2023,CORRUPTED,2021,5,Q2,USA,USA,Dallas BMW,BMW 3 Series,Sedan,,Individual,Individual,USD,USD,1,45487.79,,45487.79,OK,41731.92,31670.98,10060.94,,BAD AGE,,,BAD SCORE
BMW-3711,05-07-2023,CORRUPTED,2023,3,Q1,USA,USA,,BMW 3 Series,Sedan,,Individual,Individual,USD,USD,1,44872.11,,44872.11,OK,41167.08,30853.07,10314.01,,BAD AGE,,,BAD SCORE
BMW-1137,04-07-2023,CORRUPTED,2020,3,Q1,Germany,Germany,Stuttgart Motors,BMW 3 Series,Sedan,Hybrid,Individual,Individual,EUR,EUR,1,44866.86,6.71,44866.86,OK,44866.86,34626.4,10240.46,,BAD AGE,,,BAD SCORE
BMW-3124,03-07-2023,CORRUPTED,2022,7,Q3,UK,UK,,BMW 5 Series,Sedan,,Corporate Fleet,Corporate Fleet,GBP,GBP,1,44791.56,,44791.56,OK,52083.2,40068.02,12015.19,,BAD AGE,,,BAD SCORE
BMW-3647,22-06-2023,CORRUPTED,2023,2,Q1,China,China,Beijing Luxury Motors,BMW i4,Electric,Electric,Corporate Fleet,Corporate Fleet,CNY,CNY,8,555327.91,1.82,44426.2331,OK,562357.38,412386.29,149971.09,,BAD AGE,,,BAD SCORE
BMW-5055,12-05-2023,CORRUPTED,2024,7,Q3,USA,USA,Dallas BMW,BMW 2 Series,Coupe,Hybrid,Individual,Individual,USD,USD,1,42674.41,3.66,42674.41,OK,39150.83,29259.61,9891.23,,BAD AGE,,,BAD SCORE
BMW-2861,05-05-2023,CORRUPTED,2022,4,Q2,Germany,Germany,,BMW 3 Series,Sedan,,individual,Individual,EUR,EUR,1,42406.79,,42406.79,OK,42406.79,32265.7,10141.09,,BAD AGE,,,BAD SCORE
BMW-4648,26-04-2023,CORRUPTED,2024,2,Q1,UK,UK,Manchester Prestige,BMW 3 Series,Sedan,,Individual,Individual,GBP,GBP,1,41838.84,,41838.84,OK,48649.81,35375.61,13274.2,,BAD AGE,,,BAD SCORE
BMW-3629,19-04-2023,CORRUPTED,2023,2,Q1,UK,UK,Edinburgh Motors,BMW X3,SUV,Petrol,Individual,Individual,gbp,GBP,1,41728.91,1.92,41728.91,OK,48521.99,35620.1,12901.89,,BAD AGE,Female,,BAD SCORE
BMW-2543,17-04-2023,CORRUPTED,2021,11,Q4,UK,UK,London BMW Centre,BMW 3 Series,Sedan,,Lease,Lease,GBP,GBP,1,41683.21,,41683.21,OK,48468.85,35392.46,13076.39,,BAD AGE,,,BAD SCORE
BMW-2389,07-04-2023,CORRUPTED,2021,9,Q3,USA,USA,New York BMW,BMW 2 Series,Coupe,Petrol,individual,Individual,USD,USD,1,41095.18,4.28,41095.18,OK,37702,28360.5,9341.5,,BAD AGE,Male,,BAD SCORE
BMW-1928,05-04-2023,CORRUPTED,2021,2,Q1,USA,USA,,BMW 2 Series,Coupe,,Individual,Individual,USD,USD,1,41051.05,,41051.05,OK,37661.51,27630.23,10031.29,,BAD AGE,,,BAD SCORE
BMW-2740,24-03-2023,CORRUPTED,2022,2,Q1,Germany,Germany,Stuttgart Motors,BMW 2 Series,Coupe,Diesel,Individual,Individual,EUR,EUR,1,40465.19,,40465.19,OK,40465.19,30691.05,9774.13,,BAD AGE,,,BAD SCORE
BMW-3787,09-03-2023,CORRUPTED,2023,4,Q2,USA,USA,Dallas BMW,BMW 2 Series,Coupe,Diesel,individual,Individual,USD,USD,1,39703.82,4.92,39703.82,OK,36425.52,27582.95,8842.57,,BAD AGE,,,BAD SCORE
BMW-2945,07-03-2023,CORRUPTED,2022,5,Q2,Germany,Germany,,BMW 2 Series,Coupe,,Individual,Individual,EUR,EUR,1,39630.63,,39630.63,OK,39630.63,29865.89,9764.74,,BAD AGE,,,BAD SCORE
BMW-5036,22-02-2023,CORRUPTED,2024,7,Q3,Germany,Germany,BMW Munich HQ,BMW 2 Series,Coupe,Diesel,Individual,Individual,EUR,EUR,1,38814.06,,38814.06,OK,38814.06,29933.61,8880.45,,BAD AGE,,,BAD SCORE
BMW-3952,21-02-2023,CORRUPTED,2023,6,Q2,UK,UK,Edinburgh Motors,BMW 3 Series,Sedan,Diesel,Individual,Individual,GBP,GBP,1,38752.56,7.21,38752.56,OK,45061.12,34966.46,10094.66,,BAD AGE,Prefer not to say,,BAD SCORE
BMW-2741,10-02-2023,CORRUPTED,2022,2,Q1,Germany,Germany,,BMW 2 Series,Coupe,,Individual,Individual,EUR,EUR,1,38006.46,,38006.46,OK,38006.46,28878.92,9127.55,,BAD AGE,,,BAD SCORE
BMW-1278,01-02-2023,CORRUPTED,2020,5,Q2,Germany,Germany,AutohaUSA Berlin,BMW 2 Series,Coupe,Hybrid,individual,Individual,eur,EUR,1,37375.53,2.37,37375.53,OK,37375.53,27563.77,9811.76,,BAD AGE,,,BAD SCORE
BMW-3191,27-12-2022,CORRUPTED,2022,8,Q3,UK,UK,Manchester Prestige,BMW 3 Series,Sedan,Hybrid,Lease,Lease,GBP,GBP,1,35437.47,1.87,35437.47,OK,41206.36,30233.08,10973.28,31,OK,Prefer not to say,,BAD SCORE
BMW-2123,20-12-2022,CORRUPTED,2021,5,Q2,UK,UK,,BMW 2 Series,Coupe,,individual,Individual,Gbp,GBP,1,34725.75,,34725.75,OK,40378.78,30386.08,9992.7,,BAD AGE,,,BAD SCORE
BMW-2773,14-11-2022,CORRUPTED,2022,2,Q1,China,China,,BMW X5,SUV,,Individual,Individual,CNY,CNY,1,528779,,5287.79,OK,66934.05,52208.89,14725.16,,BAD AGE,,,BAD SCORE
BMW-3430,06-11-2022,CORRUPTED,2022,11,Q4,UAE,UAE,,BMW X7,SUV,,Individual,Individual,AED,AED,1,391429.14,,3914.2914,OK,97857.28,73435.37,24421.91,,BAD AGE,,,BAD SCORE
BMW-1279,02-11-2022,CORRUPTED,2020,5,Q2,Germany,Germany,AutohaUSA Berlin,BMW 3 Series,Sedan,Diesel,Corporate Fleet,Corporate Fleet,EUR,EUR,8,45879.66,,3670.3726,OK,367037.26,268963.01,98074.26,,BAD AGE,,,BAD SCORE
BMW-3233,23-10-2022,CORRUPTED,2022,9,Q3,Germany,Germany,,BMW M5,M Sport,,Individual,Individual,EUR,EUR,1,117518.43,,1175.1843,OK,117518.43,85687.88,31830.54,,BAD AGE,,,BAD SCORE
BMW-2550,06-10-2022,CORRUPTED,2021,11,Q4,UK,UK,London BMW Centre,BMW 5 Series,Sedan,Hybrid,Individual,Individual,gbp,GBP,1,49645.46,,496.4546,OK,57727.27,41629.08,16098.19,,BAD AGE,,,BAD SCORE
BMW-4140,03-10-2022,CORRUPTED,2023,8,Q3,UK,UK,Manchester Prestige,BMW 3 Series,Sedan,Petrol,Individual,Individual,GBP,GBP,1,42030.88,,420.3088,OK,48873.11,35562.96,13310.15,,BAD AGE,,,BAD SCORE
BMW-5242,29-09-2022,CORRUPTED,2024,9,Q3,USA,USA,Miami Auto Group,BMW 2 Series,Coupe,Petrol,Individual,Individual,USD,USD,1,38824.09,3.61,388.2409,OK,35618.43,26607.08,9011.35,,BAD AGE,Prefer not to say,,BAD SCORE
BMW-5248,16-09-2022,CORRUPTED,2024,9,Q3,USA,USA,Miami Auto Group,BMW 2 Series,Coupe,Petrol,corporate fleet,Corporate Fleet,USD,USD,2,39098.81,,-78197.61,BAD REVENUE,71740.93,52719.27,19021.65,,BAD AGE,,,BAD SCORE
BMW-3522,13-09-2022,CORRUPTED,2022,12,Q4,Australia,Australia,,BMW X5,SUV,,Individual,Individual,AUD,AUD,1,126834.82,,-126834.82,BAD REVENUE,76869.59,59436.51,17433.07,,BAD AGE,,,BAD SCORE
